-229.3767249623458,-167.5612308634727,92.76189256070153,208.5586377047397,66.04804619869574,-197.8835105171213,-214.7223408147001,101.0274986723223,256.2115080741838,117.9228101803692,-166.6711465355063,-221.4162247389069,22.44325914714671,189.8369892551385,-4.43968659185375,-131.4593433591467,-104.8075080475891,54.32088897922561,126.2194689409805,29.22770759152081,-130.7619261697731,-111.3104756135185,42.52598244766919,123.1701162518514,56.93153076634714,-80.71381995193524,-115.9902698133243,-15.90356304945589,96.61038667955805,145.4832479106528,21.0248728839866,-130.1315325905939,-147.4013345190893,41.97638455718645,190.1509314137301,65.64825639382455,-116.6111300618615,-172.1419139422549,-49.86682536656573,150.3824476184629,125.1008174233677,-20.51620765518474,-138.1044058181561,-25.56992637331264,123.9922531195075,116.8147412917834,0.5069941433766091,-122.3309453422716,-84.56501527886329,44.21513657554485,98.28510108281674,-16.40303155061026,-54.41283137318165,86.12246789778017,-0.8820240244070908,-125.1409103348164,-53.33189394286433,101.8123808296415,74.40997475408936,-139.0124633791587,-212.6304458484315,13.99807147560362,236.9684508326479,102.4756904388467,-127.3376815543669,-229.5484502664347,18.58751439083282,318.176191646652,177.4411589173301,-178.9015197446755,-385.5558284386632,-168.1357306894696,227.6587917650742,371.8249115313279,79.40733445874622,-318.6724182884755,-282.4225455934264,66.24324070882133,288.1535969287271,170.1480204832868,-161.8320659626622,-325.9902144571261,-86.53224349846172,258.3962280893758,290.4140753010066,-58.17447369485168,-320.1642497181116,-189.198707312893,135.2895120626086,268.5768912619067,134.1615590909654,-163.8507092811003
-177.7965177562145,-202.8924323853099,33.76330809932687,217.0641579169209,138.125249965872,-148.1937439138347,-258.6931088684107,28.25978611300617,251.0063658221104,211.3163859138639,-103.4009157404277,-274.4548167335207,-61.31446081193743,205.1768072080699,79.76945890787616,-103.1846006448301,-156.572408928276,-3.697534004706328,144.737628552644,93.75897501519341,-108.6738483301632,-155.8810438038834,-13.26152310480798,133.8279650033637,120.5979532002466,-44.90264725691301,-163.3697090655389,-82.57360403497059,81.95040774286851,173.3339613353094,52.45042047824992,-133.7803859242984,-197.7764892763326,-35.05048562645226,193.9307715326109,131.6290153771489,-61.30205721967857,-218.7634898562678,-121.837211380214,152.2389550832922,180.94239581257,12.25246594425624,-147.9282843578753,-83.3119428410547,111.9288222500457,137.2814714701895,45.27936779278955,-120.5168645471494,-112.1600002823598,4.037503849180388,93.05131239235085,-0.6409337142854673,-59.53605646930652,94.9914593510309,52.74903579269441,-92.45450630911577,-105.2475180148999,42.3070789479189,114.2682207487009,-47.34028382836583,-216.4899431842318,-82.03441426075715,178.7820760193452,151.5172212782558,-53.39213791042253,-229.7754946465337,-79.66531526212407,248.9689813808066,242.0534239700322,-49.15588124062515,-351.654470948728,-270.2620137661693,99.10895238145713,370.8428349484565,206.6830726335834,-213.8027794110908,-345.8731034905472,-67.47962738267168,253.3046826117896,263.255978382654,-55.80181548213758,-317.9591305340073,-186.3554986349648,210.988740718761,328.2021595158981,45.96974304703977,-287.4592318129202,-253.446398980146,65.66557857498927,275.4838222818452,195.1557511608557,-107.7997079005858
-110.6477141282849,-205.5511089972069,-26.150627012297,197.7356273512047,193.345165009941,-81.23704789561376,-274.4888647482094,-55.12247994849707,207.0965141923332,282.6294443243651,-21.48337603173206,-289.7938869804064,-145.3343191820344,183.1661702489967,152.270436198138,-51.63261230152864,-184.7847599007169,-69.12179553204882,138.4615952941194,151.5276046367639,-58.75053457306492,-176.3167913080715,-71.04391968814399,110.3697253253461,169.3062281051822,12.25665416106016,-180.7192236940235,-150.5300279306201,40.63220572771882,176.1641920564748,95.30272808345975,-105.6738642362718,-222.3375642368525,-114.8888423109704,162.5684897576515,187.4738295333269,22.27985591001549,-230.0247010228141,-199.3308694740061,118.6146660514753,221.6440963038657,55.59808057060241,-133.5338143896738,-138.0871192219406,73.70223610617981,138.6349579070892,84.56793341888877,-97.20995982942406,-115.8781929564069,-34.68472755133637,69.74879751442496,12.74791117206679,-57.57548661456945,93.87163891726372,94.0452356620743,-40.26580341870742,-126.8631628328504,-20.91411905178267,122.5524279126953,47.26148738115317,-173.9156633862007,-152.5948903028198,95.29461032473036,165.2810728720342,18.47269857184587,-187.1219530252839,-153.9671680673847,146.0320752463262,252.053171645705,75.66980449560589,-258.7690637840263,-315.2040393537719,-36.18164942050698,298.8573593572241,290.6585394836396,-73.56454433472194,-339.3780508548596,-191.6741066860635,167.0618133502002,314.2107528686328,65.75420055559466,-263.9569307604665,-263.5485229217307,129.0591172518453,323.7366011173343,150.5164768120368,-220.6872757088181,-293.66697793824,-15.64349023519586,255.6671337056075,240.915399571461,-40.25331225635733
-44.54966698074155,-180.8179531391806,-74.19866901901526,159.2308583736338,224.3293867614011,-11.71506376171393,-264.4819115132358,-135.8057957877306,137.8449538038047,321.9024742922646,61.10406199245422,-267.2127072122436,-212.0065095657887,131.3241385478231,200.2631794808639,9.379009551921122,-184.0973765197171,-129.6649549578757,110.948800331696,192.4697533053815,8.18506122912172,-172.7401943430154,-119.0501023522945,61.08030606162127,193.1953369577524,78.34274856633718,-164.0992668701244,-205.2464714295753,-18.73527055294771,152.4324709008547,140.6504301813433,-50.24453101935637,-214.9767417510519,-180.7166208131762,102.9137763215976,222.337878994356,118.4118359523464,-199.1042484844544,-266.8464275531185,53.5452287855359,236.9021006996401,100.2358432206428,-97.12805576668711,-177.4178602486644,17.78390384203017,120.0928988928428,109.5090123338339,-57.85611134215162,-93.9950957742859,-61.51277914293863,33.00963381779931,19.95485894653878,-50.17573903518457,85.82102842252696,115.2893050411161,16.74727590769336,-117.3655579438529,-75.02497323606785,100.4743917515326,124.2479185404296,-97.12016974598001,-181.9574778157472,6.435527627566489,142.4576540307843,72.5509693686203,-112.1642514851423,-191.3004048823191,32.81382816416362,209.6624848351576,168.2115321856476,-129.8503500908336,-294.1063512961466,-148.0627764336251,174.5813542940175,314.3491324227568,70.63235281924045,-263.4582030969298,-276.6359489908958,46.18087788362085,307.7062642607488,175.4613537857062,-172.8120631590252,-298.1046846975194,28.69800009308923,273.8089732148247,233.709648455614,-132.4321062801572,-299.4861383431173,-91.99473845884187,210.1422929128556,260.8459062674424,29.77952938900065
6.750630964582808,-141.5446040132613,-102.6921948981422,113.1665375063462,230.4730247214517,47.45328972993895,-235.6475255533886,-202.6889943949861,60.25892393828738,328.2934212891286,129.1596990518531,-215.3568612169039,-250.3727689182165,62.73340446424498,218.1222054526724,65.26380275710638,-155.643615463115,-175.3014960622963,68.93667128437055,211.538020479611,79.34559646724729,-149.9206387638785,-149.8634885854603,-0.4711882694136623,189.2781286047692,140.3371480476941,-118.4142597665742,-236.3289386715149,-83.64503949840434,107.4764992165548,179.329880678363,21.3384551430274,-177.2376562095803,-220.1265366655767,27.38527143076216,230.3126632367687,209.110270368957,-128.9947056565337,-310.5164603723502,-31.50810460641142,222.229707621136,136.8832927897359,-45.87150512487373,-192.9024303883387,-43.67491437559844,85.2910745599907,114.6162565158106,-11.74475671863206,-51.06268597154974,-69.7758612230037,-9.28982126369465,19.36829348915661,-39.70907161560941,74.80863415981133,114.6531299056,63.43472418010997,-84.21285751765775,-110.836830574964,55.98612576874392,168.6623683386469,-6.120724096220093,-164.887814117259,-67.67641850317737,90.82272927440864,98.73528243470221,-22.00188027017055,-186.8929516172057,-66.36363706390878,129.1093142865535,209.1308314178448,4.012943691680888,-213.7100399154636,-213.0629485767205,28.4876393276423,274.8495762137396,187.2555000916211,-135.2444624583939,-301.4983512015238,-83.05607430959624,242.5538862739597,248.0380316472665,-62.35156816355514,-280.092186921971,-68.39086801882927,186.2603645512115,277.8184653287264,-40.18462531452668,-269.2049425037854,-146.9905652068815,147.2426709147547,249.6257983240203,91.57584982923224
36.01927416712913,-103.3240531868741,-110.4380656466385,70.49552438520553,216.837891277841,88.26910018112096,-196.5491585757331,-248.669191846201,-10.12657622992807,308.4371983300218,174.0898843034089,-148.1666946834831,-258.0568518574187,-7.998466414828444,207.7747159736989,104.5777573316529,-106.2212272146658,-200.0644807355536,20.15906672694538,209.073322459625,143.2124754074977,-115.1736553152986,-161.624610167245,-59.58578149110398,161.5707779174311,187.9019488698641,-55.61191563971575,-239.9132941776482,-140.9552234318573,51.79239400809329,204.061963807081,94.30530785522204,-117.5840718848061,-227.9086574890573,-49.60214247998859,211.0972822498862,278.3657166031626,-31.54769642292363,-321.1875356977823,-120.6320458202721,179.811327821035,158.2707797788497,10.33706076328066,-181.8254815650915,-97.92547944683056,40.88350574683948,98.62812692888299,30.30568658469432,3.550111134813043,-58.02201560348794,-48.25979936344181,11.63361329439206,-28.83570549211961,64.44362483757062,96.58227949134236,88.73754688357138,-40.23591060921989,-124.8067281035724,1.082488689907616,174.4494083934602,77.08012905640835,-107.5985037422303,-112.0212628540753,24.55695719803489,94.38254132451243,64.08795911152112,-144.5040157842035,-131.8061982763475,32.34549789319522,191.498736399831,111.3995690173361,-94.32410275569511,-219.5793534639626,-105.3742476334279,183.2091904755456,252.0016962639593,16.19237534506575,-259.3764312419515,-191.4512335493674,132.0296548049953,266.7580692445813,44.93561467775896,-212.2244660383906,-140.4857926935525,78.27552387740079,273.7282181973654,38.02135488103674,-210.683356164214,-169.1734487112811,80.69161703042235,209.2527576081455,135.2983007971703
43.79242364212433,-79.08783111489741,-102.0941659028518,38.57390212235343,191.5728680218904,108.9847769300014,-154.5067995122188,-271.221563613223,-63.23755565714056,272.8046133070027,195.213851306347,-80.30041310677895,-240.3775681800893,-68.52561285219014,176.9513482012756,121.6505032613905,-46.15088684937817,-202.6429160513248,-28.56470743333521,189.6231024769288,191.957510375566,-75.98387267356938,-157.4905771788835,-104.4753105081806,119.2823083237818,215.539211700177,9.019891134663563,-219.2374340972883,-180.2446961937402,-2.054692554026086,210.9740028822812,154.2304240941696,-48.91608225231744,-206.5425670969878,-115.2468236086588,169.2954862228136,315.4480904842087,75.58897405151625,-296.2602540673113,-197.3656431887988,117.7198178519219,160.4452217831276,61.41180810039783,-147.212757924592,-134.4501105599411,-5.259817899879479,64.33148336974288,58.5030128815815,58.20278066037731,-29.8568683681919,-76.33033353122677,-0.9437213452717786,-20.12430952774571,56.88331122694839,70.24844280053226,88.82208166734355,0.6898863510865526,-119.2056327273069,-51.69067471925441,145.0840271716545,134.4948192353682,-25.54664146483242,-120.2468710460952,-40.02606151902742,63.98385389673345,129.1934695158299,-74.86043895757955,-152.4192270652774,-56.75529639288693,122.0874743403393,168.2993068147711,35.54628242767904,-169.852789550097,-197.9977174849302,60.99656253248751,253.0632871681169,157.3350878219359,-158.8613131568709,-254.269451162328,0.3602662106540532,227.5516537726926,127.3073879266079,-109.0069652496173,-171.4566164597541,-27.78588063904658,223.2858195731847,88.03239403969577,-139.3051186121239,-155.4052336495142,25.82689397837173,149.0440620616761,154.5480308381375
37.03685921888542,-74.93456672577733,-85.87889138302442,19.72315206871108,162.851006839556,113.3969689453113,-113.8667231724976,-271.857721237017,-96.22293017414283,231.5171747234609,198.3925964932806,-23.07215044394076,-207.2968194275673,-111.2597790052966,136.0780891273237,117.2912096000855,13.50398665612128,-185.8174170613332,-72.45535135510985,159.7714470011783,222.4692715963523,-38.06208109646764,-143.7167173277805,-129.0438927874243,73.73351200129898,223.1624322579101,61.33798791838478,-183.2782546279792,-196.3949790637801,-42.97965045562676,200.1966168367959,190.6651608816705,14.88535736508199,-164.5163720689397,-161.0145788348084,112.7818212719952,316.58255998201,173.2358503002397,-239.9786409811679,-248.5036789376138,47.82762377793483,143.2389952173205,99.24492577611973,-96.56956409661402,-146.905706321971,-45.68598821401104,17.61119568996382,66.26055351304929,101.8582067462097,7.616249820002675,-89.00851243513269,-15.35569706729623,-15.71945585102154,52.27525343555877,46.55755080883136,67.82913850943966,27.94653506727356,-100.5636255676869,-92.44884692701541,91.57402932965468,156.5595403585311,61.14895929040554,-95.58413128762773,-88.97386184900577,17.01974132654631,162.349173488344,7.168138436449082,-127.3650676030889,-118.117750120943,19.34628965857478,163.7727241364274,146.4152328767168,-78.45418225655176,-232.1575734143128,-65.35608067976911,193.1345685524045,258.4583030335903,-21.57822439290974,-257.3769141037245,-123.5826895511043,139.7025699591425,168.810076775988,7.157769960443749,-154.8742773110399,-109.8538929357442,138.7981602340252,102.873081288859,-73.60299476772541,-111.8744453240283,-4.887104613705394,83.46774271341395,148.1004117358774
25.85672929744252,-88.50964432875145,-70.4968172611178,11.55759267770907,136.3638295302283,108.5236518971486,-75.79551247464026,-254.827100272071,-112.6996261882961,191.1056028825949,192.7245056407883,17.91162411458154,-169.4809064519159,-134.0796079657075,94.91583949173979,97.55076217141068,63.55262740426067,-155.0653186019495,-108.9362029522475,125.8016103848738,235.8681372772633,-4.330364604782076,-127.1021657343814,-133.7231760029144,34.99357889682683,215.1088624436914,92.28273329070308,-143.8634382492023,-190.7087757506789,-64.36634169184175,175.4467588139934,199.4770436560717,62.39876733235837,-113.2346847820932,-183.7603096014095,50.72813543071862,284.822684474517,245.0134412783102,-162.2410077207654,-266.8731681247291,-16.98471344222772,109.9915451231073,119.0219927744429,-39.84110384575926,-133.8989388259851,-74.46131115559892,-33.89426870702059,51.51779705556716,126.5217821767488,46.13660846792528,-85.61108006955915,-28.84197243432189,-17.03781328624356,48.91108004530212,34.66907252153599,36.08383712891682,37.08144735364133,-77.0494410712035,-116.0207945724791,28.66015490058244,143.7650104363839,133.2435434338448,-49.00803210348538,-114.0734765437003,-35.13276106981919,160.353397801645,85.87156656579657,-65.27554011863882,-139.700892435161,-91.34503274747398,102.101821748314,214.9459023670475,32.08193911236705,-205.617857047197,-170.878759110338,87.86496226170479,300.4533166205525,123.4197589125792,-200.515096846861,-213.5738578717453,23.0766682092543,162.6882822457495,111.7147993230426,-95.53917031984246,-151.4341224697838,39.86290041421766,84.07430516078715,-29.8784530755984,-52.38154437816418,-5.642999611132075,28.35749865959919,120.2720968574373
19.48496669176893,-110.3573703840661,-62.29985374503999,8.774663396565128,114.1212981882103,101.5681066482977,-39.4243995255654,-225.5544928297932,-120.0268315457542,153.2237958658251,186.6294709344236,42.9206755770345,-134.8917236187935,-139.3809404312073,60.01532140182345,71.10935686701147,98.4421082440075,-116.8324117601847,-137.0085427229784,91.98307039108582,235.8672896875926,25.00185805209321,-112.6617585085218,-124.3021318959902,9.233063850305001,198.0662196034131,100.1257134750141,-112.087790630534,-170.2429209749373,-65.65170023924114,142.7673817972163,183.323913677161,87.17640976838116,-63.61645215777941,-185.2701968090591,-8.175966383002129,228.4403176146836,280.6859495495502,-76.3194921442967,-252.4882209503476,-65.6272793231971,66.72924588097396,119.5694909280213,12.78371137331935,-98.66274277130697,-87.66854350074685,-82.16720674647989,16.95758984036128,128.6790513565232,78.61146820045437,-68.87526832285978,-39.52599932135832,-24.50601370672312,44.02916548266397,39.13840519594306,6.439857786185044,30.48789454301514,-55.72466641132707,-122.4012359829592,-29.5064028454599,105.2442860569791,177.2366726319545,4.6330330159561,-114.2237632297811,-82.22063101128195,127.5573157950463,147.7241828467901,18.51534718183834,-119.3903364932646,-183.9094099743943,0.9760546177527629,229.1678775547446,137.170200748755,-130.2370911722322,-237.479450693021,-38.6400524587748,278.5814748258271,246.8461389844041,-96.9124566954483,-252.3070432865777,-97.22773855422633,112.3980340381533,183.9327839708294,-8.066117043103857,-145.344785298416,-51.57332778681246,40.74890344616755,-17.48877871607911,5.620222197888761,20.87438505071922,-3.403278708092334,79.76756964667851
22.95251554112874,-127.6676572939507,-63.53455087446929,5.676679807088793,94.79380414250588,97.2334668508631,-3.689865627392956,-189.2736749022234,-125.7433310252835,115.5439801460651,184.7365948355745,56.3561963071574,-106.9728002111335,-132.0903245089685,33.67916862202044,46.22949884597056,116.7917569621578,-76.98002396659815,-156.2679319676665,59.98751404015096,226.6705939831063,51.44888358894779,-102.2357814450314,-109.2922021628156,-2.491129117783507,178.6546281629149,90.40177699560563,-95.06589189452228,-145.5132168841536,-52.07386072704075,108.8077004521161,150.2474123110027,88.7379719403427,-23.43934858136865,-170.6443684486009,-56.97320109375095,158.4773819967174,277.7994214698471,3.93455998578105,-211.9391038342287,-90.99198816717892,21.02804629848352,102.9147021037255,52.71508950135026,-47.9522835517857,-83.46504017855679,-119.9697853037268,-30.84683961281377,109.4970677795501,100.7212492445604,-43.70300762409025,-46.58883228236944,-37.39630190589055,34.98288742750231,58.58761310146524,-9.990255416817766,15.80491348837411,-40.56154436938083,-115.6923718759891,-72.90308241878111,55.00219190901763,188.256293707044,51.23801421308215,-94.60384083624068,-117.22848663043,73.90824751189484,183.575943615622,105.8581531798899,-64.37839543086079,-237.7370096905139,-113.671659663619,190.5410732234524,216.0461659537884,-27.55301201428832,-257.2323201597664,-159.9847235368047,202.4056149889471,326.0419106141239,30.53703200193221,-235.0215211967454,-197.2518659105938,30.12532837309743,211.5392340635862,87.03228034700474,-95.00196639355575,-116.5791471385609,-13.24814688254113,-36.28211923744969,46.0555055590741,64.2596326357266,-5.431651704001253,37.31450788838912
35.51573958514563,-129.071307734831,-72.11317670385434,-1.471465132637509,75.28703368175965,96.25926243387549,30.98428385550083,-150.1616862465798,-134.4682554951462,74.25403700399949,186.5978325447282,63.97677108874623,-84.81719992768066,-117.4858219601484,14.55557602782907,28.26797570994932,120.7085317711468,-39.78935358111166,-166.0673007883647,29.49820104528055,211.1936893677182,76.7802532013033,-94.39386547517454,-96.76507393058645,-3.778795183979332,161.431466682017,73.60714123900313,-93.9702549818455,-127.1990054714215,-32.69144793656048,79.13921752302642,110.90919242358,71.90396963437819,3.885018515424329,-146.2078794104147,-91.06303874797837,86.19921153980125,241.3818545368168,66.77570259429871,-156.3163805039715,-91.1253607440032,-19.25652239327756,73.39716616739258,74.16770226867894,9.430809257568388,-61.9700595317127,-141.6929409270995,-83.07283508116906,73.90928238769267,111.4071690854716,-15.53250978510438,-50.0231024260063,-53.84034457244049,20.3672293559994,86.3090215006787,-7.321574520216376,2.736648552188353,-31.77111162687323,-102.06059565915,-97.46028698740932,7.146543647962715,170.3025921952842,81.40269581303075,-64.13749208869915,-137.1705291398831,11.93982509469014,189.7307724701957,179.8049406679987,11.50256169603061,-242.2919036825691,-214.6884867754916,112.5136868243664,256.1570557702992,77.66840234575139,-232.9482296421957,-253.7072444108017,92.19392605453112,349.7651471049846,155.3685571411503,-169.6671537762319,-259.8153268920033,-66.64294822923851,192.9124288992659,168.6537542382686,-13.035249273247,-143.5985869824382,-63.22826905557178,-76.9912276123288,58.81142824973951,109.5997035899706,20.47634960230812,2.776754429356984
51.2717602933139,-108.8433966112839,-82.83797672303056,-13.01502114839839,52.84567630127936,95.58780593113582,61.8869136334784,-111.0696431664952,-146.2882923036526,27.03468199081498,187.5344979480365,70.21962663922889,-64.96177325728661,-99.58102122700437,-0.5725738201222346,18.48003601223046,114.2546790539441,-7.689619786714462,-165.2213980176173,-0.3615035014816466,190.2287011980547,101.6145839480333,-85.55231506534336,-91.68898694092503,-1.034615947576048,147.8844533455957,61.42711300832961,-103.9447282418284,-122.7994290478476,-17.29314150559419,57.07730384988248,75.36100305548077,44.79106357022133,18.96598289016827,-117.6532739907634,-108.2943047328453,21.06755867980706,181.9711105123468,104.599261494991,-98.30064307148585,-69.23196205077329,-47.25271275698558,36.6677734461982,74.68156344907048,64.1325666264875,-25.19328928824006,-143.9140205467963,-130.6322255836438,28.98064789927945,112.2531660636729,11.11253942018164,-50.16126025021567,-71.08455935349899,0.7122275785515269,112.5776569333119,13.47916422007481,-0.5353538050014632,-26.49585500825193,-87.45729429868091,-104.8627967195082,-28.31503471477681,134.0088688501999,92.57489962081058,-32.23160766368737,-142.6278725068784,-46.41849319484724,167.9023246150288,227.8868711441961,91.60748570789153,-199.0954855615565,-280.6473519409305,16.16076824851927,255.128637714913,164.0139888638838,-176.1494295523653,-306.0454099449244,-27.01345114609923,319.8080185343619,254.1784796548232,-73.79317504949299,-277.9655053363153,-159.4937569021997,136.456936861522,220.3435010402001,82.27504761592029,-130.6958713855933,-97.53694681995964,-124.4588232499529,42.47774362109379,142.1621509570378,65.09559405230451,-17.391391557558
61.63673666863484,-69.12842303582403,-89.56837154216851,-25.82130511391367,26.85751447088971,89.99852314899807,84.43178551408545,-73.75496744951388,-157.0598548813653,-24.71409215042048,181.1485850078024,76.57149771409252,-43.90799003972421,-80.49978797618766,-14.60804135679265,14.37554657095792,101.6605444369789,18.36026112642465,-152.3974813079697,-29.44303733796048,162.8050956737797,124.5626587479759,-71.84297309977157,-94.56361022657272,-0.9017445937528681,136.6235628515768,62.70746475182153,-115.9347915744221,-134.2589344627461,-13.15397620772993,43.31694581974286,50.33385272177159,16.13634191150478,24.9017862500092,-88.9155620620339,-108.7105333440628,-30.41141175681117,112.6236251966427,114.9638845020703,-49.19312170745486,-32.61074168229705,-58.2033545974709,-1.208609150672704,55.07728198165407,107.5452120372382,22.94878582662223,-125.7224520397714,-166.0097398275677,-17.91893638675593,106.141761762007,33.47586985782821,-47.23334486523187,-85.98946361445887,-21.49814425748774,127.8997371851415,45.25487670722211,9.876876703690337,-20.45988248558255,-75.81698325629218,-100.6736243453246,-47.85309428566592,92.78070332158703,88.9106221391451,-5.889193314815691,-136.4720706253308,-92.40736056403593,124.2388718646593,244.0736574971029,160.442494123814,-120.6920041898459,-300.8704233371616,-75.77502882546392,220.0543774156605,218.3659450368525,-103.1887649466619,-314.1820410795179,-131.9632447555882,249.235166366379,311.9875813569382,30.76279396169232,-255.4699144591857,-233.2449830693111,57.55968830714916,234.0539161345166,171.7039876526363,-85.18547662133747,-110.3206825796432,-162.6603302214789,4.399567218899706,152.0784056032934,114.7606467806709,-21.57819830876019
58.75747230094145,-19.4960120993551,-87.57573647959023,-34.48311491075668,-0.3040768633774981,74.56285730197965,93.61679067531287,-39.39705048227508,-160.3650721428221,-75.28783894932717,162.4647870341313,81.45808481777961,-20.29694289334611,-60.84266118434181,-28.44006437587393,11.36224203260334,85.89870971327439,38.09894860476818,-127.0418321294218,-55.53611016192532,127.5524985359955,142.2158083014725,-51.05700981500932,-101.6997755376638,-7.836988144675622,124.5906672390385,80.46164141153622,-119.8910067251594,-157.3395430686879,-22.65366724344847,36.43481271057808,37.82996569953752,-7.240118962444902,25.2756163609814,-61.95871817141014,-94.12572733680442,-64.91150626280795,45.74759589453537,100.4720805673057,-16.60521146736494,9.172626027323494,-50.31670998062279,-34.48460583019881,19.02395761320735,132.8396495686075,76.6626821330143,-88.84383547197837,-184.5464579359339,-60.63690601798011,95.77038261687045,50.65988331233099,-41.16532049236282,-95.6904827880567,-42.49070916310892,126.1345245280193,77.2659509798232,32.47264423932744,-9.895602167154509,-68.19769734983511,-91.60125748983307,-54.39217916315273,58.57105155643985,79.05578814095441,11.94461839144241,-122.3722022102042,-121.8366126258689,67.72291971889099,229.1954943224112,206.8657948570223,-26.95350432155218,-277.2791325830023,-144.7746643157504,164.5428756842019,238.0459317360317,-30.64115479330777,-285.5962974667119,-206.6249012071549,157.938561146675,324.9678076263669,123.77222648526,-204.4486111552011,-278.8721809333447,-25.87612673247491,211.4645856162158,239.6532322805338,-20.88161837317215,-102.4759049177095,-179.9065390828477,-41.97370869409228,137.494286514201,155.6918397405206,-12.90317281150936
38.66147801014954,25.97437954638034,-75.33353211728407,-33.35852284990953,-23.68196760698759,47.02390100023845,85.9552161435675,-9.142624104350775,-150.3125933767796,-115.9788395871988,130.4945180846674,81.51622228628148,4.104338315133222,-40.67945932988712,-40.35535279678745,5.004834114098026,68.06238272513785,51.15932032466335,-90.45515273433465,-74.37103145129532,84.49429056112312,150.0078394388786,-23.99225230010127,-106.9572514173675,-22.59209447191097,108.7955030930543,110.8814264239629,-108.354357468742,-183.0155816873819,-42.52530884152209,34.0312886912136,35.36893645246299,-22.11319286853697,22.45026557484892,-37.33243836362158,-67.64454489190925,-81.78143206651757,-9.432013333707802,67.6221686116193,-3.298383497168191,46.45051070555991,-25.1648856303055,-58.33912431235805,-27.63191647373691,135.7459382757745,128.5875254744385,-37.53287686324862,-184.9335278404393,-95.12530882870763,82.60197364297463,63.07622271521861,-31.70398433920696,-98.26274836028855,-58.32649812907002,106.4873590178141,98.79568232332313,61.17325776219644,6.944372219425953,-62.97548064081508,-82.89679605591714,-55.12518234368348,38.54558782359695,72.69005109766246,22.43950310885029,-103.6057262144392,-135.1383702010275,8.289344032384115,189.9439336193581,225.9313471770696,60.26762582297081,-222.7354778440959,-180.8188569738274,104.4792655125099,229.871940801586,28.81907379893097,-234.8899699569509,-245.1796232889448,66.87080188174806,299.9699851113159,191.4372448879683,-141.0313194602287,-294.5915595990545,-98.03639982181494,162.6048971717194,277.415884489832,46.15004878876501,-80.59824828819984,-172.5422381100265,-81.61475999841025,105.1122945301511,178.3085889625019,2.383182062751065
3.090627431195398,53.09387848163281,-55.21557681354683,-18.75308957925278,-37.21510721407518,9.261366114856337,61.12592391560855,15.53191770871367,-124.1395402774802,-137.7995090731064,89.26963576752949,73.60993507524573,24.92899521501268,-20.61642417819984,-46.73841336573715,-6.935599388821162,47.68313513437558,56.57624123332854,-46.53383166189622,-80.75395022509778,36.52044985111309,143.7081932998026,5.256827407784243,-104.3045531864301,-42.04684760788495,87.94500885740077,144.6847300281172,-79.26979557023887,-200.536731854567,-65.01197989646391,34.07257708976179,37.70898319431384,-29.23449177150539,16.72569497477957,-15.13848998625078,-33.17431019658462,-82.15041506855145,-48.20675037036113,24.95738586248758,-7.33920697805886,71.48991133422808,12.52576564966246,-69.42109756457657,-77.69554179055571,115.098772718788,170.5800056161702,21.83490960467971,-168.9023377731141,-119.5957839047861,66.61024196953686,71.58791656271207,-18.80137309214271,-93.20231980261445,-66.10311334847715,73.75707997912396,102.5399128618305,87.60696834674285,29.15177112429072,-56.87310398164509,-76.70300576293452,-58.08779286662898,33.52449222920257,76.98609190501246,29.53632204410121,-82.45272399868328,-136.2525688672249,-45.00585790357121,136.8199753865609,219.1584500401172,122.7380178455665,-156.5163822040596,-184.0283959461819,53.69305969758439,206.710399924614,69.05382688617686,-179.0750007793326,-251.9828323579981,-7.414204786200933,251.2201315829818,228.8983489531607,-80.41640321677205,-285.0119792830882,-148.7344849919846,102.2871908831735,284.3757062855063,102.0726564379575,-54.32805101927381,-145.9353489688854,-102.8926551866096,67.87335310406679,180.1497056224437,17.45020306269689
-40.56209362224911,52.02624931859639,-32.93374946489466,9.462058604511855,-35.76568688618641,-32.66977606682426,22.69663091498141,32.76471722130635,-83.70335489156076,-134.6427118415144,46.97155955318399,56.71966950167084,36.97039420074765,-2.424857249855437,-43.74548826655867,-23.39881528235782,23.78330352201632,52.82099277942462,-1.772168371557034,-70.48914850780676,-10.13107049556022,121.1016454779795,30.18484739691721,-90.32920376523177,-60.39928360989193,63.39361242990734,170.3828478402442,-37.06720364621968,-201.2386577683341,-80.6124937772105,35.91855013489928,39.39751764728339,-32.37827920718048,6.555006795289263,4.022774416098894,5.05489204709354,-68.0044036839076,-70.31281099106558,-19.0190747698146,-23.3933630397941,79.98087024148511,55.75588762142137,-66.31916050334029,-123.5776355415125,73.10906256219785,195.0009187189755,81.52616570369449,-140.3048323762158,-134.070405359414,46.8514222732956,76.74455281031413,-3.07085879559368,-81.57066643723957,-64.83358959530077,36.79899694474566,86.71629642169093,103.9728933684286,53.50326334216571,-46.3924942922671,-71.77066761319355,-68.74830950127998,38.49401121163172,94.08566855293606,37.8346640614409,-60.16871171382667,-130.7879137047616,-85.47416088313204,81.54146324782435,193.3641602213782,150.2567564586529,-98.32839545585678,-163.4193516442859,20.64555597676382,182.7393083941615,91.05043834457959,-132.6548013226518,-238.7693644071157,-56.46828098446542,195.3364117294794,239.9401143803222,-32.78256928451591,-258.7776071761501,-175.0636842461852,45.46743043506355,266.9765843321624,138.7112748688552,-32.94405425297299,-112.4266120938411,-101.4088396996501,40.46298343563961,166.4339599322845,27.52846948685914
-81.15931052094447,20.42107563622799,-15.92228663882826,47.30383132933351,-16.99731554993114,-69.95796926764363,-22.38520825871234,40.57741277513804,-35.37951532164653,-105.7354008566278,13.46775014757261,32.93547321799647,36.43417151367642,11.05580476654566,-29.27079243393852,-40.22530310466962,-3.801928147888787,38.38199110099694,35.65083729633531,-42.41268947261003,-46.73319621052678,83.32824677566013,43.68742763925169,-65.86548774057293,-71.29292387300214,39.07775264031144,178.4152936109498,8.439447320684248,-181.8686027985251,-81.57411666972793,40.62164348034288,37.24606404406246,-36.40961238220526,-10.37573254053776,18.48054267258873,42.9347542156534,-41.51332309325192,-78.6469233742981,-57.65243846369995,-44.71004670074595,71.67764901811996,96.70556412959073,-49.85445233119691,-158.3336600310894,15.26041803791984,196.2961707399668,133.5402695216986,-103.916810658088,-139.6096534235295,22.57191003663622,78.42520511254753,13.91556279612698,-65.74307386856169,-55.71514640614107,5.741638965753021,55.31630662052264,105.4690906104133,75.52673623841486,-29.17469097111236,-64.4654682340816,-87.77046728658456,44.85665370463093,120.3151677039308,50.52157214225147,-37.31996892006042,-124.0232243511803,-109.7097114646315,34.46122499203499,158.4622548227445,142.7734540801132,-62.61689186302554,-133.3204299961648,6.899627559173871,168.882424491823,101.461023279259,-103.8291850354722,-220.0964895411344,-81.02312814958771,146.2363762075182,234.2480808844399,-1.160156478904707,-225.4850775982363,-180.9149434954939,2.928932589039575,235.9103417096367,155.0153918092807,-22.26235969277978,-86.90334729799046,-81.44879379543471,34.07407685128722,148.0344588778169,31.73295493183988
-106.9362647068607,-35.70608522961655,-11.16285148053772,87.37402537597397,17.51997095300329,-93.46843701215859,-65.39980132017075,37.39175550281591,11.56091092133251,-56.48842224428665,-2.877606435901874,7.16135239278897,22.77412173179914,16.71259156456341,-4.411729471815432,-51.56547649897981,-33.39316770913241,12.7035684979545,57.57033290930131,0.2396510123834033,-64.1547532008492,35.41970741377845,40.26388614322261,-36.1974973227785,-70.17686264292659,20.43236174287246,164.7879152368468,45.09538456500215,-146.262894144029,-65.00626498150986,50.33511991121714,31.85485391831605,-45.02163257318023,-35.67862994709792,25.48338459425135,76.83121848259756,-4.754070551311295,-77.28624491869242,-87.23420430431034,-65.20541937868661,50.07459768358852,128.466629403649,-23.04109704407126,-176.6925822242145,-50.28377213910301,172.4676031868319,170.8838697969817,-64.33235438660726,-137.54404395455,-5.642093249155198,76.00430319465971,29.6688402069694,-48.8251308009303,-41.71387752832647,-11.11754356288396,16.56581951206258,91.51147629248639,90.83039955031747,-4.912967983712491,-50.5784228509057,-110.6391590324395,43.6163733793156,147.2963601553541,68.04052320311752,-14.19645180738238,-119.2858561326786,-117.7882397660679,2.498441571480772,124.7861058056494,109.7155509153444,-54.76686976398526,-108.6047992979203,7.619406114640041,169.69773462105,109.623335732237,-92.80641600672297,-208.4383798279443,-89.32703417341928,111.4456181907506,223.2559729739311,18.27356804988868,-192.7905556270132,-174.7002943988352,-21.44763563899589,202.4353541318042,156.2435689531425,-22.79159809036802,-81.45056705466655,-54.54656161670291,52.1614707483381,137.4798239865989,33.41104646240298
-108.8493207940275,-103.5435711910525,-23.07479048272827,120.6043486286432,62.33386295991865,-96.43063767880263,-98.04955509632789,22.64687566817409,47.52466588176188,2.602395895173313,1.987884827468391,-14.36118809607423,-0.6213129520642409,12.33920105957035,26.18401984585817,-51.99033763688885,-61.18499877782057,-22.86171350252191,57.90484721643706,49.73713291993432,-55.60416809339593,-14.23589846407837,17.9502460141881,-9.743998421149815,-56.13179007619713,12.61813087830749,132.9689754473953,62.49586851867737,-104.6756584612959,-34.54778293340649,66.99997524375192,27.62634578005117,-58.88848608365139,-68.97281663011324,21.74446324867213,103.7773428870137,40.17319510808269,-69.49625234750573,-107.1445244412879,-81.06924706144281,21.21289105233596,146.6195932552472,9.404790206535335,-175.9088868152172,-113.809545797416,125.9589390640732,188.7829994262228,-25.24296669681672,-128.9736396601385,-35.18274471846921,68.92503678712775,41.21956856964951,-33.91044154741343,-26.62580349081467,-9.73782669677205,-19.76674996495707,65.4615355690576,96.21769918987999,24.36779712768077,-27.24676392376279,-129.1782518792109,28.49525289179559,164.5353125246253,87.86848111540149,8.909468677835546,-117.092960474997,-112.7274402888932,-12.0344459669933,100.5337608139103,66.77389135377304,-70.18973688348581,-100.1474939566136,13.80409332130285,182.4897259636624,123.979771879149,-92.60517135441344,-210.3609396253063,-93.40907207380656,90.81643015173465,215.963165029532,33.7528622935918,-164.5019409002145,-166.0768546775382,-31.06964707465741,174.9335171375441,151.2570751971835,-29.70603692262032,-100.8581808145015,-35.57880114352775,88.66457078934508,144.264572598706,38.84156606546776
-83.15646193005057,-166.9556554700941,-52.05121143705253,138.5614762642185,109.255885503278,-76.54824852652523,-114.5450954526305,-2.66666947113227,65.27531560428332,58.68928703875262,26.33950014142128,-26.16190278313333,-27.18826774999201,-2.265381249139801,55.30682682948198,-38.56091403296908,-81.90614913155876,-64.48402217989891,34.50939651023028,95.24481143778668,-19.17346695820978,-55.48447261681191,-20.61180417267063,4.397723893564513,-32.56592169089621,18.61801953786373,93.32427780372844,55.82284698922184,-70.79319950151428,0.07632125855730955,90.77853466174899,31.21032017513378,-74.86107942494776,-107.2347601958675,4.375086382013609,121.4731348018138,90.76137741736079,-56.37969654330415,-119.0585373733645,-91.48311669820512,-8.078476652701823,150.1952796211035,41.99912877717794,-156.2372874675788,-165.6253443146994,63.58470898609255,185.5477578569784,10.76356406160438,-114.6616640962889,-61.5441159425334,57.39222796666676,45.85535222086047,-23.40541660329399,-13.94894887959301,8.663396871643657,-45.25869798334395,33.12919106807092,90.27454273513213,54.65551788555878,5.667448440729976,-134.3638481751198,-1.919463506285893,162.6628928552773,105.354232737114,31.61617215768565,-115.2171866907158,-99.33366960087596,-11.50372079396772,89.87422946657709,31.07646324899144,-96.42489133321412,-111.7775445060889,15.52408232912272,198.7309060562406,148.9529986865678,-92.02865520005828,-224.8300341995751,-104.489500411155,77.88004600540181,216.0171926799803,54.2369523724006,-140.1231674290796,-162.6771166760569,-34.64364263667009,156.6921131435341,148.8736574977488,-34.63692271973744,-140.5105003414266,-37.61218265698002,129.4159147118754,171.0257512324132,54.67541741375786
-32.51441035232799,-210.7771029548852,-94.03288738593601,135.6785083425175,149.2854788649847,-36.88605911014429,-112.9483802128726,-35.73948712507549,61.88653467383748,100.0845128172652,63.05071327711858,-25.50671444206862,-49.15670370346987,-24.72704905593893,75.24303921828469,-12.13116659972328,-90.27032557327561,-105.9898546514467,-9.771371856816728,125.421168501681,40.69798440932001,-78.73020302491837,-68.3299045523836,-0.6827787012348494,-6.533184710079405,37.82274023618005,60.1514451906155,28.1182989205473,-57.25294143787902,25.63103266405108,118.8595179384504,48.85999002686223,-86.52460395033836,-145.0134236400702,-28.05523122262972,128.1358162808538,143.6498877664722,-36.59852740421767,-125.5105883321151,-98.30683461895995,-32.05358550512968,141.6930323364251,69.68630721642802,-120.8686397840088,-197.8218102883554,-4.615931088427306,162.857745599986,41.94091013067459,-95.28569581574864,-79.29233401346808,42.84552227777213,41.94199680614414,-18.62080226892716,-5.95522874901929,38.28927722500563,-54.98777193577726,0.7225258317471117,73.36963940430898,80.76320450806006,45.14966894867284,-119.4459755732223,-43.55440335000947,136.3598965472741,115.2241149802152,53.46983672612236,-109.5978036569054,-82.70686616328608,-1.935981197225311,92.10902915076304,16.11340383976187,-117.5101108628656,-139.5079467602864,5.201692130575017,207.2210760619977,183.196940123721,-79.87779876296693,-244.0526348125414,-128.9478676909933,63.23067502103584,220.8912990550021,85.70886951716336,-115.876271891925,-167.7796759184332,-42.51710734860714,145.4997169482317,154.4976008757825,-28.71335718698251,-187.4264173380001,-67.16224759324234,156.4256438866296,211.9174798558728,84.96968263484639
34.6477027447675,-224.6780359084884,-141.2383334895624,110.8092511705804,174.7582954036448,14.73771551404602,-95.40815756111131,-72.08470628421568,39.41294820173815,119.4501319147606,101.6882842556405,-13.49805738457593,-60.05844116532195,-50.32433273228446,80.23804301953943,22.58181553275505,-82.76085209436471,-139.8220937527488,-67.24960397196156,131.5138456248715,113.4511914338942,-77.42918707989719,-115.0641314979546,-27.30394163476329,13.15414858330874,65.59984584854111,47.16384245931033,-9.892063736747394,-71.05950341607675,29.41133422745271,145.2031418006278,83.57708183629082,-86.02273443545005,-175.4493667704104,-74.6174264755834,122.3300554744665,194.3437692441099,-7.249240246165498,-128.3146746412654,-104.8912045363961,-47.5322383836888,126.094876950499,88.97710904899482,-75.28231642574517,-205.8387560280252,-67.39444834942746,125.373416968408,66.87708411451629,-71.87589114575459,-83.60838982131514,27.96013800416564,29.56212062482789,-19.73112205775811,-3.267649197175784,70.82099726817907,-48.35730263681765,-26.95728563592867,47.24075209358515,97.38514242854986,85.62045768898389,-82.34692887937443,-87.84551200893902,86.14607660913428,113.1923711609976,73.91494790395835,-95.81355907011016,-66.7799830719454,8.851362742314167,102.0683161996196,27.83841543734916,-119.2418940944377,-173.1447750789467,-19.98816431039638,197.9574994770867,219.7504877585325,-49.11067660230515,-256.5032630756731,-166.0479263789218,38.72406422202386,223.2967074387798,128.640403381826,-86.79456162279124,-179.5350820423704,-62.57235553767069,135.0871639549588,168.1268852276856,-5.87967777752585,-224.1941500263646,-121.4343780269064,153.7622966915545,253.8432561169434,128.8640978233947
106.2135398529558,-205.5564284885979,-183.8803929723687,67.6880668132389,181.1324251389381,67.68347124953837,-67.29303820349416,-106.1471760507748,4.146888879970829,115.6829644642502,131.6449304583398,5.102714282173445,-56.91203557324806,-73.01366176667865,68.52450479299661,58.21425797394138,-59.13153223129,-158.6864445952206,-126.8214940322126,110.0239686642786,184.4483659562321,-50.0777142214119,-149.9569568642996,-71.99939904887614,18.4788702226705,94.06447875293796,62.82244516936891,-42.56679376257558,-110.4425508434377,3.553323365922693,161.5229186311554,133.0499465230783,-66.64989642088743,-191.8016314374758,-131.5304435809279,102.9525442148901,237.2941581436264,34.41076113698971,-127.4021583375589,-114.4298274175483,-54.58036972564256,109.1395035177491,98.67096290643111,-26.13123751489688,-189.4379488018581,-114.6890836654031,79.75697361235137,84.04021285384691,-46.20470934459586,-71.90584165894776,16.11018706469029,10.74597406427799,-26.06725605413018,-5.058712329944942,98.11495928538228,-28.498984387078,-47.45521212049965,14.45745144328144,100.1739709170258,120.2807007101142,-26.59550240148676,-123.9932730625096,18.57835691447246,97.15842196470389,92.11671056328558,-70.70517141320751,-53.2871566994063,13.53190830577288,111.6603667624805,63.03716740732927,-93.73271975118435,-199.6958188898012,-57.24570900029348,165.5438616301223,248.0745491761335,0.340033459525903,-251.154020177434,-208.0682129817581,1.05182603651334,214.2670821828571,177.40302955185,-49.17480147238042,-191.8898861836414,-97.03057223074752,117.8867592882236,184.3769385417113,34.59453559870776,-234.5832583543198,-188.5221110658588,113.1610795169182,280.2892479786448,179.7997917393463
169.2783655723755,-157.9108142859621,-212.4617517173685,14.16481727468697,167.9615948216306,111.199533360794,-35.56356594279153,-132.3220761917573,-35.24164959166487,93.94161310027427,145.3048096404287,23.30055654979455,-41.33336634540077,-86.98504188891121,43.18674809731717,86.88397969158241,-23.05229136987572,-157.4894621499716,-176.393382108594,64.07969425998407,238.3852612003098,-1.088917511061272,-164.10563790831,-125.9522645990387,4.690208634230799,113.9194060820455,107.0334075496917,-54.00726433451484,-164.3465457095386,-51.75389997646572,159.3866163939452,189.1895639890909,-25.43891300407159,-189.0622956146495,-192.2522118927718,69.50758236827288,266.4489926823661,88.98901272100116,-120.52232490526,-128.3988462750102,-56.18623211471754,95.38848504690264,99.90693532236185,20.07808937166799,-152.7859797687458,-139.7747016191111,33.34560984195058,91.6432305829434,-20.91334678431327,-44.97034783652563,10.44544232653929,-10.81266505890654,-36.58491964272556,-9.758124508171758,114.6233505012123,-0.6474020237626512,-60.51001355462012,-21.98050901379714,86.65606628263768,142.7566568640993,39.43472840960303,-141.8112537889016,-55.13377643232617,67.68810150529613,106.6640563815579,-33.7067080346659,-41.46147550210013,7.405618365918964,112.2265415004904,110.407597320471,-41.92906324751082,-207.5089620772829,-99.00702805735204,111.1510375837547,257.3947835193704,60.99765624660733,-221.5809928512572,-242.7590940840409,-46.51186155887776,186.8476614352278,221.781391320066,-2.581682632122067,-196.8592354075151,-141.2324599094659,88.18764786638386,194.4952637203001,87.26878575994978,-209.0340344189333,-250.6116003973073,37.49132346676485,276.6301789676975,226.7137889216862
213.0571364108954,-92.25305244471367,-220.1013435333747,-39.6032610025839,138.8498661330841,137.1543272535905,-6.916891232937757,-146.1935429064199,-70.08348103516239,63.85119533112093,140.2482494830607,34.08508212152543,-19.18412266627661,-88.30112114656373,11.49651621269133,102.5506898332165,18.42389918632447,-135.0121563388962,-205.7219538669919,3.010104814539077,263.1734768445166,59.8011776922589,-152.8810477173353,-177.0086831836701,-28.04567981902369,116.9065550370731,170.3646696321715,-33.23411466842082,-214.961445231109,-127.2778743102779,132.8937631077919,239.5924584985596,35.0851131509224,-165.243113403664,-248.2252635863634,22.68284689284454,276.2529940865365,153.4613282799303,-103.9758596174643,-145.6094176367645,-57.02033051683078,86.72397404788822,95.50374875205694,58.17647940305589,-103.5647430175781,-140.5954513970752,-7.195611357074854,87.95910924383843,0.7436938879976298,-7.200554707356338,12.89383873978472,-30.50763608581534,-50.29081597833832,-15.97308228841722,118.7562766638298,29.8156654272795,-67.03451385756011,-58.79878916603003,56.85088856250588,148.5547833220022,104.66774237137,-134.3954265149503,-121.6657931099152,27.76071137661471,115.3213503231448,12.47956336594252,-28.56866423737196,-10.16688712666781,97.13764377111634,154.0182138459269,26.60383879309091,-189.9022748021997,-135.2499699473477,42.49124048582333,240.3600169375794,119.7618273468862,-168.6605463057181,-257.3503427637295,-94.77962926649744,139.1583545772769,250.0906822615168,49.25903197408334,-187.4176833192161,-184.8266074648558,44.6502994329708,189.6807091942876,141.7008365405282,-148.2180906253842,-289.2718801822789,-59.17111546358862,235.2395850717272,256.9959692099596
231.078695965024,-22.15107985446816,-204.3262356336495,-83.55855700448775,100.4569125435099,142.0481768883961,13.76229179534719,-145.6947046385356,-93.91206170881297,36.47545258973442,119.8294979127097,32.7239436769845,1.145566882869953,-76.1320106569474,-17.14525852857493,102.8458835953804,56.51996517512391,-94.76033804167298,-208.9326109098993,-59.86042062733296,253.1868020141464,119.5810852470089,-117.2672455761698,-212.7650007451504,-74.33138184653396,98.20522116578861,236.1841422996471,21.75892746754031,-242.7262392903515,-206.4740027091562,81.09996005303749,270.6464830435413,106.6224638547521,-122.0277482580605,-290.2239799358827,-34.94415494778212,262.9253959299831,220.771322461693,-74.19146104247912,-162.2136101376577,-61.65347213649562,81.80616399480068,88.80348036046317,85.09689138124952,-51.28677363042049,-119.9449112023819,-36.93250171731386,72.02511360966616,15.51545502012072,34.19360788298425,23.44787461733003,-43.85005758829134,-66.43492380338073,-23.24824734275317,112.7954455056952,58.91843420565221,-67.78439898451094,-92.43248602388233,13.49951619200829,135.9573366281464,158.1257325717444,-99.94383956555176,-168.5687850918386,-17.99428211204353,115.0650876641958,62.06722422847147,-11.13596367026573,-35.4374889935557,63.96439721837686,178.1216359657577,96.49438293727444,-147.2389192806831,-156.5490174872538,-28.15290570276418,195.8878470309262,161.797458262905,-100.987523251577,-242.8685807799831,-131.5247798021284,75.81852658420574,252.9080192456587,99.00019362012013,-160.1112400233984,-215.0129628133251,-8.653946989589612,164.5771257850849,185.3436826182487,-63.4474467953382,-291.2091427477565,-155.0702723519446,158.7180206693426,260.3739825060053
222.2088799106279,39.20021028111061,-167.8723882982138,-110.1526706437287,60.85022347970605,127.7760797792595,24.2782234920649,-131.8450679517906,-103.9059632200421,20.99404211852542,91.98671649703599,18.39100681938584,11.28435705297535,-53.20373975090344,-34.05619410446551,89.77579853554026,83.0823792849723,-44.61016409435389,-186.0303980902094,-110.6320706867184,210.8939368717667,165.0365610457305,-63.83263537019216,-223.8981698822589,-124.7011860929612,58.08589551164467,285.2096911240463,102.464747268644,-232.3772041239332,-269.6164014598713,9.324836905307226,271.435414148497,176.5274155323136,-64.64908377470699,-310.1127150684767,-98.39332156011291,225.7086843831829,280.8264091269494,-29.62692535684581,-172.707480972821,-72.79756459733979,76.7107723988068,82.42671417156639,100.0541566379551,-5.216839414699421,-84.49461008679687,-53.23486715405687,44.48966974809086,20.97537041244531,70.85011281038189,40.00597950186012,-47.50646968211415,-84.38478974218359,-32.35241541565833,101.4794639056848,84.75964582546716,-62.36469294490449,-119.0415503600052,-38.15790153113588,106.2022834360692,191.5185735334559,-42.31702750771811,-186.9526797520443,-64.23081806297124,102.5882301589745,107.2158441134144,13.48888854220308,-61.18528905730278,15.61289283740037,171.9056826561155,151.0696532910804,-86.88568657101783,-156.9716154794723,-87.25217432391213,130.2623249290539,175.236325562635,-32.82827843898512,-197.4269768976545,-145.615757253187,7.247272349891686,226.2450065493849,137.5228989878715,-116.5857072066025,-220.8049546955256,-63.04784034435249,119.7314909413968,207.3115843357502,26.29595484478168,-252.6627881677225,-226.939196015433,60.08311166418272,232.506668493688
190.3949365193135,81.95692564658282,-118.2538067229067,-116.1547699395163,27.63014122113103,100.9614556331072,25.21562920911426,-108.7734919422591,-101.2519266528032,22.06992691392658,66.69253143823781,-5.394063981280447,5.466535276250372,-25.29380686058216,-34.021551771303,69.06101134134066,92.91752286456878,4.809613625171372,-142.9631142528016,-138.5089498944652,146.3355384540426,186.0900896669104,-3.288775917195399,-206.8103188126813,-167.9830289010701,2.297388793811499,301.1721254802459,191.5095720483427,-178.1650063814346,-299.2336249738377,-71.26024860964942,237.2742937735206,230.6869773726426,-1.024033161657123,-302.6905166577741,-160.3356387965205,167.7065063909561,322.7454100454408,27.70265930101119,-171.6496628962959,-90.15532968151898,66.55843221870806,77.3954815735684,104.1710914827577,27.58414902930105,-42.99647354064457,-55.82711885304784,8.24733462821972,16.29751355419424,95.31251095046395,58.85181051250795,-40.07641357502155,-103.2465955263189,-44.95450456423394,89.8340139437456,107.1632193364454,-49.05284976638413,-134.7697631712852,-91.07002129422034,63.0137641560514,200.8915080504879,29.7336720001772,-173.2431528181672,-105.6843024672549,75.2838172430943,139.6769195691666,45.73861878334732,-78.67341854863722,-39.95377715069275,132.785730711423,177.1693475784457,-21.12715295024392,-135.9561017980901,-123.7418414973088,56.03706378610735,155.2299910600595,19.82919409885087,-127.4513919841655,-131.0362821099106,-52.97726489534837,173.1653340965443,156.5564158915865,-63.55154260709615,-196.9135949027452,-107.6788491866715,62.12579320211259,201.8368086699702,99.84861112959638,-181.0001573621211,-256.9613158815917,-40.3068976238424,177.0628582085167
143.3482140428151,101.4588337402709,-66.14337331940185,-103.394615695709,6.269584672883366,71.06392888511378,19.37442983554075,-82.89397961049453,-90.42738811338008,38.64266383674823,52.85425977177047,-31.66136201447372,-17.62796852745814,0.1313304061934704,-17.05633183961982,48.31402704535546,85.3708785522161,42.67476328419241,-90.17377606982743,-138.6758865539107,74.5230046600942,178.5051053642923,52.03928812720201,-164.8180245822395,-194.2338978086254,-59.01047582298468,275.8823840827532,267.1814850171576,-86.50499798167323,-285.2789132977284,-145.8749867026611,171.7364546597637,257.1301859142516,59.6778016203359,-267.2018129916056,-211.9751097191595,95.95483104300467,337.7744733262993,91.71491960799639,-155.5598342036202,-110.2941941197238,47.58147891219932,72.95372436655644,99.7542252367886,43.61089329026931,-4.192629875046268,-46.42827967669702,-31.47734320892685,2.724440150983162,102.8966918144361,75.63428323789898,-22.41929311980103,-121.430022355269,-62.78187190644845,81.06444574197474,126.6136074939126,-25.55883986955008,-136.3430279335945,-137.469802358315,11.71139771945015,186.9576163157908,104.4202867773306,-129.6778574863104,-137.6764969230153,32.49230508261,152.6600002563132,83.05305844640804,-80.1455705644028,-91.42502064330036,67.27956548501699,168.8320303898121,36.2984470764993,-98.60914692012075,-132.0563662948953,-11.04930124674215,106.0304929113425,43.96845210173868,-46.42243333213987,-89.42743976621996,-91.90711762393983,103.3308795509339,151.2667917904109,-11.17296704491797,-145.9462092764433,-132.8249227149572,3.515952279419217,170.2860703939598,140.1779843441184,-92.9195795056074,-238.3459499420959,-120.2855780457583,105.4668152651971
90.5996231169354,98.60651546867523,-22.90257631849135,-78.23355760877787,-0.9727649316398211,47.78049015030319,10.82320801909319,-61.33929663061794,-77.68156936798631,64.43285192260548,55.60989923649124,-51.95633090536722,-54.32013577021709,15.80686798185606,11.41900500809241,34.63041482814994,64.60201072979639,60.81258040942065,-39.9873001571506,-113.5255655977023,11.45412719587491,145.1583357744138,91.21117950966351,-107.4970010564845,-197.4456135785885,-113.6292333346555,212.1069316202074,309.599139411573,24.9573342462545,-228.4532259457896,-199.7295311677954,86.42558715186276,249.3724806774313,108.7568879736316,-208.0761306682151,-244.7578223700338,20.51709514326276,322.0002569960039,153.1233029325179,-124.3649039666051,-127.6365438798918,18.88662130946397,67.15188792796204,89.51026187699217,43.35228905955131,25.0038594986117,-28.17797508071906,-67.79077579790805,-16.46860982402237,92.83081996145845,86.53905196164553,2.53210283712978,-136.4138289418595,-86.55851538243174,75.28497482501869,143.0176405430324,9.56104594812078,-121.9132329525977,-170.2242393977851,-41.81058490471127,154.184109224036,169.3721576334158,-63.544543556279,-156.3532507200605,-23.39142103085399,142.4557966688787,120.0217521023928,-61.18182806961509,-126.8989428496472,-10.76799508031747,128.7977347546976,73.99243731913799,-54.32725471426703,-113.624600115012,-56.31131312678141,40.33745036657191,33.55993165165263,28.53808689809584,-30.24414216773023,-101.0062856062198,30.59515254995902,121.9916687413627,29.65502257272011,-78.13458656066925,-133.0195470684107,-42.95714973938601,121.0224459251547,139.5265660488783,-9.735839676118273,-177.7049520065339,-162.2389217939299,34.19619156941788
41.43705578796266,78.88366953379324,2.166563420643031,-49.8746942042217,4.643861519889021,38.43172308787221,3.870821305793871,-50.00979343811647,-69.16806819893938,89.93844861142861,74.81191914809968,-58.7920371181596,-96.80581310632573,16.609980482945,42.09876692921958,32.35915240470812,38.39917503550618,56.03180038843281,-3.500560128154396,-71.86535912662121,-30.13410915965221,95.43191778906065,107.3729439908076,-48.2946688593261,-177.2612352110504,-150.3369051481525,123.2735073151538,306.6910700506092,131.7926392634503,-140.5802217290912,-222.0198130696239,-1.602696293566981,208.5031140185268,139.6724691340039,-134.5603372939393,-252.5684037390786,-47.35542895000118,277.9609361336818,201.5765116280147,-81.86484218171094,-136.2809655613412,-16.75534757044724,57.95939677984566,75.96630883570499,30.76519837562663,40.63830276596234,-5.041666727311263,-93.4925803018875,-36.57303759823733,68.3504781549767,89.27985088572574,30.40013546505413,-144.9249877526403,-115.126761930335,69.54713217366944,154.8758017919893,55.41300274407399,-91.87942359963473,-184.1900420725419,-91.97944454081779,109.0795080405679,214.10781629132,14.5394527566293,-158.8152624853539,-86.41545335666021,109.4059767932782,149.4566610110335,-22.24420089810331,-136.9766957148052,-84.04829165733742,67.45999279050888,85.90438802089477,-14.14841615481987,-76.4050428140456,-70.27215577832899,-24.01786717451087,-8.35806685097806,81.24866256762665,31.62005935180487,-78.76055097496682,-30.64003841297427,74.5355191113288,50.33428278113411,-8.602864745874625,-108.9665423400228,-66.81914560409794,67.06713802912687,101.7356323019399,48.83885621718355,-93.37910773372737,-158.3426053783107,-19.69142294056346
3.176520975603939,50.44822018096501,4.161175279463814,-27.92676390669384,18.85439128527627,46.01646563108336,2.178660699281066,-51.77704887942423,-69.22298080557606,105.2952282787842,105.1087998541917,-47.87123983565039,-135.1782636815566,1.04493804438521,64.58153081909285,41.76256418870333,15.84080581251822,31.20742388920138,12.20708921599423,-26.32818880007375,-44.05857612339448,42.78699401789496,99.44820989961997,-1.011248539666317,-139.19770336952,-161.8568532712739,29.97454861720335,258.1236161009177,209.5468639566434,-41.77844493041273,-209.1387716342313,-74.14768419696657,143.3249331397544,149.3664747435564,-59.13345963770491,-233.7847377704637,-97.66098846928621,214.5204697530956,228.5083934341706,-34.97686802438389,-132.0635156523412,-53.44028368686072,44.44545857148522,61.22786074788323,11.99175187665006,41.99079024649333,18.68944747303014,-102.8406849406483,-52.50502623998871,35.74190789817422,83.60650604470999,56.26143173186517,-143.6025175411914,-145.1235851710643,59.15970807127388,159.2598789276819,107.8456295960664,-49.34349448767648,-177.2724604840979,-134.1627822196787,58.32534747751066,231.9863867648071,92.82036032486006,-143.3295801025856,-147.5222016180468,57.97320424532958,164.1198755687865,31.0491690494292,-117.3480646704928,-136.5581420883844,-0.3192756259182877,72.70918418825075,12.37342356407106,-32.60190454639135,-51.46361704683645,-69.13063852407993,-70.23320393209285,100.8625105912832,80.05928262246346,-31.29960081359595,-69.21277360451742,18.8706184371138,46.98347313947085,47.00075067546248,-67.57659254809165,-63.64647629331153,22.22959980826825,40.97741743810748,70.49734132207354,-10.12716424059083,-113.0145969499727,-43.50769272802926
-19.92772617618614,21.88061903683606,-16.12210825583269,-19.84752870703131,35.577044415078,68.43799846093482,8.117746109034954,-65.41677173503827,-79.20353533023179,103.1691436094996,137.5511275811299,-19.44211388608798,-160.0070398096266,-28.13206726827935,70.59055181653416,58.99302984756393,4.497405743101019,-5.293599437079981,5.799607621034093,10.2562952287795,-32.08030399208862,1.113287229499391,72.34667243315343,23.91144266219778,-93.27109360925112,-146.9203785894535,-45.7790064031184,175.874582390793,240.8213501629945,44.86159323005962,-166.0663203952639,-116.7148772365831,68.38427643072178,138.9337115211714,5.087452638959873,-192.4513050294322,-124.0940177537576,144.8700477833965,229.8117381902333,8.093360237729396,-114.1471776825715,-83.86320262309296,27.51963381948132,47.0354122084841,-6.287969138499222,31.10751252538592,38.79656931299785,-93.2350924181399,-60.07176930877219,2.630944957258803,71.19848543496323,75.60327565325923,-130.0225319861845,-171.4180134036145,39.8246128376554,152.663015430606,159.5747420744888,0.07259938604784615,-150.907572717509,-164.9792654965263,7.362237820237417,221.2617403396478,160.5446209523209,-109.7228405234032,-196.0340566282155,-4.102826886764973,158.6239670268187,89.03028910251984,-70.12779737254738,-157.8431747104267,-59.48883083481958,41.21661830114273,19.82777680381516,4.774944388727743,-6.961240492847005,-82.30601567152469,-135.0977005714266,84.76186959334802,102.5276084745872,29.1838619668309,-80.00283553698266,-33.41359137180172,21.51098327452253,77.12222738788185,-20.04990807949039,-36.62596303952171,-3.098143940246985,-22.73255963981343,53.89891829757915,48.24363542125342,-41.75056677654736,-32.82851794219766
-27.01019616400832,0.1699488405793506,-52.32682851397259,-28.9496835515461,48.50167046423599,99.10117906284081,22.37946855883086,-85.69382897032069,-97.14088527280403,80.88652266699361,162.2124998128875,21.58915821929669,-164.7570129600548,-64.35171699351498,56.63247856996271,77.39301894702959,8.045316712480707,-41.78929622032435,-18.11716080592885,28.46804553542992,-3.000951162042672,-19.15492367333702,35.59670399646315,22.26545086202933,-51.35989608153813,-110.8244721008667,-86.88254584205103,81.14553039691643,220.495107380136,99.60536361754004,-105.3866641729062,-122.5053379873632,0.3388289912965518,113.4444113381763,47.41137487731617,-137.9810008160296,-125.8009139349775,83.10999593088563,207.4073389622602,40.23283442802847,-85.54846583845725,-101.6865189430842,9.87928261364044,34.93922302247285,-18.41962849456425,11.88641366848199,51.50522040308057,-66.29023034704575,-57.11229351796046,-23.98012355677424,55.02417302544325,85.14311815488429,-103.7827947252993,-188.2698724398324,9.807232251436288,132.4376506230762,201.4699976328195,49.12392237064817,-109.8037854002993,-182.3678099688882,-40.19419677573371,185.0942102116097,209.6021094200741,-59.89917923826682,-221.9132386595921,-67.34234172593668,130.9657891205787,140.1854739646318,-3.537242417521251,-145.4792809129758,-98.84997975982233,2.075014932758348,8.335722154580862,25.50924100996036,49.58494124623257,-59.91611276421988,-185.3334061455282,39.08526766552325,93.83773568702425,87.76410905122833,-64.92602800890539,-72.16302835435485,-18.9925728322347,77.66838530866833,21.43182112800899,4.300626052218889,-5.129578576378839,-69.83308364701718,8.848529133249063,66.03859577400323,33.375246383632,6.9449994727896
-20.20428214290975,-10.62768613885846,-94.15381761724527,-53.52814417989295,52.71251750212548,128.7281406017687,43.81532559671395,-104.705641756978,-118.2631318403537,41.2560853025941,171.0483522406681,66.81198300419764,-147.4160426237765,-98.67996174847249,25.25700306062721,89.70154635591831,25.06543891315006,-66.51489135496573,-50.37654079049148,24.83202329078103,30.24591414013835,-14.03870031990107,0.7300835918313647,-2.715670615144908,-23.99966600758577,-64.25613601264344,-86.14991158638931,-1.564500219325594,157.4151675071161,111.5658716419626,-44.07671035105214,-94.33760744509813,-46.37699707586908,80.87625931388533,62.33287618645117,-83.19660542769583,-107.8386539741984,40.35951173575425,169.05986740458,57.60571418463434,-52.34815316994925,-103.7149892481384,-4.878797163575413,26.36528284125566,-20.88369378136163,-10.92705935935085,53.92245247166541,-27.88916583543271,-44.18818533325386,-39.37985518742524,38.41914601219175,83.37961901804131,-67.25334871907619,-190.9209860610373,-28.67930825299007,98.29263905638352,224.7101305612424,90.37803764747727,-60.96526475083928,-185.5290119786205,-82.27338074014774,130.6166752752769,235.4248690350277,1.729465880367058,-218.2415647804692,-122.3648167783301,83.265405269098,173.8632436944589,70.00338683814437,-105.1342764866367,-113.6649194781831,-33.46888446143668,-16.7472437295469,24.89390932439719,101.8872866566046,-8.57083389363415,-207.6858183921598,-23.26018395493192,57.74236194957349,130.874353603233,-31.8637867854001,-91.28274105231077,-64.35668718783688,53.00399753132194,47.36443037271601,45.5103214023247,12.21708385312032,-87.32008195074069,-46.98635822622015,40.38461095959522,90.21088160494457,61.96064908337816
-3.710857374844649,-9.846320940056989,-130.0847303737014,-87.38113806357234,45.96195665486344,147.9250523254971,69.50684497185165,-114.192696292713,-136.2518378284254,-8.090937648142136,160.1825123107762,106.4099560084972,-110.9491356724009,-121.9672484517551,-15.50086852526191,90.45939096730669,49.44578817418201,-71.00672229372843,-79.83414850032418,2.562508112024924,54.6248424951628,12.78668252223599,-21.90163505516302,-41.21085163888128,-17.47917189575109,-20.61798094119459,-48.47885489449346,-51.49369406411132,71.93804835860023,81.7207695566006,1.09711336192641,-43.87556051290782,-63.37754636574901,50.30807484774664,51.17331215733593,-41.06799840568785,-80.03633674256885,21.56923992895798,126.3274817862506,60.8973719974653,-21.78422659586701,-91.07602120144539,-13.67594279480866,22.41688438854947,-12.75261903152778,-32.55781897107554,44.56927767851703,12.91960533785877,-24.60279043764438,-42.09069532642014,24.20991750876808,70.82095672292988,-25.63990562147344,-177.1590834305016,-69.45295737454262,53.26620077640103,223.1947840804074,117.8064285911328,-12.22391946942614,-174.845553074461,-117.497476402235,67.34713812777757,237.1088868819671,68.1904508708779,-183.2274904783563,-161.5859452698781,21.5201019361862,182.7573038779863,136.8440333979279,-48.32307643208366,-106.1390838924361,-56.73853614410644,-46.70071360255983,4.780358963854013,135.7516972801758,56.84059502582916,-196.9985585096682,-86.47776393973734,5.743698225032841,149.9410498006722,8.087199605343791,-90.11568354863114,-104.2717546565655,14.22945162850499,53.74195300960955,74.04382777834529,38.73085270756347,-72.69778991342042,-93.7977292354348,-18.01439249329185,113.0497142542898,113.9183914443244
17.42128971395145,0.1972444203971196,-150.502125642637,-121.6160773951936,29.2717624994819,149.8303132046084,95.11249713276374,-108.1726433654572,-144.9378256182575,-56.62735817690518,131.0048945323554,131.6408299355728,-62.52539863691133,-127.1966891374408,-54.36042895513864,77.84052615744557,72.30296839706409,-52.63571467210831,-96.44653810338154,-29.66289640696837,60.93752196899764,51.01993554021052,-26.01814231713084,-79.55285059456969,-32.05033934285149,7.487260083201278,10.52864397237721,-57.64200663315949,-10.00986273145193,22.52773065894583,18.26694002644305,11.67393591127601,-50.52927982622743,29.73116915534847,21.99979501922989,-21.00924363647086,-54.41176022266862,24.07549807662085,91.15831741930931,55.13047342803601,0.1632927366238031,-68.92679327920017,-15.341989574798,23.41669293667185,4.495664753795666,-48.72031163168935,23.92701566536319,45.9854339342766,-3.700455014077502,-33.89804424565765,14.15976097976472,49.90071668462821,13.81915560852292,-148.3597684345925,-103.8325376653121,3.741105081380138,195.4820537000105,128.0731596947188,29.34346480167003,-151.8410558798425,-144.2476585237469,5.346378261553578,216.9152120274574,130.5193666324595,-121.1246471173883,-180.4019282894425,-45.53342508169674,164.5186078435435,185.3000837865204,11.31735612504523,-83.78755938802253,-63.77692981931003,-72.27126408413693,-27.32564181793587,143.1472332460788,117.689144400747,-157.5076013805958,-136.4456687151325,-46.5361566663738,143.4824924111412,44.14280201421689,-73.14517157244285,-131.1427423635012,-24.70613035444086,43.09109202356028,81.81455848211672,61.43666678220502,-34.50373617304744,-115.9849870871929,-88.34291885310327,97.16781303776476,145.5475885289318
38.52295418006417,15.26608958227889,-150.3362245979276,-147.2568949302059,6.677494655714781,132.137084529966,115.5501461082621,-85.07541418958959,-140.0413028887688,-93.60049212064393,89.81497486441233,137.0505051650311,-11.77491179114601,-111.4463997273162,-80.06447623073585,54.31911677277559,84.8439263719697,-15.49623823404295,-94.00369795921985,-60.49139314778316,46.49754130261105,86.76597057762045,-11.19655079718338,-104.1394802542834,-61.78052973391712,11.69246289067779,69.12657635978807,-21.93508952689061,-64.58151908479745,-45.77963085673365,3.846052790947684,54.46604890318692,-15.8561612021568,23.99071154789763,-12.34585616427015,-25.87780515947911,-41.76388011147784,38.45062563393996,72.15263762080856,48.00816879269995,10.86394925060724,-44.72348848720402,-11.3794806321139,28.37323589721833,27.63098346915886,-55.89588681052085,-5.189853212974322,62.5784239828566,12.40634567206901,-19.05228709960197,8.864024142628018,24.62771859736313,43.43823809595482,-109.6291068508257,-123.2171231540278,-41.63154475457723,145.6385011853315,121.1508341888115,58.69993823823677,-119.1730747676007,-160.1489359993184,-46.48101963775618,179.4179970293447,179.0297370776495,-41.72419907267215,-177.6646589888943,-108.1217038698079,122.119792035113,208.1888684739696,61.98362924196415,-56.36579740425204,-55.888660339464,-86.5509503252181,-60.82191395604877,124.3377614142602,157.3316046607841,-101.280066320913,-164.5566520459264,-84.29165827809999,117.0676325400963,69.00540794321249,-48.12865941759721,-141.9568030047798,-51.76275536229014,23.33993703197168,68.27203063798895,69.12722839638386,10.76485387608703,-107.1012292985508,-146.2915557134214,49.97585258781964,145.8911775491483
56.27987699922421,30.59527249217074,-130.4545542245282,-157.9131919799144,-15.86798491059903,97.92523711106531,126.0141166597424,-48.63456047247852,-120.5331780043949,-110.7631594311224,46.1483271083805,121.8594175793947,31.45254948870714,-76.93638026735624,-84.70636022258391,25.95219255042552,81.26797779039374,30.67671744495937,-71.77165732605734,-79.38186452566299,15.76163937879695,106.7324864362317,16.98084842710726,-105.4347687759115,-96.13647686554012,-9.720532935451972,105.8354687578652,41.46830358817794,-77.03395707913003,-101.1321495463089,-36.43808980291068,71.09900345302704,26.87072845900721,33.41566675611534,-37.72119285904352,-50.73281026130232,-48.39250321526644,51.50443177201444,71.70728513863094,47.23386214673062,12.03320614044982,-25.61371911189755,-5.700059058519532,34.66905588863995,52.52960869870905,-51.52572937176061,-37.66376064811403,57.70033689454937,18.37017244240878,-2.956985712720659,8.034828637477823,0.02437214361241476,57.09677381678707,-68.90825772594363,-121.9903686979165,-73.88413669293507,82.69848153892634,100.1162042153317,73.52123578565148,-80.59947442897868,-162.2934976792937,-81.64049525740747,130.57956114405,205.1270736808761,41.52153235969623,-155.4626164523917,-157.2611339794152,62.96059363017243,204.0464569752539,96.64194264503512,-32.46628635602119,-38.51880415793912,-86.97605169453131,-85.42037066709327,87.39926898177471,166.2111637295008,-44.27820514589064,-169.6654256808981,-98.1981891804011,81.19154307071238,80.68767100035683,-23.28913409010943,-138.5891196505322,-60.82846928675533,4.859198193873903,40.58229725826953,56.40791121141321,44.32850053931111,-71.80798635419728,-171.7502892709856,-11.55707101070032,113.7365162129141
