-134.2537439456812,-128.4342845409731,24.64772731894357,164.4418840427701,126.6494259905453,-47.49343622551027,-207.8514111695568,-93.4309871719643,188.7635915997289,211.7669179528738,-27.34070797351001,-237.4754369709149,-165.8804289557066,110.537191417368,231.2612568832087,-36.29679042324654,-163.2646463341561,-21.97892318825123,63.74784876510249,64.14418444224675,31.61624807722392,-50.39101681652874,-41.14740279530862,-11.23179934634701,3.082025717096732,-9.651158598463915,13.94272834576596,63.39057542881534,74.25644757353038,-53.14738553165073,-181.4967579203816,-71.03034915676307,146.4255867588327,205.31219149392,96.01128457052857,-122.335829980842,-153.2445198514507,45.97004201350288,98.05208242651207,50.00109501813449,11.90249585592889,-61.52562207752842,-88.7118710988928,-40.38156836022967,65.77308963280645,88.25069958603558,-39.79436674942762,-93.06702890641338,2.666860818670542,54.9259949223091,29.21759120687023,40.04689840367772,13.03183914443266,-52.46793407527365,-82.03983715175173,-39.17606340946986,45.09122244215022,88.27388350008503,6.803499958448745,-31.37683773172058,19.57298410051737,-20.17296443197738,-28.59133418870231,-56.25560700402039,23.80304060095878,45.87975516168726,-58.18487587110776,-119.5121608097118,-18.46891480436654,128.5360009488113,119.0417667225547,-52.73539185852754,-156.2153648082738,-118.3944644271188,23.03188119781483,180.5664256986819,129.9345803165711,-79.02896560758082,-155.0318410823391,5.507620982735405,134.2754603131641,84.7451255802228,-86.07320129519444,-118.7144711602126,51.77660939415961,123.0539643411513,98.017514986634,-58.8698831489612,-128.7881079308574,-88.18660593695542,106.0233667596914,109.539401455116
-112.1704051846165,-148.1967711926352,-5.641562961219483,137.0450265580525,129.5067012507484,12.38917009683305,-156.8619678581755,-119.5853320466573,123.5989349827192,207.1307337617444,29.38132078335728,-200.5130600061157,-188.2653219856299,59.91908384902803,241.5118904939956,24.01391296638205,-171.2631093792251,-61.52735564113901,56.22616125944813,94.29531793547513,34.58428365480528,-52.05753587317486,-45.93988922978612,-18.31732555595612,13.32281543601299,7.366881606174321,-3.542230123163737,41.09697422647115,69.89343752026353,-20.853443106298,-181.4681061100473,-132.2530465171008,103.0321631208334,210.9483146578926,127.8486572287156,-76.566628283489,-156.0467768067331,8.704979287449243,102.6922128861974,51.72716814574348,8.769259024016241,-53.79962371678693,-72.00074797884564,-56.54221341244165,20.72139193174597,106.2483023439121,-2.074379330688916,-90.81714396078839,-17.72434642736042,38.52799729052218,49.21635703933378,41.76541326927035,22.33235124137705,-42.80693961364872,-83.26253848095038,-50.28772368367801,31.12515142755917,72.33917117238981,5.678903186051859,-15.22722292697111,25.46115802128362,-12.58497792129367,-41.72379786295694,-46.68866421531111,32.13414784007784,54.21565422055988,-43.95055591397581,-139.0720027210161,-49.14668852810898,129.9211598333256,172.4308390075295,-16.16067191830058,-164.9691288385401,-143.3680508946331,-7.624596489627304,166.7056028357209,149.8420041854782,-44.84748106921587,-173.6470013129725,-39.15935175375072,107.8487368467555,119.9487163841055,-40.05624474405028,-142.7182427084308,-29.88676883486468,105.9998994099105,158.7180860962856,27.59229177808682,-122.1126500162588,-171.5251311921786,46.93843773713076,166.3039042363807
-94.65871855228757,-158.7911750731384,-32.98054569168944,114.6850126481833,115.6568572496337,42.45322544314727,-104.3461472599286,-115.4458590904105,69.46354390382196,185.1602085041465,67.94751661450765,-158.9624921769323,-191.4870152169334,19.19774076765463,230.6743268123356,83.78746749451979,-158.1858534973704,-100.6916851169204,33.50894941929941,119.8985914966089,47.20609857488574,-47.0282989139176,-55.15706469148704,-28.76075018583181,19.28691766474827,28.65304278481026,-8.761846783685741,21.32631276398279,51.24356750322923,5.678655336517442,-163.6379320263464,-174.1117447016788,53.78559330083629,201.808614819521,139.7405571763879,-38.66257859672366,-145.4577676690471,-26.01115133303721,99.0486736067559,53.63884065293873,8.084876411369349,-48.32805229014991,-57.18100420454699,-61.96656701500224,-25.06567772536221,108.221925135141,43.72412818353357,-74.14733554490965,-40.59229302875688,6.780249627943538,56.11048246567422,44.39011922298463,40.40906555438294,-26.6177943420069,-81.59088444373532,-57.31224901950556,21.63283025305821,56.65164251045288,-6.676481595708701,-6.045809798601818,34.23917524837412,0.5970612393635505,-59.45593621713562,-42.15252267038147,45.50455432772898,66.82462651722143,-20.4144145605858,-150.9506646233765,-96.77504816953403,111.9930746844964,217.9320161299013,33.33638074468243,-158.226549048102,-166.2789753959487,-43.23876296217929,145.2881408310926,163.1884200498338,-7.764537483994777,-174.831231547327,-84.29043881336071,62.58968984340795,138.3461395564123,23.84902125317477,-132.0439002933637,-106.7223062900313,53.51722404861422,181.8357725001372,128.4410744993819,-78.30179274988537,-229.6786080640098,-48.92580147602758,182.5180437452978
-84.79056155320467,-161.6035204444319,-57.85991509355918,101.4754749828233,97.07920428897232,42.35446470784332,-65.86864342746209,-89.4839788902629,34.91803981292263,157.4557925711721,88.42438632179358,-122.4842003515922,-182.9117997354638,-8.520235357990551,203.3759712959981,134.0701650438008,-125.5634396361569,-132.0853141359642,-3.425659317878518,134.1184605404314,69.85593673394382,-33.47878741248724,-65.96021842684608,-43.36697555116875,17.96584239064816,47.41015166506423,-0.3646660475370176,11.03431306250737,23.97616658911625,22.17525444055181,-131.683171534514,-189.7713775583777,6.599014464893686,181.4574454679823,133.4485664953677,-15.33692398534471,-128.6681924178438,-52.70214735094243,87.40354156650088,54.37540474369848,11.54295731789168,-44.38858999553234,-46.75545020287444,-57.95729014408307,-64.34321438368551,89.86085136388371,85.19541679976535,-44.43709548201278,-58.51315765490394,-33.49449973086948,47.33511340990339,42.20601120361061,62.18656250110324,-2.995358538427123,-73.23018022975241,-60.91096795042564,15.27265508492384,45.64726984497874,-24.44781011181656,-4.953778591104856,41.97460067051004,17.03847503339097,-77.36098155897234,-46.44969537781262,58.16687212800927,83.1075962576279,11.54356910370217,-150.0171415650192,-153.3315144320173,71.41023114246899,244.3154616131171,90.44688909090792,-133.0503130826899,-181.6810897420772,-82.04276392658764,115.3745477042625,169.5522876630427,30.7843167883403,-157.0738746897771,-123.2854238507588,3.162627032408857,133.7518876926173,93.53192300210989,-86.14451920504034,-157.2665523725726,-23.14501029651742,158.1727868100323,219.2294374459471,-2.765663523141487,-242.846756401505,-159.1567950383495,146.6317599297647
-81.00386798754852,-158.006226792868,-81.3062625507082,96.7448908026097,85.48169818342687,21.27577139238569,-50.13752933816604,-55.0166708339291,20.92190482279335,133.7028871261796,95.51988905026548,-95.38881210812609,-170.336780249218,-25.59961173924311,165.6444084636562,167.9417383843578,-78.46652712955365,-148.77808452985,-50.01265522620239,131.2768741821926,99.3663391048935,-10.64264403044786,-73.51416905227374,-61.39213579746745,7.781159777380856,57.31453941037827,18.82512936756155,14.55770094581063,-4.186468116611363,25.87333612109315,-92.60148659432603,-177.7561861931557,-31.12230960742215,154.6858791709269,115.1109404887633,-8.687501688322934,-113.5169991065134,-68.06072487804616,70.30233208019904,52.64209658980027,19.14354713245613,-41.28490129743496,-41.58387576575964,-46.93000581808305,-90.57107057377264,52.37177206892792,110.0382463418341,-8.186431483561204,-65.61606569718987,-72.68750994081491,25.60792179636909,31.93484320499975,80.63982132198689,24.58476249680945,-56.14513491444695,-61.27094849202417,10.50086179415209,41.85499561005512,-40.72701581842648,-10.15004013283986,45.40320928983351,33.86408469866811,-90.30281409892159,-59.85420259044162,63.89314687474123,99.8352323615991,48.56047554023066,-132.8809782996662,-205.8886994593463,11.23906589177024,242.8821932036966,146.3820882460939,-90.53899643533815,-184.3037018860415,-119.6144794034635,77.13900831756631,167.6003012451989,67.6900590944558,-122.5207829728695,-148.9637698576163,-61.64434440387346,103.7602752795,153.280410827613,-14.35950011517559,-166.2041816578761,-104.7682354197134,90.91364420706496,276.2905592070695,89.41876591166384,-202.8682335724206,-255.3559899360833,62.07481166576238
-78.52836531503209,-148.9905592867278,-103.4046239181186,96.08287643837187,88.1094223327073,-6.146063114340142,-57.04900726203975,-25.22005627075794,22.16811905590093,118.7391243873902,95.49383418119346,-76.49314552194093,-158.79241452011,-37.42483705706925,123.3728147584348,181.4795515509691,-24.69766362166726,-145.8296102711417,-98.36573827755564,108.3917379496543,129.0611024957623,20.50032803376086,-72.1583480372493,-80.11432505691631,-11.10026594776938,53.93779787985251,42.52727522005934,32.63267565971462,-25.09626924557693,16.21985084592929,-55.40296065079787,-142.701781344455,-54.0764219391472,126.7391684218545,93.20974162538393,-16.13379391601654,-106.0704761465053,-71.67667463831279,52.08594979807653,48.00030080008891,29.12379023327291,-38.75026748502452,-41.03808404635416,-31.77799913916538,-99.26877191201898,2.642940291771466,110.2610473192054,24.97744427786579,-59.60529168465151,-101.5393232541778,-2.388116929647954,14.1083135072368,89.55580090029837,49.58696235075704,-31.53887417121161,-58.65781832761538,6.188566733790678,45.44797895289872,-49.47583751568775,-17.7166914897141,42.81437394365206,48.20753153097478,-94.08508943005209,-78.84030650951561,58.34760059786912,112.1467729716418,85.10091220626366,-99.54826173984806,-240.3920058343761,-58.98745123789573,210.5477406608062,190.8911620548379,-36.21751817184495,-171.0003838226817,-149.6781274687719,32.98390066186684,156.0884774587417,98.47708683955773,-77.15006731411225,-155.7528603720308,-120.4041899530117,51.45429291792084,188.1705217618803,66.15150944280953,-129.5806099088603,-169.5834486689849,-4.677189992674914,283.6855030511745,177.2761485928458,-116.3520043218504,-311.6511656105147,-53.02040761595541
-71.9089716987903,-135.394815487626,-122.4408753989238,93.74953242122686,105.5262886503675,-25.35398707345789,-78.90551149511471,-8.780355418805259,30.35963933987037,111.8042505658242,93.07368493679299,-61.23531439840468,-149.0219507139536,-48.99939920757139,81.55015143459092,174.1770701018191,26.4820117575455,-121.7790069260649,-138.5312235774254,66.44867901952297,150.1349090191425,56.68035262727621,-57.23727403958295,-95.0260833534506,-36.66294559743911,35.63523563296485,62.60790185929094,62.27301118298019,-31.90006860348785,-4.656264975795851,-29.04621920838601,-94.62015496807479,-60.37671212019544,102.4534880549225,76.06852643026424,-31.65052866635503,-108.9357633271335,-66.05052402898453,37.70342352851078,41.41172707263475,38.58676672911619,-37.06658381266344,-43.57851998479682,-15.35749858773464,-89.08603407271383,-48.45980704809017,85.04961732623389,45.56844837427601,-42.43250640967452,-114.0432566473998,-28.59316352533315,-7.109036766852364,85.93680409636983,65.04931603000158,-3.909450955950107,-53.92027442866576,1.754726656497791,54.2942204349476,-47.23087277832033,-22.95755328268864,34.52493971004211,57.73447598642367,-86.98241686439137,-97.24351584985426,40.84321474327824,115.3688505324134,114.7013032192399,-54.20226681792494,-246.2938404520978,-125.5119026539691,151.4963380520281,215.1369524154896,20.96228026804912,-142.2678126427032,-165.9749793284356,-12.23140181520021,135.1200114898522,118.515826901361,-29.7183744940454,-141.8045693430248,-161.7201577056767,-14.31284848652403,188.6781078318411,135.0704795366717,-56.6910789686024,-199.8060494112966,-105.1442363124072,238.1598322707529,239.6826144562511,-3.409125594818758,-312.6899377970029,-170.6963872061487
-57.57622070120117,-118.4942495455479,-135.1154863112962,85.43322047557074,132.0252702866806,-26.87160013733417,-104.1485800276161,-7.646335729413756,38.0338744810733,108.0658459679833,89.60490645893562,-45.00786730774026,-138.1653225389533,-62.0787119409624,44.29048669179049,148.8835553535538,65.95015519842183,-79.65086098988895,-160.6298276903872,10.94892074888198,154.1386142563535,92.29050127200271,-27.06537262355068,-100.7647248740354,-65.18307611999576,3.807886317968351,71.16401861803514,97.44866810610532,-20.53054440165029,-31.93128647669157,-20.10697214508683,-46.70693460938983,-52.18122816711346,85.38533692723321,69.6055817745394,-47.82598759632529,-120.7594379885513,-55.86382126216359,31.121125290201,35.24509996712035,44.60991786102962,-36.8514742907671,-47.49323539807931,-0.1409669877887198,-62.2791116186679,-89.19800878676983,41.25505084039006,47.61160642627698,-19.42010791683049,-109.1107028896816,-46.46818355305762,-25.56230970430491,71.15497364225169,66.48753912449472,20.38514409529052,-48.59730763683915,-3.098213122971802,64.48872172784199,-34.08608870630418,-21.893454335178,22.8204944371379,61.08762916658178,-70.56586043077371,-108.4662372425392,14.81265058150081,106.9455722148741,131.8141498138811,-4.653452899345435,-220.4311678698203,-174.290035078898,76.68025504130036,214.494349393571,70.8342730418136,-102.7052200253589,-164.5588929255011,-52.08692583864443,107.022904013495,124.684646596812,10.36267252970709,-110.2212206881252,-177.367403585814,-80.43850221839129,153.9987606304795,174.8356160834864,32.1258817263445,-187.2564802508779,-185.2880736813848,150.5361349925585,261.4330432261551,107.7613020636706,-258.5841941658556,-261.2366812280016
-35.4609863511706,-100.5343778142161,-137.8151239204431,70.24749065642739,158.3361153659288,-9.078508909241476,-122.101849405254,-17.51092436640085,41.44709352284785,101.6681847167799,83.11274524847009,-26.22831248610035,-122.2672619247945,-74.06531172634099,15.30258206361604,111.3540712814378,86.44515414758681,-27.03678963104381,-157.4583536396931,-48.62637946752245,135.8673803545874,120.1103757614633,15.66570564483657,-92.63934770880839,-91.67247185054738,-37.40782447023182,62.58877264851581,130.3551734099391,9.308905181949651,-58.72022026970353,-30.8257344906499,-12.14208634054671,-35.35574250855938,77.07290047539745,75.93767009039517,-58.07105533716292,-136.9635863444058,-46.67407619470062,33.84916079133853,32.65454922686664,45.42902189684292,-38.60734119757053,-51.51646238027113,11.98490032081601,-24.37867091146104,-110.4929076536978,-8.722295309729517,30.87180381441866,2.78728842653161,-90.45546447839344,-53.15798195396558,-35.58292472631926,50.42828842743442,53.92238087513242,35.51724510140836,-44.48640683208242,-8.776049320619864,71.27022135843036,-13.67688020925788,-12.50558869302216,11.37600568080154,58.19173701168902,-49.45477498090237,-107.9532581044766,-13.20787567908516,87.71585548195256,133.6391887617856,39.53525729670049,-168.7046464527277,-195.3635874749098,1.151095593720227,190.284470442731,104.8245216007306,-60.12380223479599,-145.6399875046105,-80.39287140742326,76.35772067113926,116.7953388049761,35.63803651475137,-68.81288508835311,-164.922841281584,-132.6661011260111,92.8945250471227,175.9970400554744,111.2651746790532,-136.2410403883551,-225.3292323183771,43.0137636459702,237.8179238651304,188.8909261813039,-165.2018297803785,-301.986345940561
-9.065051816843809,-84.80196061508578,-128.4585646389885,51.18150747019207,175.4808356894262,22.0560177944881,-126.9421038475323,-30.62899137998237,41.48254186077946,89.00604946775317,70.15533586634196,-7.802688205135713,-99.46956700963545,-79.15995543015252,-1.755484758396222,69.46629079401701,84.14171308983654,25.01900083321858,-126.865180121919,-100.5356407982299,95.6873023190785,132.8398148362346,63.66559115188026,-68.35413474587305,-110.6716172525831,-81.8879823018805,35.13161286866293,152.9936521060862,53.86264455952077,-77.39259133977765,-58.15571432639939,-0.6722724644856609,-18.12121140826798,76.61178478494102,93.13864056441859,-58.32612003748275,-151.3859015322166,-43.36624909466293,44.13641794506588,36.491451912311,41.25227214721307,-42.22971490651023,-55.12263627410003,19.82523972467003,16.97306399095576,-108.7211648650565,-50.96209075479203,1.086575505416713,18.63930418009594,-64.80810818892796,-50.16365708104684,-34.34968047312279,30.80410701605027,32.20576373571235,38.59544444464673,-42.80701225528583,-15.99762896402274,70.15308434163839,7.833520421833186,4.60590722444754,4.304013495519182,50.35164315114697,-29.99718760290458,-95.05235281277767,-35.74540960380097,62.01189279839714,121.2712237389877,69.74256224016391,-104.8234017450027,-186.1817689702608,-60.03449496043351,149.7648183615475,118.477662357328,-23.48452847307239,-114.2003226238677,-93.24788139276455,48.92377538139382,98.14352533577481,42.87774551561676,-28.28474635353915,-128.9516271490825,-159.4423279136722,21.63395889137915,140.3049263402018,157.5078609369079,-62.67049844934426,-216.6744887652373,-56.92180494967599,176.3016074454208,219.8935287760036,-59.64291952874169,-284.2201469964251
15.98614652777643,-75.03138965990421,-108.1440550248857,33.83289910500999,178.2647098270138,55.97500342061999,-119.4855596846333,-39.74211842116216,42.36104227756005,70.87275366773778,48.60732648216652,3.702903663176275,-72.42907610350446,-71.32559244399857,-3.509248889955894,32.12279282251579,59.75303687803788,64.28380469081777,-73.13628111759297,-133.4202144390556,40.39502701218355,125.1586670695382,106.3298582849027,-29.36573412847059,-117.3567042992971,-122.5557166811815,-8.414271329358067,158.7782186021117,105.8379491104906,-81.38019254360154,-94.20589719087437,-15.90205576413292,-8.931423412850846,80.72169918760518,116.1055285691025,-47.83369677933024,-158.2410519909817,-48.77386391694337,57.21159065757798,48.1192647091259,34.37896839053501,-46.69973913546385,-58.4367000502878,22.91923398583738,53.795744058845,-86.81572191350639,-74.58971493324299,-31.94000328077927,25.53975719071207,-39.17750159607147,-42.32207010457051,-23.21049947138114,18.388542547884,9.451379203066754,31.09985975928718,-43.31962216159029,-25.60484916446306,58.05225106764311,23.47735863159327,26.31379913624314,5.07846836604972,40.09347828126509,-18.26700883018043,-73.58110787186824,-46.95997970104373,36.4886995754856,99.69200759557985,80.948663736509,-46.38082744055005,-152.6843830466635,-96.06626892537906,104.263475045344,112.864918724678,-0.2753168075614277,-79.01202277618331,-90.57590349591513,30.05699379500968,74.85565778683454,34.20340189923056,0.6953570596091572,-80.20621409437159,-155.3693107477316,-40.48033021075102,80.48067194353317,157.2013162471452,10.4450760392351,-164.5372252927674,-124.2374544457579,94.72465758590792,194.8647247634374,27.76177809183652,-215.9218944175529
34.29902019498949,-74.25389523956133,-81.83488260755782,23.92561686842982,167.0978341874961,82.00329446135588,-106.2392424054011,-41.52243575844098,48.80227564716525,52.58582277424185,20.10900033837116,0.9320335355826845,-48.75909063533828,-47.84205832225275,12.16595602034071,7.86487837061021,18.83450326470247,80.32252136921269,-6.796298856212055,-139.262417961695,-17.90233319150106,95.73716499311351,132.374836703984,18.67331082498439,-108.7915274614171,-152.5679066131912,-61.07376637789196,143.9201065146343,155.6837121355713,-67.0583988460487,-128.0968316527494,-54.09915188806115,-14.09341494190909,84.40341541448298,138.1819073551221,-28.87807548559202,-153.7790650796071,-62.85248523233803,66.61289170685727,66.58076415768065,28.53906310616345,-50.12639600357935,-61.85608286640942,21.51518494297896,79.71916467648042,-53.25812457052583,-75.29300729535119,-57.7448635151341,24.45412183021531,-18.21506267713945,-35.51167609929147,-7.407322523272137,15.85236190961181,-5.914227273560369,18.69298924187922,-43.83967844019085,-37.97813280662397,34.16306256058291,27.41782974264407,47.75695364780852,15.61373530906517,30.74427834798764,-18.02534211867152,-50.8669474221858,-44.72964929205379,18.06205928200093,76.52025702606464,73.45057790110978,-9.470644209908867,-107.6917565882098,-103.4207128155121,65.97735502094369,94.36295038326438,5.824953255499439,-50.25807511775965,-76.49606197681213,22.83385472039472,54.16142981667038,16.59788884507046,10.66929856817189,-32.90609502571161,-123.1080456467523,-76.69953037676738,16.63763682696639,110.7031528758192,59.83427269481093,-86.57136773937366,-143.4712869786823,16.47163517461538,123.9936721111213,72.50415829539767,-119.5770098165404
43.02723899602653,-83.48414587674296,-57.63449548437355,24.59732508966536,147.5231024301663,93.55037779250753,-96.1991186047776,-38.18198225676772,62.88704132417628,41.98588182646847,-8.994425026317142,-20.46269805272231,-39.04279528509352,-11.9128671387232,44.73180177714491,3.30044377578319,-28.93870072817149,67.46073728573002,57.37322336174865,-115.838961369174,-64.77947102902543,48.48906412163,133.1709805468743,66.71824119606316,-85.01781025744225,-166.5290560314424,-113.0522645577359,108.3777323906993,193.456038746821,-35.14489253634608,-148.8212796146383,-104.9482129394219,-35.78814440909589,82.14127155109061,153.0195299394821,-5.721369853791972,-137.1794582738205,-82.64875344793595,66.26262539926658,88.48091943396366,27.64999070076047,-50.17858677235016,-65.58681732277583,16.45076487545589,91.56366792584683,-19.25329507154628,-56.55546427512149,-68.91283525970941,19.05871196623735,-2.684873303985065,-33.97267673163436,5.773141701791384,21.17036898144662,-8.430514117139937,9.346598554146944,-40.47818365736858,-52.278527136603,0.3916348413159978,16.53650584852531,63.58485207318679,35.72883358047401,25.80956500817817,-29.32754314575215,-35.55278256460014,-31.5385501462596,11.6566261691931,59.86952097352697,52.99325431529762,-3.598558365468121,-67.05895181412212,-86.69494340496654,44.42574989759787,72.80951308447223,-3.799031209228401,-36.48091458310963,-58.28297165314393,26.88145348918059,42.14865560447293,-0.1575708574382683,-0.2262528836120489,-0.8053329250268081,-73.00683291900226,-77.82742439780765,-29.62992983205297,32.63688416186777,69.07257715314363,-7.859796026111138,-113.1229845164776,-36.05055963651547,30.76477409462136,63.24434259375946,-25.60475286646677
43.22247879383712,-100.7813915391097,-44.71294083119935,34.55246288774678,127.7156724523913,90.48992025335907,-96.70162703324263,-36.62282911781132,81.98655622433184,46.04332952409377,-28.83896433913173,-58.65853935014903,-52.9435528611161,26.93160258799018,89.76030649582988,21.57615088217936,-71.54462094888487,26.85219200834496,103.7692822813311,-67.87688408822368,-87.59965149259592,-7.52941420104406,105.7838587702152,104.3465403442567,-49.60664418497292,-161.586341504658,-153.8319543607015,56.1990250395038,210.9501940428252,8.911454703785299,-148.359029229333,-154.1587029495475,-71.10712152144605,69.43088393400099,156.160276082959,16.81932949800944,-110.5147505238976,-103.0941714000575,52.6409167001171,108.7185866902089,34.40728881898277,-44.79936197857504,-69.3186351290656,8.917750202700711,90.06622080957942,4.997729914976282,-28.16369386771196,-63.74213052497849,13.79319314963554,10.38124923612816,-38.27750280928974,9.810198084704204,28.13231781799989,2.000617841514828,10.36538017597356,-28.68306898320276,-65.87720621021738,-38.78288086982649,-8.77733841323848,69.27757214738915,63.11053905852833,28.26943754184058,-48.2521544469075,-34.87963907708927,-13.87460114889731,18.53139977163939,55.98640976829586,29.19047543946659,-28.58983781841927,-44.82236026936916,-56.96141116192818,43.68965819095192,58.57475276984526,-22.9869641030206,-41.86719141465159,-44.19088003241355,38.30293765179766,41.78906208726795,-6.535002267984026,-27.48749021514158,6.798919503768471,-20.42057911204837,-45.05990594494983,-41.72146966407252,-52.20393932543429,33.76536782193714,46.30537439492393,-46.00697668187367,-47.7609514026807,-54.76129133586049,5.211801025714829,36.60687090189265
39.66568986520794,-121.1531276217762,-50.46788090299846,47.87612389462664,114.98316799298,78.89516708654853,-109.9608060908861,-45.45275692355776,98.71533766930828,67.38415778999124,-29.13872166694436,-104.5721780656103,-94.77443547957792,55.0941802269982,138.6249549840343,61.24623457315865,-97.18745668887229,-33.08286826742038,120.0311639576576,-6.408944805062256,-79.52273606573955,-59.81666381444057,54.68915782409081,122.5318341628396,-9.348487938566604,-138.2158937942216,-174.5635308245674,-4.870448047353397,203.6662523181932,55.85671618623136,-124.1514155859553,-187.2922867630687,-112.4821503501009,44.2618209268633,145.9700244277695,34.6670485714222,-77.9313839918303,-118.4227478449829,26.31216224686252,121.9026674448107,49.20574012006748,-32.97653514215786,-72.19648431634018,0.1299632460868603,79.48745716618808,13.68568344456856,-2.504508299201488,-46.87333822477473,11.60892202868932,25.9057974533851,-44.76066232776232,1.720979162318081,28.54083981809028,19.54236981697643,25.3392641518211,-4.841651099141673,-74.32876587876498,-77.00981007186594,-44.83302341911563,62.15646484802048,93.743005524794,39.94617137105054,-67.85511720137099,-52.32582763317047,-0.3504650498769956,35.73971287159708,67.42987454622006,12.68868094053867,-74.54600576375653,-48.92063458350424,-28.19283284868629,61.32024493923512,59.45234050438361,-42.58968900144962,-64.80684810810752,-40.85048236267387,50.82698276195886,51.96232933440533,3.653557680072274,-61.41360011434345,-12.1247377448455,18.56901178328004,10.26053225522575,-13.09777467022649,-116.1082704249661,-36.82904496575764,57.73939373483469,34.53957707025774,-15.2431485986827,-104.6199957645832,-81.36199362036511,47.36635603788233
39.19829131880782,-137.5030228772892,-77.84274459304504,55.69856732668542,112.6563351292545,68.31995776378125,-131.6424868765463,-71.01338813594185,103.0827560217496,102.1439100084615,-3.182581731508654,-143.572765703343,-160.2597581164686,59.26737873452906,179.6169513861975,115.9332916316725,-97.14514073555678,-98.18363123917415,100.6121795942275,53.68359937247649,-42.11435542966587,-95.45456529919852,-8.567210609190312,116.4054078129092,27.04212940305223,-100.4798940952819,-170.2239753521046,-64.55798019168272,172.137051141336,94.80548631936993,-80.16005521639491,-193.7856324386972,-149.5043445248785,8.121214037896584,123.7887872966525,45.29270028068672,-44.41996875052607,-123.8308725425828,-7.789058586032665,124.0277476918953,69.79520924219176,-15.29822507042072,-73.11645347340747,-9.033473754979026,66.16489828542431,7.292182766140503,10.04852030297482,-27.60029537061334,12.33654697208319,48.05063587777735,-46.69301597162031,-16.24861398717938,15.39955121713087,34.00178910712149,52.14824080087067,32.04622974555053,-72.08826344960799,-107.196907335515,-85.72296047586833,41.81482886116162,122.645027418096,61.08363745776246,-80.0462916290699,-86.34804452453544,0.8252471434268179,56.88096876992653,92.37084946234971,11.96529745492569,-124.8852788089139,-78.88082751372092,-12.94076351031662,89.24933446571146,78.34375097366249,-53.20863288505448,-98.25643187007429,-51.13482057939179,57.82947433955517,67.86643471399829,31.14701573407379,-89.92007104515494,-51.63879384683724,31.77643087065393,69.94702316576075,50.61271057472299,-136.6684864517766,-122.2850441064644,20.62692470679944,101.466881812659,52.19381149226577,-101.0161373671389,-167.2825628132962,2.441607455839674
48.13878211058316,-142.45377030025,-123.750381327954,49.20946398911219,118.5923506116564,67.72695024868304,-152.0530722792073,-113.9645694021524,86.15382320945287,140.1309113640299,48.73975447813562,-159.7038350911333,-235.9550051199367,31.44211555284483,200.5040204838903,175.0829982360097,-68.1875988109051,-151.8159552453203,48.76682839089839,97.40007793344937,14.40293514137823,-104.7113246507487,-67.9070421820623,87.13139696569388,51.02845188685325,-55.5640404355966,-141.0259102954415,-111.9231200903502,122.2182964787239,116.1774628751651,-26.10118846705789,-170.032840596464,-171.7118098522909,-33.85241128695313,93.39335793405523,47.90825118741035,-14.61190522027619,-116.9196096174646,-41.53264993575298,113.8563995379705,91.8363420353183,5.932476830596834,-71.23235593106098,-18.29895681530957,56.41370375667358,-7.663137729825923,5.027423264950865,-16.41106958368798,12.37482673050005,77.62782292597743,-36.84809593985322,-36.72538277292066,-13.99443527129815,34.14007420075956,82.83325574997771,79.20489008242959,-53.91338896956005,-122.830580264502,-124.8951653404317,9.900065412724063,144.6918865481659,90.22194561326813,-77.78991388431979,-130.5899891512082,-15.78086905878532,73.86375138175227,125.2062833186833,30.7909914149376,-161.4659815895043,-126.1904889615284,-18.67529475273599,116.3726416665716,112.4543067709812,-48.01703576539678,-131.8297782797989,-73.25273014111924,54.53167282317099,82.70563959224363,70.83072259100437,-102.1460116727208,-99.52507465095788,14.46701294118206,114.3410136973663,133.1178329195625,-103.4715722014014,-196.8821311605733,-56.81181783345762,131.8215778414859,135.0557206876782,-41.42889470127506,-223.0514114571498,-85.79061970055174
69.7223410794725,-130.5354145725501,-179.2416052863133,22.99536058184133,125.88917821187,81.64933102250706,-159.5414316282543,-167.7981610076729,43.90193744844625,167.4690173268091,117.886921153087,-141.1311168531067,-301.9460615360117,-27.26447907214836,191.9625658742139,225.8742193888033,-13.86155777644773,-179.106056169702,-23.76350927110404,113.6415587003864,73.53054252799066,-84.15915055259715,-106.9030239058993,42.19946275675471,56.6676362964642,-12.52633445057611,-92.69404601796683,-137.6389309571109,64.13479541030723,114.5918331645083,25.03307254294466,-120.6084943206255,-171.6011392586981,-73.742334869571,60.02759847796374,43.15883973778313,8.058367784200769,-98.50876332756064,-65.96858375298754,93.51315239055029,110.2137101336535,27.12340724600677,-66.45907256265902,-28.07398463076413,54.40526896235004,-20.97113136925211,-14.34901907710746,-20.95693750583935,5.907282284856743,110.6872549872366,-10.582152690477,-49.21687432580389,-56.16555598205115,11.67361453997853,105.5341364259184,129.8987871308759,-16.62240455239254,-119.204309031278,-156.6866310407136,-30.59825302671555,155.3172124862768,124.3690591663281,-56.94833637523859,-175.439970283138,-51.31883578212746,79.08372661392222,158.234116459318,67.16861331468739,-170.1020693130198,-177.1641104086314,-45.9319937457004,131.9337171418023,154.2259609224175,-24.76040820529395,-154.9475221712856,-101.4077312676344,39.58761957656974,90.07647342437919,113.2173280217011,-91.7263620655758,-140.894973304663,-29.26829624688174,128.1175352619386,212.1162958676944,-21.23585214434969,-237.0907309121817,-154.7165609673753,113.2580102040091,209.0837928382639,60.72585236683425,-227.5214848912277,-192.1111952651416
102.5133294182134,-100.0494579439333,-231.5115407299577,-22.49445935606923,125.5666948952474,108.0633174876952,-144.8854764253357,-219.9779157931649,-20.21937847560811,170.9791030943575,188.3989401398966,-84.9506820516937,-337.2979431922379,-105.5237966633641,150.8552442988503,256.00893854436,55.84682536683579,-171.0018056645555,-99.44860628675073,98.3733507603332,116.9573893955407,-38.26970415499951,-113.4729158195151,-6.13281524592641,42.64186958118835,19.60670791499356,-35.45642264676722,-136.2504753332721,10.368423170304,90.81622815649321,60.53310612470489,-57.21106744490551,-146.9954359728353,-102.6491658304419,29.30424665934638,32.58478013651747,21.6898065748331,-72.57719436602191,-74.21544313912109,68.02845256307532,120.6918564029348,44.29026315999992,-59.73911439923784,-39.26776559871989,60.69114713480409,-22.41145793080568,-38.16279494608568,-42.88124503826496,-12.73460080040884,138.9303254693892,31.67708336154877,-43.47626361206925,-101.540146139397,-35.35490924796014,107.9890034382766,174.4167363848634,39.30652000405678,-94.30214000369988,-177.3377957154112,-76.23479322221878,150.9802938987859,159.3954842724262,-17.24180985313566,-210.4025735079949,-102.3854142295694,67.33126919560803,183.7903097360658,114.06375858612,-144.6750027166809,-217.2800502220009,-88.76315546435468,128.6010488726842,193.6672950467993,13.69189167696933,-160.0113404040891,-127.8063795877793,15.47662541954775,86.20430000388099,147.368164929523,-58.69150683478495,-162.6274965053062,-87.76143064364263,104.7517381814217,265.683296213679,91.52702546442892,-228.4009647514802,-247.2981340858147,47.37207272095644,252.0002756167815,180.0211623227134,-173.9667582869813,-285.9552537059392
140.4106565780687,-53.97233114925611,-267.2349265099269,-80.29384227307102,110.2222555209418,138.7973976360776,-105.0573208199037,-255.461388418718,-95.07554881818892,142.8722682776899,241.2852796028953,0.4494376959934883,-326.6675777523484,-184.1461874261057,82.19148557084563,256.7753990012154,126.5608159743897,-126.9821029573277,-159.4223875885739,55.9537761909599,129.8596057441915,21.17501928390146,-83.68802122622289,-43.95495578617987,13.20296871912166,34.02485294714086,18.10689037585429,-107.8554186993253,-27.20365634366107,52.05663196420721,71.61407820548759,4.447777950913189,-102.0342074063193,-113.011651391293,6.227733898991684,18.14541710705753,25.83061116714855,-45.32025972813195,-63.94664234042479,43.90808166967765,121.3583925124263,54.19488288204603,-52.91020536789671,-52.88150071191536,71.86154886316615,-5.537647918074132,-53.24260521868653,-76.66933734434272,-46.40549648953077,151.9464241082569,83.48079537052689,-13.17210390614046,-136.6260954226985,-100.9954882521159,81.53300248804941,202.0550804286555,108.836844349029,-49.17700312272191,-185.2241290620794,-123.8046164002093,129.4062077739234,190.5376069170182,37.87778086146814,-226.5402883972581,-161.9427430488201,36.89908350512052,196.1301021426257,161.6379158750462,-88.55848593880582,-235.503485460355,-137.1889297105185,104.2794060460018,221.2984811025371,60.38576568364296,-144.5611357974815,-145.3145371668052,-12.4548095348269,71.2233096924892,164.3191277253223,-9.395348610898882,-157.2584050461816,-145.2596735937183,48.30328683981999,278.4585529468632,207.863732015326,-169.4395465510587,-310.1430599390574,-51.04452608668848,249.6459701899444,286.3192192617699,-71.81196205267202,-340.3441573826419
174.3127041914758,0.4608182267861808,-276.2681647155236,-138.4235569594913,77.28929143441003,162.3563767659623,-44.96504563647257,-261.4891739020488,-164.3150337968199,84.11897908517416,259.9790129190986,96.56624239747825,-265.9227353685422,-241.379421116096,-1.111210781032183,225.5752910731826,182.8794377827672,-55.55662324207176,-188.4966404022431,-1.853809402480254,105.4551356168965,77.88404636898049,-23.46802129380386,-59.56485441033778,-22.43063505461084,28.04814401344005,55.92053158133896,-58.67571518312438,-40.25120074737867,10.32394134901602,56.06700243428988,48.97607739163692,-46.41431245187182,-100.8455042029274,-5.52678086723092,1.986378063120925,21.19344847618248,-23.557734000507,-38.62204999384966,27.13429293241968,113.3418463989931,55.39520895774131,-48.15220663341382,-69.48145179656447,81.48340003974994,29.70236144820378,-47.8949490781391,-110.9955640728151,-93.18438574292263,140.5978361267428,133.4039498257497,41.35221860903039,-147.735313234804,-172.2097120272848,24.32137452151322,203.6136518644952,182.5692781400193,12.20915778401275,-180.3475366846018,-170.5810732812918,89.7065403097029,212.9042604768811,102.2693224048205,-218.2969519123328,-221.0134718112912,-10.31645409041976,192.4810500313651,200.1989598049233,-13.01518457853813,-227.177914761443,-180.6767353823342,62.16874600168973,230.7573691844459,106.5245318279171,-111.7278123119297,-149.8225211447372,-37.95978516522155,49.03255578653858,159.8912018238204,45.48606850752061,-125.1052376317007,-186.575020424128,-27.97545416867858,245.8049043769316,300.0649049445396,-72.17675225834925,-326.9456241919288,-158.5001284176913,199.7670047611757,353.2556301765489,56.38557892886855,-339.5643102002377
194.9279481626096,53.43963756929598,-254.6054404439615,-183.1693307002163,30.65389580729955,168.1422059631787,23.52188468140042,-232.0349077687234,-210.8598739427144,5.21751062090717,235.7271103747637,179.4377301989284,-164.7562093097553,-259.5846101674259,-80.9097271174641,167.1294143144088,212.2436712298282,27.69463401169412,-179.3108409819663,-58.99649341494691,47.38679813920095,115.3962593141284,52.49072484482782,-46.96437708042762,-52.24942027647442,4.179722435247804,69.32082921505155,-0.1841080377395639,-26.23837378596446,-20.79990578097533,19.08799821530229,65.64082919419828,6.991760095191911,-67.24233165834409,-4.058456703387598,-13.55130650796381,9.400896838262501,-12.90717767066421,-6.961975149785917,21.217225150889,100.5135135650904,48.87192271580037,-47.15441018553686,-88.72476883496435,82.060900401884,76.40369256660277,-16.29121019295711,-132.1817876277512,-145.9197733619784,100.4292674484423,167.8770696600247,112.2038095261333,-125.1625133603733,-231.9415898616774,-57.2904992531469,173.7468713071721,248.1374318585937,83.59483324102077,-163.4147346640038,-214.0359484037698,32.52129010119538,221.93212308983,168.6100488611463,-184.2950099536064,-270.5638187956869,-69.56881072284116,173.0423729764954,222.8702327956607,66.74000431817711,-194.6273523173875,-211.3788186105869,9.204951607144135,220.26621005657,144.1373021088487,-68.88564708602908,-141.4814636854153,-56.14418864757727,25.7793052945447,135.9592321170622,94.21540544433091,-73.97310475924171,-201.444553995069,-105.7072050522988,174.7678339247583,347.3321792487023,41.75373489622769,-293.720105717356,-249.6147208810745,112.4087779828391,365.4119109181706,181.6710266785919,-283.3368730710708
195.8122650694466,95.07016344684349,-205.6813756452451,-203.1358205412462,-20.032425487616,150.5331531497705,84.99822856991408,-170.3714414512521,-222.041568217051,-76.09426849267689,171.0079392690831,226.5130371891248,-45.14427029587244,-231.1268081331029,-138.4062090373426,92.85765429665717,208.2635890978143,104.0755272125561,-134.3904336762378,-99.53659539294675,-30.87767851869985,121.7433091864591,124.3874670723981,-7.90967605535551,-64.71893573430056,-30.13968627565097,55.2852233806323,53.20506729528144,10.69068753083668,-30.13096585729786,-28.0340867603137,51.45988361965831,45.52861913352634,-18.61476423145011,10.54205801719725,-25.84964842593452,-7.118020253923633,-16.20864207342648,19.30417640413136,25.93289472915503,88.21481235423269,37.99341682736801,-50.27233130287607,-109.1079279880287,67.43316590955529,122.4181685578993,39.00857873863202,-128.6453565719004,-193.5812021779398,33.91468050191693,174.9888469273228,185.3516485588534,-66.54060349957921,-263.5765311194675,-149.7160554701568,112.5397440926043,292.5686233054325,157.3094181827695,-134.9837242721886,-251.227640631522,-39.73112067925346,213.8011687195374,229.8256215635348,-127.0831501719778,-303.0389079470431,-134.4638120052495,140.1152300140147,227.120980235045,136.3533708185061,-145.4523579847198,-226.0250078331,-46.43828686497363,192.5767546253576,168.2809164903203,-25.02668445843024,-124.3806548516401,-65.16654697537859,7.528899721240236,99.76306223842158,127.442360011944,-16.56441894652648,-187.2653068497004,-166.8151645673337,81.67306874005179,341.148603071929,147.4064588788306,-219.3495195843099,-304.1701031774268,6.87501621334751,322.127791526461,277.0254038719989,-186.3344718716702
175.6227179369029,117.9510390246416,-139.6073632094081,-192.7904558685198,-62.17874311890316,111.3221922935131,125.2679450541472,-88.80604804222064,-193.7133712798046,-139.6269262269767,79.70624876231419,223.6319937250611,64.18649211963712,-161.4497928627056,-159.3607807317374,18.41266483182665,172.540922935188,156.6488257099544,-65.46875130037246,-112.0891323097393,-109.5463359534858,93.0408781681711,172.6140469691277,48.18521903706042,-52.24459321119635,-64.18216840538302,17.36916916906095,87.4561914508879,60.53581118767848,-12.41079174756456,-71.05924174997766,12.12407527543259,60.22486591807319,34.51065006388092,36.15482491781879,-32.10133845956689,-25.12856878158608,-32.6278040304104,28.82704015968226,37.19368189350172,81.38737083661921,27.75704319018396,-55.98876903413296,-128.0466252935539,34.87826522903352,153.818358948438,107.2800282671763,-94.86094305267569,-224.0883983234707,-49.29550296692324,148.0963710659283,244.0042319596694,21.69641221807991,-255.484458798779,-235.2323678587307,25.89142083206345,305.0835489441332,225.2569387612097,-95.12028535255911,-278.2297222980763,-122.530418582166,185.8655880751001,280.0203778516059,-52.14984845611635,-313.2501949614104,-198.1414769995069,96.86136219130556,214.7408997377953,186.3399341459158,-89.31644182173302,-225.9269094832503,-97.83030964970544,153.5430453999702,178.0762513798852,12.1939122437385,-104.8032953367508,-66.74051531552767,-2.011505830458427,61.50140741205387,140.7275044825778,33.54418111598984,-149.4075642640536,-198.6055068567465,-12.77554210286865,286.8555479640344,223.5454268518415,-122.4575865594258,-312.3269962081821,-93.79047002578035,236.9563099323663,324.7675447321064,-73.33774515333972
138.8283959137263,119.0780372824326,-70.55221298968691,-154.3495500687635,-84.28238614550037,59.5954746476751,135.8073945042055,-5.566774428376324,-131.9460318401257,-168.6074326706356,-16.22353913972825,169.8429091742703,135.7787791871256,-68.14783270723143,-138.3698054091199,-40.10188999091059,114.3948255838675,174.658577195268,9.771269088990605,-92.98982788360316,-167.9277083185515,34.87037959683408,183.1621815462078,106.5703783833741,-13.78240141053891,-86.67120906105757,-34.97345432873202,92.4600268058708,109.8629378224607,29.73982823455296,-96.89067200490426,-39.55957848744321,48.33797879199066,79.94404077962891,68.77410846079317,-29.74523676574945,-40.67626526674506,-57.69237087589531,14.18099977168429,48.15359155176873,82.70959272915616,23.4538489952929,-60.93423458437511,-142.2940949971904,-13.7202732325047,159.0231691504035,172.5565199237156,-33.5127685515809,-227.7600691474599,-134.3173806704054,88.11201011903317,273.0009801579715,125.2614729660144,-204.3166100100096,-296.3213607011436,-75.38552396366813,279.6549525558463,279.8423870729052,-43.78250372283156,-290.0185813715315,-209.0302023013591,137.1497762228936,314.7576485296916,33.31021012670568,-298.6189458797252,-254.099596876689,46.28294442236749,190.4156135844492,213.9798095916122,-34.51193032462038,-215.2852655623827,-140.8730139662722,109.9277959264999,176.3093390734876,38.7073942846655,-88.71954048197351,-65.23832718254535,-2.857607213382638,31.02634672596156,135.3636254795359,66.03892069686101,-99.10107564840064,-196.9740038025452,-89.31639608174231,201.1602167987996,258.1955066188801,-25.69175251900487,-276.5720004908524,-169.1408990427343,133.0888582149827,320.8680094996021,28.36324185301983
94.62236111527089,100.5283725125503,-13.03012905802358,-97.37792579626925,-79.78013179718468,9.040569077662752,116.434758018718,60.23354605583154,-51.66868294424934,-154.7916856899493,-92.73492929777198,78.38146543962536,151.5364156299586,23.86251698613631,-80.80838753918923,-70.25245918860756,48.4792768847503,156.2355019866028,72.60498436714485,-47.2470817323639,-190.1939191250857,-39.04919379536762,151.5443453189452,151.1071678173979,44.28665578867761,-88.90955894127167,-88.60217465630338,64.85159169618363,145.2427948025422,86.15733849514882,-97.42739583527515,-87.29315616781309,14.21571586802453,106.9347282416892,102.893062427418,-17.24995009700849,-49.47860233160159,-84.27704455412527,-25.52300911526445,51.26028216555213,91.37979337100158,29.08786391740826,-60.56745476492523,-148.5984121656452,-71.99862025986268,132.2980011206137,218.290581752143,44.8834155670483,-200.2826737519165,-204.6369684188461,3.737016844609797,262.9289805862054,225.1744320784555,-116.1131036089391,-320.0069113891592,-177.5084436021197,216.6763689567256,314.7583170715005,18.17730252717168,-281.1099510355025,-290.1929852012111,68.89635959277776,330.8461888595234,121.4347080960486,-259.0207265520227,-296.5745427252022,-9.138639752722916,159.5563234896566,222.6271260977699,14.40466533550192,-198.6271376232688,-174.5237433646957,67.27202359153105,167.838117151741,54.82415697011749,-79.45923584670855,-65.72213664625016,1.327163481025342,14.75566156418099,117.3078251692895,76.78284981318103,-49.66537639760163,-166.8533229969267,-135.0905922035164,106.5578033589279,251.1241055439378,50.76288638874124,-210.0062753421648,-206.6285074765918,36.26624626096086,275.0373949758185,96.9322640523325
54.36226591667505,68.75289919397534,21.8316867081917,-36.19897637135328,-49.38940254072963,-26.41420109978668,75.28573257471233,93.98925247523472,27.39985514164966,-101.1693774709577,-130.538370728615,-26.68328523366562,108.3261284432721,89.65949538138432,-1.691089954124565,-66.57806986844936,-9.09890203332016,108.6166145591845,108.3893218526341,13.01206646865757,-169.772561080406,-110.5736975317919,84.04754662558354,168.7205364130129,109.425148028901,-67.39508831228936,-129.9284073357119,9.240549894992999,156.7891952552678,141.7998523680696,-72.0161011250309,-115.9575008159862,-31.81926722995986,109.0944355055318,132.2056918051854,4.974691875463479,-47.73775580126984,-104.3082558213897,-83.80643665530006,40.65330493270719,103.010768021454,45.98487793818178,-50.40969616945759,-144.4265481270642,-130.487782950135,75.5661942036941,232.2272019805242,124.7675736848507,-144.2327982911057,-246.297636419149,-90.45286057069193,212.7479440400728,302.2760632467802,-4.945389490977313,-300.9648186599734,-266.2267152685078,123.2992573358643,325.6140358033415,87.81251926928316,-246.9592091704763,-355.5269840474745,-14.94506290439362,326.0000733295342,204.3159354259031,-196.5578184234782,-320.6474667602091,-67.04615315641774,126.2748413878521,218.9242911686297,57.09580448530291,-178.4987627529256,-199.7338579123572,28.57688310596611,157.4552657896828,64.36272031451033,-76.44579933433374,-71.64882200622768,4.741919926713905,13.83694232381062,94.68121916974164,68.59458096102769,-12.36144794480878,-119.925540800649,-146.3321263728041,24.54942385434396,212.6788900282473,94.4723896885853,-131.7128391107706,-204.3790631885653,-32.61308629236042,206.7817453501264,121.8961113959807
28.33590330555664,32.72364536176244,28.99617483045772,14.09599432810459,-1.117557579305202,-37.13624157912636,26.11316026304506,89.66159494640509,86.30070355964423,-21.34197927936173,-120.7053595394499,-117.2361368312614,19.22203906472236,111.8338667315026,78.35218033090226,-32.08100263850825,-45.0848112224231,45.84441232803797,110.3984580642002,72.13396358426515,-111.0653865017104,-162.154361347375,-4.065946312260587,153.0492678227647,166.1097002331532,-25.09359338138378,-148.3615558352422,-62.62524667827138,140.7979433221604,181.0404645140786,-27.73466693917824,-115.9802799461915,-76.28660315490012,86.29808605145554,150.6454635830166,33.92114609253203,-33.27874046852998,-110.7736875682316,-148.1162962817697,14.17527710047855,110.7612062753978,72.01399440185017,-27.52917086378173,-128.5684143864616,-178.8260272479723,-1.973022478961448,209.9218383505285,189.822772696658,-68.64972266734345,-251.4080619560177,-177.5063172112786,130.1606688580604,341.8422349718828,110.455845654842,-242.5870969917994,-329.3091575087882,12.32152376195059,310.4212834294474,159.267185170154,-185.808316307406,-394.5249516541978,-107.4902006656235,298.7674917768272,274.2722537542432,-115.4872569187721,-322.3804504328568,-124.3343788894021,92.29094970528028,209.1666637205183,96.00079275152856,-154.3963620489194,-217.6886940238819,-5.799981890471042,148.0236534145537,72.51653976723077,-75.48582161189593,-83.14290733622201,1.847173362761378,24.15935774508058,74.76693186186402,49.70484919165337,6.785807969414926,-70.48836863687883,-128.16833943948,-30.20088907047756,159.5750185406382,103.3449106177881,-60.78802974610421,-170.7473398989621,-62.97467181347592,138.837738694599,106.2993876558866
22.85120438469377,1.51071740407052,10.47558262928335,41.81770263368028,52.08723109572227,-20.94150951887065,-16.16861148770025,51.25069404004811,112.1493130897969,64.29681801889137,-67.24871710248198,-169.2936963253181,-90.13748050532658,85.78530789544425,138.8594785364212,22.60087990359341,-52.56723902977465,-15.34229563408473,81.263428029845,115.4782801188299,-28.00673753502124,-181.6635755538679,-92.86967765723334,106.2041017184994,200.0466720543407,29.11250589193467,-139.0400784783802,-134.673691431607,100.7046752263751,192.3336725790547,22.62234461038806,-86.12802015263128,-106.2909899741083,44.95627751962154,153.6549775637573,63.98452875182089,-6.687988662373921,-99.53947791640543,-202.954524131633,-25.64353573885225,107.4288443203229,101.7121728285265,8.152446496428151,-101.4793395795772,-208.1686036213866,-86.22821200779671,155.8256671619548,227.3878968463551,13.21396143162231,-219.938846424993,-242.1503152198095,29.6540448759886,337.0294607715927,211.0808086143501,-155.8188694210752,-358.5133231109861,-100.1375229402571,269.9373358335732,223.8708724139677,-100.3943601431395,-398.6687038694376,-199.1876244781601,248.956176581361,324.0542206964875,-22.31032814078331,-299.2454340548616,-176.3486601319171,57.15676017940291,196.3266624784486,133.689345858992,-123.3908564822503,-228.1945833415652,-37.11070794514941,139.569522847715,83.31295493951994,-70.53409020522577,-96.54886403613554,-10.24448730461639,38.16765752973243,61.5793946827723,30.48426574144875,8.221105727159408,-30.90385757316317,-91.85223849176393,-53.05681462995475,109.1541242383321,84.93378978029477,-10.94022606811786,-120.9508201591573,-56.59917367670162,90.135713444533,64.62685599131983
38.53015402619677,-18.00224120996568,-25.63744955366477,41.76895396712403,96.27046787373573,16.21877809791878,-40.19474262887552,-8.738547866944488,101.5691163661283,134.4270527548113,14.17273645172236,-170.0278790682752,-189.0567698807736,21.04981204954269,165.3509233044319,82.172393031204,-32.63575849633277,-60.18697603704428,31.64533410913892,133.5282117923255,60.05948157058514,-165.5691560584919,-163.2896049714806,38.10649148870937,202.1993159246885,82.74153460883593,-104.079454720391,-190.6149184510378,46.04931790951603,171.8162067033233,64.29135586819727,-33.89783630825015,-113.1309846308037,-3.513319279392087,139.4311000988766,87.86209775043753,28.01284782369751,-70.51912956962829,-233.9955136528946,-71.97089753957341,87.89612330340346,127.3747422072531,53.16425843157801,-65.30286213477662,-213.1372821076572,-161.8096921679283,81.69654376212844,231.6283961158659,87.25510607794138,-159.3401693272797,-274.2406123492443,-71.16747899811757,290.2452908374215,281.8006764986158,-56.24073174993233,-350.7187002453967,-197.6551906225194,207.820923705384,271.3901240000366,1.157611845415479,-363.6056705630506,-278.7548841047861,178.4888650245874,347.3221086353509,74.20208190334841,-250.9071317652625,-216.7304745767731,19.63758958315467,178.933967314416,170.2046725624297,-82.19704001712918,-228.9797879269798,-66.55738715473197,129.642702991755,97.6539612074799,-56.2989854710699,-105.5171176414193,-30.30701684124856,47.81092597535813,54.84320647493664,19.60758437805629,-2.136828482629137,-8.110198188756105,-50.52935839505932,-49.18728964426663,74.03509563378724,52.9147689626876,12.73323598573035,-71.94964593297692,-25.7840051182024,70.478080710778,17.34617709055404
70.29280139340763,-22.6418588163099,-67.69530427299672,16.35609626064642,120.6905932710391,62.27163982027844,-41.55369979496854,-73.29479648663184,61.20299201930394,172.9047334402923,101.0541569427836,-121.4098973406181,-250.8681605570982,-61.81750514834923,153.3825307246602,130.9851211098343,6.283625505146583,-79.78110587202487,-23.377598575607,124.3348444298573,133.8945325485246,-119.5142726043872,-202.1634885365521,-36.38303264336408,171.3944150096945,123.1750903030232,-51.95550867923323,-218.2231793133587,-10.27698513210721,124.6751639496244,84.91792858676546,26.6160579249154,-94.73716287932005,-45.67575944224966,109.7825432773799,98.29180321194126,63.58913546469577,-27.89135887788187,-232.0280715108608,-115.3625832262489,51.16286877701916,140.9088754185128,100.7062764262774,-23.60277641769074,-192.8366068525175,-215.7313060510778,2.977365354386591,204.5609647451238,141.9553424120702,-82.21053495923304,-270.6890907817071,-155.8508395411772,212.1550828828757,314.2395296348366,39.66736941724946,-308.1333101281884,-266.5477157214723,130.50874542728,292.2704056690381,105.7919029966859,-290.9210084887168,-334.7986125700428,92.32608852019082,339.5861879634001,163.3957482130101,-180.1506307189268,-238.2583953241007,-20.3907597709177,152.2453393071675,201.5941805530734,-29.82421780225053,-216.2916010130433,-93.74802637214745,114.7721993123653,112.7005620871951,-30.72160497851002,-103.3090281226275,-53.07223685800901,47.57189550524034,50.69433406836686,20.99079792754105,-15.64519474192784,-2.242569416860553,-15.01828515518384,-30.31239662421902,58.83455824375862,22.05365391748846,13.9643996457575,-37.22757302845745,11.57389271316706,78.47732549321412,-16.05616843982658
108.9871837532334,-13.35188291433787,-103.7921626502514,-25.54472397477375,120.9432621846186,103.0487259590008,-23.78659932645078,-126.0549322396618,5.196814435587343,173.2118577955718,170.8579165357277,-39.30345520239277,-260.7653992727098,-137.828268916864,109.565774151606,157.414501461656,51.20344197989076,-73.01673256895252,-69.03492776181605,93.58842743864763,179.5817041988495,-56.1810801191037,-205.3482860485644,-101.6611670062049,114.6763336283212,141.2461329141851,4.839838027650406,-212.5614932243673,-55.70038228236261,63.77694274434172,78.25218389042776,78.76366814213156,-56.23052383079158,-69.74622513687764,70.23734933102327,90.22503885243469,90.91237494634674,20.7082103383183,-195.5862226089668,-146.2923363922001,1.281116696775873,136.0130895860741,141.8559215596082,19.10833839216992,-150.7743736583513,-240.178071433281,-65.59138308567924,154.7712287551322,170.8715110943305,-2.838057933403677,-235.4592451274345,-212.7385396518746,118.7138727069052,307.7533453818878,118.0066512701675,-237.6790907992302,-298.2876201438021,46.70654844357225,280.2981615872654,197.5053449037057,-188.9037531952949,-357.9149736318624,-1.072339847830114,299.5170744515251,233.8166129425769,-93.53145472135651,-234.6254757278842,-60.39851400278399,111.2146770344903,220.3614272882458,30.33933837703291,-186.6295169412229,-115.955665617335,92.43423084144662,122.8564128148524,3.622213922339686,-85.5314471260109,-70.88656092839189,36.50522292166137,43.78767220690487,32.55149776117485,-24.39405028836303,-7.651036143517465,9.044831481872951,-9.749320253662148,59.85791768441741,3.373333138315173,2.707970548073799,-23.08825228875773,38.26343555127512,103.1983721822759,-23.27574662642161
144.1267411098763,5.525481971284444,-124.8869992527214,-71.53883380860309,99.99791006751958,126.9619376485757,3.290364858931583,-155.9797684711494,-49.49208289917367,139.8944422882142,207.7001796183041,51.71316006632311,-219.9215467115085,-185.494053892048,49.22150243569182,157.0054423638354,88.60539063096408,-46.13916397854218,-95.2091640560686,52.35894619173981,191.8904339891438,8.822597231136058,-178.0187281414993,-145.6173049163081,45.2608385720207,133.8444020134664,53.23083522607507,-177.1789070027809,-81.45286932678914,5.902474951267476,46.03759057663316,108.107440036765,-8.431606642635362,-68.91361841128631,29.17960481724324,62.77292737090421,101.2075165860985,65.84881122743913,-131.4999667078397,-157.7932647156292,-53.1896496160155,110.1122739463043,167.5496919692011,57.94347700874003,-93.84741048823837,-233.6819208994554,-113.6948581040854,94.41945570172706,173.5224592547874,66.27437610390717,-177.8249852221904,-237.0248132464487,27.14127235165935,268.5077409089752,169.8145121591343,-149.7782465608641,-290.8181713093461,-33.56640269056809,234.8669862624336,260.5564481537343,-71.87681231106302,-342.8538260309166,-90.22497455773401,230.2328612560316,275.0359831959149,-1.279682210758863,-202.6623954461292,-94.77196999431716,54.03929370804289,217.8151007506674,89.99691811465429,-138.9617550013162,-128.5519187150871,62.75537146835959,122.0068992503383,39.78474041312475,-52.30801308840709,-76.41885879909029,18.56993726751877,29.98555963353911,47.1999098307755,-24.1276637575791,-15.78753003468422,21.91071542956825,2.453283114520345,67.62803119235845,1.053601912241434,-9.214413023335261,-27.5372467074082,43.35072313286096,128.7572775457924,-2.690986094319116
166.8905136016158,27.78714988598815,-126.9269401150845,-109.5193180293089,66.8645401297584,128.7604238735665,27.3149754684659,-160.1214925366592,-88.43896806316235,86.59182006714036,206.8113548431394,126.1420309137921,-144.5994931669186,-193.534285854147,-8.595887151878085,133.4378615810861,108.486618276695,-10.16045147279395,-99.0672380896159,13.28029707570811,174.8528546622954,61.69621380925681,-132.2001656513641,-162.6300729900586,-21.30474632745332,104.7017134361726,83.10564075248979,-122.8906732185412,-84.82878792066728,-33.29235240913531,-2.49224974834,106.5216866959084,35.25433752888517,-43.35019856146339,-3.94075223166557,20.21352771877291,88.67511527116758,98.43754783611524,-53.19345353339596,-147.4347518844405,-101.1487189418355,65.49131367881651,170.8791444400712,88.24276615846412,-30.78239740000805,-200.600281764982,-137.4044683296501,35.63681481106582,154.5706851873599,116.8835836417741,-109.5820944368465,-230.8078533010278,-48.01309881608996,207.1765357454163,191.8724910758846,-56.79175718062597,-248.5571400375037,-100.3363726743891,162.0488460903899,283.1586557990627,41.99716566560731,-290.2011420233195,-162.2513785737872,139.9910885148142,279.9260231406329,83.84488697337547,-144.2326419479137,-115.8421468079933,-15.211256932611,187.5247797447234,137.4062861888115,-76.51913369744938,-126.5270126741763,29.26361987781651,106.1936676686404,68.37686612178408,-9.04430401738535,-65.47576094892874,1.146492835802721,8.591432109457809,55.68912199822547,-15.62629645052862,-18.83528087399987,28.26943577875124,2.666511066221997,71.18148740420017,11.93526150180502,-12.64077026343786,-41.95476712501578,25.3245684206249,140.2222875939627,36.83530366168753
172.5061813732702,47.22814286955948,-111.4838350738599,-131.1512772969986,33.39413827501173,111.1294586699201,37.86627339568098,-143.7095238661233,-104.0561287729983,31.34335296709738,175.3912935089848,165.4797489865398,-60.56510189474036,-164.1857616661982,-47.12555844370165,97.02586962597142,107.1825128893352,22.96194555481453,-85.22262287753726,-13.56727508918315,139.5185554997715,94.27254508608179,-82.44721766519991,-154.4599522363234,-71.59130144978771,63.07900460021948,89.9534393741196,-64.48091644097423,-69.53493466558629,-44.03297987314729,-53.3674571475246,74.42769719927453,62.67551951537089,-0.2782743423787422,-20.96675789989664,-28.44912153270212,52.68427367064471,111.8198279291575,22.79412845428591,-118.0452595824377,-131.8397166915088,9.241149307555942,149.0992504020736,106.1648116608318,29.50861581538217,-149.3120764620143,-138.9609063287994,-12.488517476752,121.7512223158996,145.8887826252542,-42.13254785383253,-201.3613872079198,-97.68716687180824,136.08759991826,186.0659438215193,28.67122108959118,-181.1782516696431,-145.2580092890681,73.9672943426425,260.6611771775731,134.0968393170714,-207.0510105181888,-205.4362389098081,41.75557505779587,246.7979858477888,148.7141094632789,-67.01623312666413,-116.1493705472594,-86.07822610223562,128.6079439583222,160.5269550296302,-7.347810680875644,-106.5756477177127,-1.659657839344542,75.72331339210811,80.56844550328012,34.59651059514179,-38.90204966629645,-7.729763644098524,-16.74472999521035,50.30528792298034,-4.122912842445241,-12.76513045231692,34.38323474496307,-5.812748248617422,62.53044143492973,27.58841461617828,-4.226546505266874,-54.858713415766,-8.100038457157295,128.8214376421143,79.62579018957176
161.3647034102135,59.29901418027503,-84.85696007880401,-134.0142539691114,10.31027542465868,83.62987596719182,30.19579233728139,-117.660911915972,-97.53966463900888,-9.289908120766732,129.6464769060537,163.7213510637262,5.377582623677625,-112.061755170665,-57.0628582857064,61.22872250462746,88.11846465826667,44.13648272841466,-63.48122144120408,-23.74636596647177,99.74193151960226,105.7461865867355,-41.13503980498982,-128.857766406446,-97.95964778441348,20.75101984362979,75.81957876843168,-16.31687231055998,-44.05998949904253,-25.39139092647916,-92.05308943414023,20.5255247564315,66.38010707204613,47.99060250199015,-17.34654694972825,-71.46276431622314,-1.265717249025233,103.3398508540017,81.08301282960059,-76.95709960411838,-137.8444658153807,-48.07423368331936,104.7661118262947,109.2517631452967,79.28665922539756,-89.86039993513947,-124.7386634638497,-45.45914306726986,83.35860307557991,154.6185188484469,15.7253432187331,-158.3670093094673,-119.3915235457893,66.65092575873753,157.8052973186175,95.40469055910289,-101.5093503287843,-163.1198419740346,-13.53654660285579,197.2571907923879,189.191274574801,-106.3214986841877,-212.1294268607419,-48.61250231007464,180.6911820396913,182.5876297391767,16.31160493650308,-91.2109883208576,-143.7412502900179,47.55411424251679,150.8779788099356,56.79344500270167,-68.98039065349352,-22.50682853056245,35.88752925753237,71.15795230209881,67.27772753563167,-2.832089648342252,-2.433622405032113,-38.84463843491321,28.0835959716038,2.961313252164694,1.228802630395077,44.96770359648109,-14.86405283419997,39.72225953776975,38.05368084027921,12.76191761586983,-56.40301325111443,-43.30280381461781,94.77245268881529,108.9848322311416
138.6200637371761,62.16198487802628,-56.00255273916257,-121.8433379430916,3.780513162109707,59.36648052578381,6.974351106506173,-94.43328007736341,-77.92466398590153,-25.40365301110707,89.02733285268739,128.7191265735578,33.98919592857635,-58.97793654747745,-39.2256424474153,38.27465563235027,60.30333332216224,49.75507732876228,-45.00003078479963,-19.54550232215982,67.4484275680588,101.8414972810748,-14.89571645650236,-96.44176410966674,-100.3117991816358,-11.74881898397485,48.30388424598737,11.78063441487427,-18.62164466668324,14.5080248584366,-107.7634066678849,-40.87009385813064,45.66781876630092,87.53354403006716,6.3107799483501,-97.41708144580056,-62.32416342785146,74.9724366768563,111.3237603721735,-33.98540680325161,-117.302218293239,-94.77480148880919,45.60917911250095,96.93718004102043,112.8741781833962,-31.79687245377047,-102.3353985797546,-63.17520367822362,46.15211411987864,147.0506984633309,58.81549861075786,-111.0840413126341,-116.5012737869022,7.652489003746108,114.1944610470513,135.0799248225865,-23.03868900918417,-152.9160770653391,-84.41805412070416,105.6007361945109,198.8255872546219,-4.685078862345364,-181.136036432783,-115.350400456094,93.2244073097069,179.7468524357772,90.49673063956165,-41.79998911937,-173.0760800466957,-42.24535842248828,106.7948414823897,103.0261188137581,-18.55285541503739,-27.00205597097395,-4.052768908151208,40.65124881865089,79.34986187088052,32.88207280779657,17.97899488091227,-49.31429703620863,-7.605944137452238,-0.9115993367577623,17.34596413018157,60.99505906369137,-15.31705955073325,7.494591311079503,35.85282751082487,30.16276748595963,-42.05923326011243,-65.97505020014619,46.89432176925599,113.1244610324784
112.4744153076626,56.95734911190532,-33.91926177026949,-102.9130984490776,13.60912082666277,50.51361351290347,-22.49214702072631,-83.62508596862816,-58.64589134682892,-16.60554107957424,69.57656005475214,79.02139889443403,19.56914777736477,-26.48868047363043,-3.907962609546338,35.2773430859416,35.09556172701491,42.36310461903301,-38.1805305776972,-8.743532870742342,48.93699145005969,91.83019087633745,-3.295295663858401,-66.93776617594723,-85.4020112162932,-28.39728772915229,17.92010013143173,17.13105987338292,-1.708512112904775,61.14317494285008,-96.59557658554203,-94.07019055662433,6.651118509401811,106.8317244822256,44.01341845787425,-98.58933541775836,-116.7994985261667,32.85458027963522,110.5986852123672,1.27061905301494,-74.66801203380859,-120.8859680262253,-16.93887076983774,70.91831168240809,127.0853754665763,17.25167067385626,-77.92725087531981,-68.37030772400705,14.28314076837732,127.7873768504116,85.38991183071707,-66.32854156823657,-96.21116456194765,-35.39359747681579,62.54202211036751,143.400960864064,42.44829757959301,-118.1742332043109,-126.1950823922312,4.274377337192409,163.350387864846,80.54631384893308,-118.7781144228976,-146.3355709640499,0.7805308064610449,141.2127930716389,141.1601978851826,25.16213665070939,-163.4421028337572,-123.311421121021,34.89702539633385,120.721174749838,35.81079328938445,-12.30339839729527,-33.36272479941636,-4.402659032766826,65.90737720225687,57.60382097117493,49.11182711629541,-41.57012812675499,-47.70180810832824,-18.6606850437643,27.54106530646035,79.18921572032612,-0.929820156785369,-24.59358818779891,18.84830604119903,38.4227166515628,-14.24663550225546,-66.41843868340329,-0.7520581821439241,89.23623210826148
91.70351575401789,47.3137990721849,-25.1946833441311,-87.161119906865,33.56168332156666,64.17466125927578,-45.28465495430102,-88.74765713451227,-52.77756211260767,8.299522515135545,78.56366767932502,37.29328779622429,-28.58984629831525,-28.61812333263721,32.81559673885342,52.06475336139091,22.31736599804057,29.27756610513545,-45.67327881151528,-1.504704219815532,43.38063130087942,84.53149545769087,-0.06092100007833054,-46.0513702419915,-63.98694158976041,-29.37796613014536,-5.358484034206866,4.451773613019473,2.636288605476115,98.29048826363251,-62.52162785320785,-126.5456786703049,-39.68364492749775,100.1477079212505,85.72904546528217,-73.50023552288383,-151.8080227083827,-14.18719792062839,83.72647752390787,22.0138241066923,-19.73783069566767,-120.6941872921876,-70.26431275092033,35.26184190022074,121.3341142520451,52.14586146068864,-54.79720840548134,-64.49767532841591,-10.59929487066765,100.5705835742685,96.10730153764894,-27.74860389891904,-66.93571364555068,-60.0184801095446,9.524299157665004,120.7784906172784,86.66222319676189,-66.37805506566117,-132.9119314981159,-86.33362206371274,92.0014374738662,134.9255261874048,-38.12261096097077,-136.2345040363226,-78.71395081470456,74.94496578685906,158.3370807054038,97.56800118816805,-112.5636849272534,-178.4626241238581,-50.87122025432448,104.6110809216058,82.94289821277204,19.70614662560574,-43.03030433588187,-52.99917005970526,28.5265949103667,63.25558367293263,82.4386391483595,-13.51450353602054,-80.15689176118943,-48.18756488289761,24.71813654626402,93.32785045259665,28.89138998778568,-45.78744931073548,-9.004671888790469,30.57905861020782,18.60384796026111,-43.12890734276895,-33.97205996209975,44.38350503953264
83.14651122252039,38.30492463270102,-32.30978211903158,-82.98444441159957,53.62213396861687,99.90791559224975,-49.11998860747344,-106.1603251265828,-68.50584228471406,34.60894485184112,112.134839615151,22.52772672588766,-89.66819147724956,-67.18115178730282,54.5840539746389,81.38934292171579,26.98685294613388,19.70367662775118,-63.47537156031713,-6.465986271554508,43.92423031068083,84.75460340095155,3.700058970885112,-33.99430410096071,-46.80523184462199,-20.62949957990373,-15.28236966770574,-16.27348391150906,-4.108530101333795,113.2698031011104,-15.94245599603793,-132.3974356566016,-80.83218321962717,69.23878352006668,120.0453044035002,-27.78399849688094,-159.0162404976768,-56.76232664581466,41.45340477034105,25.96513062559903,34.8214035256979,-94.33003544223628,-103.5422457405438,-3.905089766359819,97.56582463239754,70.12633420291135,-33.39456357309212,-53.9906557536582,-28.36864572019855,67.79973052644513,92.78078293608205,3.627393680372234,-35.98732377314544,-66.1125354134208,-39.03847492698667,72.35574744120218,105.7579613226627,-7.545229364485074,-106.4487615531117,-148.7016607149758,0.9234096098016739,149.9445270461406,43.61531237651705,-88.30055996795025,-129.6894137952238,-5.668560084225888,139.050175685357,160.7976861064486,-28.11144130755512,-195.4301757898696,-132.4722118947109,56.63723370882959,112.1042964172409,62.50492400892613,-28.62869706404658,-92.72945309532668,-24.91848190576919,46.95632792715004,107.9915547627853,31.11676785111454,-93.82788421459988,-82.82413562006808,5.578024781579227,96.80033282604143,68.58177931477117,-48.16345280438387,-39.19895794058746,5.280454178344582,45.18488589552577,-3.472742602615252,-43.52262571910649,-7.032858430096623
89.83898074630763,35.13752322421077,-53.06018071994333,-94.67639006564723,63.37390244467886,149.6795910503736,-26.44900937230869,-126.4321983161368,-106.2653781851714,46.87166996381014,156.7029323964508,43.62697026148452,-138.4981738174716,-131.2061431992558,50.22193715514867,111.4230017781614,47.71982082880081,21.35159825101722,-82.3936605741365,-27.34292992236563,40.90445946786041,91.4633020386291,15.50525633664426,-26.1042764517666,-40.76053812754014,-11.38773391652683,-11.22947249560544,-33.59071549164723,-15.85350150582526,101.0439779964078,29.73038975810615,-113.739822839781,-106.5379485845739,22.8466505113193,137.4472161152655,27.05360236545796,-137.2895899246881,-87.1649400327826,-2.883790022033659,15.71195972850576,76.74695002954719,-47.90027782725733,-110.3841644842552,-39.2148784948411,60.0750576447865,70.42636934197962,-12.64714042146812,-37.56170649529446,-39.1684820705721,31.03939308172906,77.44887681048212,28.04179999915936,-8.155110095464947,-55.21956781206531,-78.09485633555475,7.271982172369626,100.3635106074756,47.75241670179511,-55.79643704284364,-172.1637194289615,-90.42674083585706,124.9097604392347,108.9269457775609,-14.15723528325245,-142.5146233792544,-84.714559684905,88.11780166829392,201.3696649000345,73.67070901922577,-170.2489446667976,-192.3640887344893,-14.10689594090199,115.7809661854201,106.4183791168569,8.098980883612334,-113.3470304910423,-82.3465228939162,12.05515735784633,117.622463227226,83.28252161281105,-82.2512755241098,-113.4697466439003,-27.90639253486477,85.42529407539939,108.2459246420387,-29.60641552714422,-61.88836867528312,-32.22949948108686,55.53145017788209,38.75452870554074,-28.44596631084968,-48.34098946995523
