-56.55757835337062,-87.72500944777882,-91.29605037665007,-88.94630241214641,-68.02142011557943,-43.6144267813663,-44.90872268061472,-19.57359460010046,-16.83396206979412,-18.31875572360232,-57.15075326580211,-45.81764876600866,-99.29349027899991,-62.38086562271349,-62.97925814406501,-100.7141447663988,-139.1977034411987,-120.3117137495402,-125.2207409955127,-127.2991219594998,-85.10986667641492,-67.84019638115998,-52.68204100533826,-60.44869883643672,-55.63865114009243,-48.1842735799507,-64.95485780633972,-89.44163534929099,-111.1259475434621,-100.7587641533234,-94.92455213816756,-85.70507240856281,-63.75209695256448,-75.16539657562741,-44.77943831198092,-45.17643323217829,-7.175548928044447,33.46447298003867,40.17385307325249,38.5071684393731,37.00435707813951,36.80546931421856,0.3628269800234237,-12.89864463133395,-18.9610178386385,-38.88109321358481,19.68930171754159,54.20079919519161,5.976180381660172,24.97919319109259,30.38147179596136,55.13324448976476,30.41481114214435,0.5334836936778127,-7.282129411357613,0.435030752645788,-10.01377584008242,-8.73488613818421,-3.591702048975452,-32.97670987899464,-37.61699602532544,-44.37959730064939,-68.09567871305535,-72.96767090050936,-31.53893885298037,-36.48434742317328,-62.31489209245257,-37.68968131043102,-38.36754194192941,-52.69339279554973,-87.497236051092,-70.06145087292778,-102.4265591456866,-114.8049068877685,-107.2236889679447,-80.72594745833105,-31.04883809590454,-45.58143514527387,-30.67504141272329,-42.79519372445066
-119.8809750701415,-102.933386648177,-126.2422504582165,-97.97662690372852,-66.74039751240329,-18.84876486563626,-14.89433535068268,-11.49985043346,10.36391074886986,26.89476614798859,16.8233512675962,32.75552964571905,1.901621569839414,24.36480415734334,28.04281521803532,16.68323380846325,-3.319259604664421,10.8305262503287,2.424365633897495,0.4646419049735239,10.76523614211204,18.00255818646918,57.38510238960886,34.10011348403681,46.75789405072023,35.41389018230944,22.11129828014989,-14.48379062332645,-33.30608185064494,-17.5017875704984,-8.627581326195847,-0.910374618211334,20.09066794185677,-21.15702927490916,17.7547715869718,14.26797989279114,34.13303537468317,35.99208203967165,50.03100140935322,51.59448002638661,23.36906203760129,20.9428150377003,6.906213341541298,-5.675649718784774,-23.3970858116224,-32.66959257451021,-14.80744063261347,-5.657874369900066,-31.49210799578761,-31.32501232823562,-15.82289089092801,-9.336260601050357,-39.2825421710007,-62.62321934923364,-85.64828572843521,-47.15235862785107,-51.74307734985191,-63.23222101115865,-82.96853919790219,-99.64779811404729,-77.31539264768067,-72.58973520360924,-76.32786342622502,-78.48922880442362,-44.9839415141953,-53.55808021759568,-78.55723478514815,-77.78696607924674,-61.55432908079156,-54.98630694766077,-79.52811731360757,-61.95522070944991,-51.98203792499638,-85.85504929852736,-54.6458764720985,-40.4685359678841,-28.03490022721495,-52.44989474004732,-35.32424010128865,-60.03225266644591
-75.63092627954481,-27.54037868613597,-56.18975743018471,-22.79056161622325,-11.27396653090314,17.7767952617054,24.43499043226091,2.784996055279003,26.34713078657014,49.11497577350666,79.04200618641619,86.75710285535619,99.81968202281598,90.23627268763313,95.46195432492651,121.2694042696644,134.680198760765,135.9447958402021,131.4873375911715,130.6706194969042,102.1128211656568,97.00304782633728,126.4114584463785,108.5927541308726,115.6867662561883,96.3944018105455,95.5262563243283,75.98470912839878,77.61479496010651,82.44972695503242,86.38960476276556,83.62091339729517,80.17229088232394,41.11940017457665,58.78848933499845,59.71207864245155,39.9353059950462,1.516386286815667,9.037202283072588,11.77471909389144,-22.48406022822388,-28.87756213737754,-13.72519236514911,-16.91051067275561,-31.0930637790467,-23.53293211887901,-58.97870627338426,-79.64170667061578,-59.26586975000899,-72.83866968081094,-62.64910175750612,-79.3224422174366,-89.04805216246253,-83.85247238012128,-102.0014426416587,-62.43006641880897,-57.16624872633496,-72.13848559805905,-99.53181379936642,-91.16753739080512,-59.64291629211886,-45.70684715591844,-27.93273420936582,-21.61295006113649,-20.05668687210159,-22.50314642570398,-25.52967770333224,-41.8195761413761,-23.72284152623043,-5.414422136907076,3.000561819964947,1.933484492119715,44.18757757948948,16.44445432716494,45.62093947933985,37.05987808436761,3.142748881765266,-7.482246174124483,-8.24771968706091,-24.06775844836982
40.25724852579124,79.11233937188435,67.03876353951453,80.53354070310083,58.9387612417981,40.05882561447157,43.46076889717351,16.2564149131112,23.71956261874875,35.20994648235065,85.88457113211453,78.55918143302702,126.1539637339408,94.57515039707167,100.9630264612611,140.3821807540539,170.4744098452344,161.0954510691493,164.8969117109166,168.1352283562128,126.2113912762871,113.1132465126621,106.0105651236325,106.456434459331,96.10853401416566,86.27543902577082,93.12024727131566,108.6730485815209,131.2054770457277,119.8534152528371,114.8715904336309,101.8675864285329,71.77138911806979,67.8987644090339,52.38906251769031,55.59711222058878,10.51041116229831,-35.53841689586108,-40.6374838745032,-36.88235727620074,-53.44326475623858,-63.02395075507182,-33.7245306856269,-26.75913439240244,-26.834238134386,-8.494586898130571,-65.39786299854481,-92.35171570125439,-42.95414804423955,-54.33644152776867,-59.49075756079075,-86.62676190848086,-66.3773190370466,-38.47756527738819,-32.93936712192634,-24.6060630246969,-17.46862495409793,-22.01244134814936,-31.87979969071938,-5.820764440402828,7.056658529137023,16.34437345215352,36.87380300418246,51.5354228518481,19.29021066893578,25.57761869663133,44.77413897056496,28.91410074955407,31.0632977869352,42.05495290162892,75.50018611097319,48.84810998639536,86.18302494535209,85.83827759709654,91.35525287116994,69.52636053152024,17.16884530108349,28.54997464991792,7.499191112255203,15.89149065242219
124.1934852472237,124.3779372976794,141.2994134506954,125.3211080737848,88.69115610693328,34.69365774608325,30.93926675697763,22.44389268223911,9.185798020683208,0.3751762352342019,33.71772468938418,16.31801022934433,64.71455898360738,38.55686432989331,44.76420401524878,62.08422049714849,79.18114653870938,66.8357403700945,75.98093267411764,83.7552117938191,63.07444293411768,49.35345995819466,11.25635905631888,25.12617851744181,2.171627463894831,8.750775932166761,13.34674973160902,54.08163110264348,78.71283100476356,62.69863529690863,52.58823993672522,40.40171833254214,8.540913961192537,44.73126393953645,9.774715572844134,6.533581139328212,-24.0689399945988,-39.07050960540786,-50.12153745419019,-44.60785868955634,-32.75906640270095,-39.39308191286427,-17.74242387211782,-6.797797449029342,5.191530907171745,20.87820240100205,-9.931831555269421,-16.61521266806169,18.92641521461216,19.11574369714391,3.9705329204298,-13.22811881108925,21.55293651920464,44.2756052930053,71.92954801779078,41.69706131313518,41.01272300410308,52.06876004464205,69.53735930261529,92.75208961404346,74.29783585239227,66.751287121206,70.28794263207423,83.13773253443416,39.63180342492259,47.64129289960069,69.94676890717558,64.35548423965504,46.86845109532088,41.14647038773266,68.59582813281358,33.54298698274133,34.94133869133488,60.34253845255719,40.7469431895017,24.62650064766427,-4.969193854927514,14.90468500654994,-6.561511498393717,20.6352692294084
98.7903926913924,64.10256284517415,100.2858941551139,67.56681779564892,49.67630786564293,6.277301203120608,-2.328625870646391,15.00063914153837,-7.850997073332025,-29.64049735295001,-41.11672868951655,-55.36464266998331,-40.92312231681365,-40.86414903885313,-39.56172507635264,-58.97833711793167,-68.63924728291553,-76.84250036354581,-69.80147372985139,-62.44683931025169,-47.06626610932421,-53.99883346983314,-89.89504952880847,-77.08492712384222,-92.45272759612462,-78.00758123111488,-79.13302531906687,-44.8325107652698,-40.58219954213954,-44.65246142608214,-51.49487808704912,-50.73033797156057,-54.04477987765528,-7.051034278379218,-34.32642876389695,-46.76498045102839,-33.3186988057065,-5.638197333734241,-11.00650002586449,-5.811078676881102,25.16310427090329,29.0985809597547,30.66677044905692,38.03654249330499,51.02976033067276,53.09990536616426,70.9690793354431,88.69599781658391,80.11362857200282,87.5345462913882,77.57768341172839,83.0944957955894,103.560236102374,98.5428474738395,125.120765220425,80.77660940577833,72.87292676536318,90.25582638915003,119.9789793279703,122.8240883085865,88.25212845265601,67.44035847901878,52.53199800122015,50.4726917331143,27.12852706019414,27.97422430226292,33.58049670489256,34.46852433623972,12.46092555824404,-1.509765583511739,-5.296008861478552,-17.86633232119791,-50.80995728438171,-21.31929563546846,-48.63133115650842,-47.29344574320545,-32.61791302734982,-24.26743970538596,-23.11081770172556,-0.3105262462899191
-15.4537682194056,-54.6358603536614,-26.535836204961,-51.92989706773622,-33.7072294264543,-27.9425329417679,-34.29437412467708,-7.134087816821948,-22.10685816603335,-39.20385757071382,-88.66634577664026,-88.46346871247314,-118.8505626472232,-94.92297408878389,-102.8784161021068,-139.8298311440648,-162.977506991976,-163.1772554790516,-163.5861718384942,-164.0085243985266,-127.6344155699139,-123.0801638837297,-125.3763394949911,-122.5890718766929,-113.5206855397264,-104.5953043982001,-106.052370658778,-106.0726513684018,-127.8634295076,-115.4460608783206,-113.1779223930954,-98.46334947949774,-66.86940077607704,-48.22747624824195,-48.59607068174112,-60.22133191522688,-11.94636279378821,33.7362139750828,38.62224027215797,37.82927691702464,65.42072873670077,80.83382326658759,64.60571541956671,64.48650204619777,68.83432476126636,56.40110092155468,103.5438748196752,125.4574857729744,81.2511048423037,85.79307062665434,90.65727952645503,114.7611228180573,102.7472297130541,75.03932773445463,75.6768745089458,52.86718105843472,48.28193556833774,56.43407849994041,71.88777581074612,52.99740717586689,32.73600959872728,17.54166041990786,1.309385243968817,-18.41152585967268,-4.169568626643932,-11.73366205400737,-25.4768251306669,-25.58253983723758,-31.01061754625395,-37.42254841579155,-68.68028269000411,-41.78540177345253,-78.36280458994918,-67.76843858401037,-82.18511565520191,-66.98413282205506,-21.63316105902135,-31.22362497403534,-5.366060513857501,-8.383667530816139
-117.4235950052954,-131.1009978599624,-135.0674576862906,-136.3599902419705,-98.24561856742467,-46.84303400016339,-45.171607321199,-32.3050899515877,-28.92726597761424,-28.36539356257587,-77.9590797771986,-62.86217639538189,-116.2911845684711,-89.91948755489884,-104.3315609717506,-124.8905070328022,-136.8594578586454,-128.9105970533371,-135.7828516948547,-146.3548638051746,-118.9923210881031,-104.2224087939414,-71.22394481083906,-75.38816189346358,-46.36080986871394,-47.58877964396582,-43.44957836058875,-78.59505364237951,-108.5584913790336,-92.17663320069735,-82.32012941959665,-66.14514253904764,-25.51876956961793,-50.33269431426726,-25.89263788305256,-22.49808928526256,18.78206442946068,43.66223323300635,52.36498354398465,41.6159935576094,46.18645362521329,63.24131786166846,40.91845637658479,34.43902523993132,29.14492075897788,11.56059583421857,46.50546965558206,49.62770620524904,8.153848137403459,5.907115844986592,20.14308725722119,45.06485231686376,9.200146305251925,-13.33041387165259,-41.54025677168015,-25.93562590299059,-19.43813223859597,-27.79827891371295,-40.4711138731124,-65.98774203474798,-53.77653635371058,-46.25757965087161,-46.48300985991044,-70.20074212008771,-28.40270379321054,-36.6760060743402,-54.48629195429625,-54.84853684333383,-36.23410625493652,-29.08529587218123,-58.93522190953856,-9.255509929033561,-18.34673868985663,-32.8107641904164,-26.29785716299376,-10.60222837068216,29.59565879771563,14.00461674412913,41.47055959855601,12.87111368523205
-116.4633326465793,-98.08505551584949,-133.6959403699927,-112.398480773966,-89.23127110718333,-35.40881468696016,-26.69563751344424,-38.69557152630065,-20.67252270389421,-4.924566148970293,-15.47285372443654,3.428445675397338,-33.59205525878503,-25.96238599783109,-35.85636592867395,-23.29277087855177,-13.23231902085114,-1.157587140371156,-8.839379312791248,-22.6060793839576,-24.13502182592304,-7.744271647277856,31.2970666698267,28.19890106569596,53.05437720237531,47.84084915851113,55.37125161146216,12.50040510367861,1.156179054632309,4.508269098496536,14.43125775528181,16.99356281964118,30.78416418079612,-15.44417134177809,14.02024079681727,34.72587531660088,31.53421260263905,16.28879851094849,18.99805333352923,2.921550944267159,-18.10063918028314,-13.81713117864595,-29.40816465634164,-37.85623390723007,-46.6009935123945,-56.73793748402636,-60.45684923722227,-79.04029200186838,-83.92140983586359,-87.91258828258917,-78.95224360799378,-71.54952104887212,-102.0283391956648,-96.16446492769553,-129.5869973300457,-90.48505865660503,-78.4315454329663,-95.45376507465791,-124.95060963454,-137.6285320932476,-104.0091571084644,-76.79241325706835,-61.46184274090796,-68.60948358032552,-29.97155536982655,-30.38734722254788,-34.99296134025374,-27.71797565173268,0.238850003477573,11.5855807137429,10.2142664835219,41.90750830105139,64.87701839985039,39.14968427355102,58.39270570741752,63.3885093309714,69.12248047395769,63.84230953357797,66.01681374267714,35.5956942216089
-13.96292121792575,18.22035817898275,-22.0311834642628,5.787404242212753,-6.532396781898092,4.620974489521694,13.13257792558592,-12.09588075397697,6.34663134055032,22.62870893109249,59.48179779131962,67.82026298753131,75.11946221258034,60.09045088747055,65.19874864814524,96.20930380896901,115.7440950558023,124.3438170666402,120.9746159238584,115.8604112707523,89.72972263442136,95.90037205315383,106.9753144192463,107.0787526119531,105.2984960477766,103.0793046348007,104.9304449941263,87.69598488518804,106.6154673033153,93.04384903860641,95.45338059450602,81.14295564377137,55.02019377998631,26.70621743552405,39.84624495860779,62.19358531846867,15.91320193486142,-23.8873449366313,-29.65760478400725,-37.98707325852133,-68.31065137430795,-83.1748646592612,-83.6508064393105,-89.19944233625692,-94.89699144682729,-90.69104725093293,-123.9430852750453,-145.0606293192771,-112.1274666178674,-111.6187778337419,-116.6868379032106,-132.3810912129084,-131.6921702759176,-102.1748012400073,-110.9784232112211,-80.62619048648862,-77.23283465524,-87.5267079484032,-107.8769258619503,-98.72542854583025,-74.10065545337258,-50.72342309792687,-37.33945397155583,-18.89631156281451,-12.04931394375052,-4.069540819675916,7.121579012332687,24.23718448993102,36.21876446155662,38.25432068915836,65.98413525277952,49.14565757051086,80.71702387447037,64.55559799592891,81.28586623585194,74.04677276736726,43.75871885186152,52.48887116511376,25.28832033999473,20.69730814640084
98.79029833483375,119.6991463552863,107.625138731195,124.2647225770541,89.15603086128581,49.66181398561989,50.75742752016339,34.73652092326355,39.898733594818,43.78230598227812,98.36872616049477,89.48911065067662,135.6824471406282,112.3962290555559,131.2893319020727,150.6656229317038,158.0600964374582,156.0854653247181,158.0684120476639,167.7821498201199,139.1306891985718,128.7708077280012,102.9723033676524,100.8445853951766,72.70661993847204,72.27956342085375,62.77372280916244,83.74195139009942,117.6237429753092,100.7781820458518,93.62106310814301,74.89292580576188,31.11109698167842,42.65205630866561,31.95443752508003,34.88171959779616,-14.32924777375611,-43.68638195234462,-50.73341218753378,-40.15886953578272,-56.98996556776326,-81.64960714438641,-65.92085331474628,-65.49221696825418,-66.1848642309582,-51.08639013230857,-81.57240030069291,-83.52522426835006,-42.32884403347514,-37.82043157943739,-51.01980944124576,-78.5284250069149,-46.2643994091505,-21.84404381574047,2.63162553578438,2.428483012101261,-9.773339691447729,-4.97533577435201,0.9884648238346934,24.21915938906425,18.12442469282003,14.24440485359946,9.765997687360862,40.90336369969848,11.16311308196259,19.5569790410779,33.06492478548599,47.99249338939631,30.68862891455837,20.9728960497847,52.18470963205709,-4.055331166207351,7.932385515133178,12.20430866388148,16.50849396864711,3.792501644559423,-37.72223636426614,-26.23411002340056,-58.76218382644359,-31.00906893487308
123.441063194702,120.9099683543826,148.1777786968431,145.2951270129853,120.2464632188311,64.69289126701278,57.65836452545193,63.90950064910835,52.68787766665731,44.14829423609512,73.15497272154705,53.41901976676458,103.0887693830501,90.48541141355618,108.5225977600892,100.1764515308432,87.38064495217523,74.50416623654679,79.4903372945124,97.52332938857377,87.38550413303997,66.41724042083193,27.07455040509214,18.6872689655618,-12.35604238060808,-17.34159319783709,-32.41884147417884,9.420230149048651,28.38068038704846,25.78243999112314,13.84770423116558,7.82227335750239,-15.81938057246282,22.23302718941722,-2.285064782875415,-24.81353676662999,-33.55672901399109,-29.33413865718329,-29.06473736589022,-2.946193251576685,5.625007406236567,-9.47645328066236,14.70792753570795,21.01609181087506,23.59762567673424,38.50987658214142,35.12602201886621,55.26018059651377,71.76213978139589,74.09767050208367,66.8451773327258,47.62584547193872,85.4812185208437,79.84293773912124,116.352220528679,90.40528727565109,72.84963799160262,86.79629837285083,112.6595576747756,132.0553285899592,102.151579940874,71.13316879605847,51.853973153167,69.9251259399224,26.36716956895511,26.93034812845838,27.81562904320688,22.86882099345449,-11.36392368259426,-21.63417003535183,-14.76030577411121,-65.48146969198338,-80.7229788048584,-62.22933191242822,-69.65835464485102,-79.18782975278775,-101.2796469317629,-99.70564323680883,-107.5133309936066,-69.84829379111498
41.74303310592675,22.34202278389488,67.88521904963568,49.02562719407764,55.39809998398989,29.41180977992447,20.63761280173187,42.27027544312371,24.05055331682939,14.0282421559309,-4.04099911116051,-19.85489426169151,-4.855137569153428,1.260649491293783,2.148818305931093,-22.04430820829588,-41.59928946677843,-56.42556128840259,-51.24853632478365,-39.88760136752318,-26.66008250079301,-42.74128066249429,-61.21241866503814,-70.18708811509271,-78.39177787442483,-88.31650791843427,-95.34534491078915,-64.81441784487551,-78.64132529115599,-63.73016187183829,-72.1386475977548,-59.68291047771675,-43.6871782252464,-13.44054559357435,-33.34962295745976,-64.31883387683509,-24.947923578873,5.376712703482137,13.08003802847987,35.2541521610503,61.35466426941471,69.36735435871216,87.06912552952228,95.72169725200625,99.73680166105778,103.7666422025987,123.9204352479785,147.6306265073369,129.9339334373448,126.3069313388541,132.43944960796,135.8649405809386,148.1322868371678,116.0615670452739,132.298992878207,104.1301142553823,100.0513125024937,109.6675861041039,132.330621187439,133.6607502675357,108.4806837593189,76.75833551959145,62.67818042676368,51.17142385538627,26.57751662753009,19.13729784516337,6.653735258904753,-22.01950318861152,-43.90063062815003,-42.56666869584314,-65.0210268057473,-66.42318915259033,-91.53112940403422,-74.9213515150737,-86.77439120592626,-87.86073051566261,-76.55278355288857,-85.12296568852761,-60.72809121862691,-46.42505307285373
-71.26062898748737,-91.56853971099828,-64.56598034839006,-88.26972971991061,-59.649416824455,-38.27217437326356,-41.22682418702828,-23.56829913035968,-34.37419205779528,-36.30507383474281,-84.55430121905216,-84.42773781725674,-114.8217844962316,-97.35203720176092,-116.1522226026202,-130.3592196133329,-135.8876899322522,-140.2684101199387,-136.6016188740899,-142.4919671813778,-118.1948453883367,-116.1271545667228,-98.30216367952163,-96.13493497387522,-75.9661883939354,-80.613564207991,-70.98841560074608,-73.274146949355,-108.7806914883018,-91.2566498309854,-89.79536086560402,-70.15180738003671,-29.99885014522926,-31.10400702346858,-33.36804808396667,-46.38673629559588,6.139513924266208,33.92614910199342,40.14358757688372,37.22196543860687,59.92478726710663,86.3436428582387,83.31536905414696,88.83515237390442,93.60311488342752,84.07350033434494,104.3475096643779,109.3856428906899,75.51022046267447,69.52941792621289,82.14032901513104,106.1009275298368,82.26848355917069,53.49613399859809,35.50829274877409,25.37888755857376,42.33629775255745,40.06488362906726,40.97948026857575,24.08518580344792,26.4939693288805,23.83971814407497,31.75363055454572,-1.032763054520093,10.91243638642832,3.245845476047212,-8.328607857989214,-41.00919741272089,-29.4070558905881,-17.1904627901859,-47.86295535263999,4.020879471325151,-6.984491297342117,-4.330916630304043,-13.85879852292084,-6.392467169205116,27.38941690545441,20.05809958602094,54.32125549124115,30.62347492409653
-117.1655729462204,-126.3677731738427,-140.0408738983803,-155.9083817601399,-133.5303478722684,-86.79726983782768,-82.1172439553241,-82.76258718310281,-77.94684230831415,-73.22724564610293,-112.0038779475889,-95.92619070209491,-146.6006241623105,-132.3412454959268,-155.6803002274563,-146.831126221403,-131.5221566256105,-120.4465156470384,-119.5577559136805,-138.7068771815382,-121.4948491742207,-101.8322262166939,-63.97237426139831,-46.32027230349724,-15.91803045112274,-4.370692404861402,15.92981666752779,-14.95654449100959,-40.97243809128076,-39.0490862656218,-27.69346103826927,-18.90837313180384,10.13956733811254,-15.94491199187924,-1.16733302307656,15.93788570114159,35.60240702024077,38.16430272019363,34.68585283815912,3.775472180904762,6.027325668499107,30.42590754081056,4.74988089160346,2.986974450795245,7.067576643147046,-8.811641261970555,-6.517174082508319,-25.4688343075081,-48.46541670710253,-49.83148323059467,-44.5640413954991,-17.52394401472012,-58.4052241114135,-55.89720319924162,-91.1331785063045,-81.22929513995133,-57.32870037592994,-66.68737557519763,-85.89199124776667,-107.7177181289194,-81.92267589584759,-50.85708939417481,-25.62907335799337,-52.5643850785217,-14.72057189504089,-15.09342602259551,-11.48281498371573,-18.5958536891849,19.57777563591216,29.44319915084446,17.51321260605416,81.26092109280887,92.47946582153168,81.83555445775166,77.47416987225446,89.09040592459341,119.6840585947492,122.7038764175662,135.8536813467345,92.80166596972958
-61.34651625860646,-57.4388725185748,-100.590550279176,-99.50267026644114,-102.4370915901763,-69.44675732068858,-62.36127057508782,-79.09902025458572,-63.1280370429855,-61.17771160678711,-61.44852500194067,-41.53292788192142,-72.24576457632783,-70.7799840563426,-78.49841277392689,-58.62661491558523,-36.71120992473161,-18.45020848344735,-21.76314836270623,-38.13347892254183,-38.71031440148193,-16.4695802636657,8.367275509351852,29.72302818956275,45.96655391017585,70.21279032235027,84.44897720908095,49.10301054483451,56.12023337084451,39.72278041563776,53.94764986557602,43.90268571835673,38.77247856309245,14.21811508074523,34.01274573959634,67.69944060044193,38.49197526818767,18.14800342095579,7.250440205613143,-29.60006368547768,-47.70828707918867,-45.06214475668769,-77.24317177757462,-85.81485057632474,-85.79420085373728,-96.21573762933342,-108.3532234830635,-135.1322849205907,-133.1680068803444,-127.8820205774854,-135.922501344064,-125.9809990556888,-150.8165414355556,-117.6296408298392,-138.2531313055799,-121.1131780813922,-114.1996762889476,-120.0040555060841,-141.0328177266829,-151.5697577488507,-128.6880509043216,-90.72246157081088,-71.76893123169613,-70.13118168545843,-35.98710665862345,-29.42141206124027,-12.14052694401515,18.24843565634693,51.77393088358483,47.99022021745833,63.53978726784205,86.44606725386737,106.4679470220629,93.23116453235126,94.57442621760454,103.2344773837377,109.60240847932,118.9418280137103,100.3641650550319,75.23024782051596
40.93936283912347,52.96161814605426,15.63707547898949,34.87766852728175,13.99321519768364,11.0493076381524,13.75505886906571,-3.902480672039621,9.644937648578605,3.590807666337184,37.90248274527033,46.65476962718747,58.47998661619314,48.51590666105463,63.32577387863893,70.92965662856551,78.08706576297735,87.98164672261569,80.43576781090282,81.10637539539712,65.41925010827367,72.68674260725376,63.31693490697614,68.14571307811825,60.36126470050157,77.06513795916401,72.30979079844323,57.04924762326581,91.4087181400654,72.88507428917305,79.74568225214176,60.40188250296324,29.20644557006315,26.09750435002212,37.1369854528098,59.71695726870308,8.972573153398892,-12.41505153775379,-19.12710021161772,-30.67709968031574,-53.06304260657514,-74.64635585833976,-87.99234596027725,-97.74975667456388,-104.2560886999237,-101.5374955935433,-110.3244900867796,-122.0714127530825,-101.3668496234322,-95.0564801121258,-107.9489415722518,-122.8546053026285,-111.5225090070919,-77.08183897271887,-65.81270737441254,-54.26671390135933,-74.11409706337142,-71.67427542191101,-77.31921657609064,-69.4581878938494,-71.66975980253007,-61.47422562929259,-69.10832485580076,-40.56177248906545,-35.07603702605499,-29.0090952522628,-15.415230365962,31.6032109196669,30.7426404738958,16.76187134401428,44.22044538343274,7.074009507174941,15.62032875292056,10.34277710663165,17.69599356931518,16.99995654388827,-3.077841078880133,0.08757873583830515,-31.51112273625602,-15.3360713348171
99.01754674991682,112.8020776735918,111.327248266084,139.3135502108321,123.7531187944295,94.3158954044017,91.04543400705495,86.72974718157944,86.36201471514286,78.87246436245852,117.2676229307891,108.451179184872,150.3332335713545,137.8529057047899,162.2420207003873,148.2320971432612,132.9602782796269,125.4016263095306,117.2115482283924,134.5238368994848,115.9456230750364,102.7374276239739,67.51529479478977,46.41999225063805,24.6343431311141,13.89171014975394,-6.950623385652584,5.955960390279227,37.30859423337039,35.7366247728216,28.73193651285465,18.10338212980003,-9.997055510712018,4.877066329478298,1.108561843182644,-5.263426243428269,-32.60101021067653,-36.18662464422005,-29.68589058623424,-2.473106625472891,-11.17907388241553,-39.88824399962598,-20.03472677983593,-23.75646669257021,-33.87647929243983,-20.2385583614169,-14.88923197842564,-1.901633335759198,20.48353606967566,20.73385753718766,17.12345972918353,-11.71607756915893,26.69248690357605,30.90597343845881,61.63575333721531,64.62962108904536,34.4343225481679,39.61703743203682,50.89121773268462,70.52975040471854,46.815355668755,19.18964093906219,-11.26835845023855,19.6027176561563,-5.148707629241104,-5.982104878816858,-12.36058566223425,12.12121789585114,-25.04429014000841,-34.1805220907162,-18.88867904148313,-85.41720663212124,-95.81307907616662,-91.05654411684498,-78.9058607823537,-89.97406788375126,-120.0920623265566,-128.896996938235,-144.4714157675017,-99.28637422913329
68.30766623009954,78.48346881328114,112.9556473286669,132.3269674537571,136.0385463960835,107.1305216571231,102.6503660507046,113.6660083286417,99.88858541093326,103.0367639180776,115.727915091814,96.32378021652582,132.9450317733539,126.4843639256934,139.3249852870543,118.7142214154286,94.44563822520827,75.67207644327145,73.25729336158211,92.18811214942023,83.2218274462081,60.50699087568256,29.62241028868434,-3.580700292971076,-21.64811380386667,-57.50919866740362,-77.59399094312302,-47.75101532508845,-47.25987820589453,-29.49832791482634,-47.30471699104503,-39.60550464104715,-42.11650814271394,-28.21146896727585,-42.24648459613,-71.01168177707055,-52.81388636597561,-39.6971826024028,-24.22535781676433,22.97716440127553,33.04152954906806,19.80638014551877,61.02527256855995,66.63818716680852,61.2256025584476,75.26915296942953,86.73417854544208,113.5553470543599,123.9996634941809,117.8028169931736,128.1838982925755,107.0766735790507,141.8480599340856,111.1503605147755,132.1676576653085,130.6620824687951,118.9199482918909,118.6804651796397,134.0715826742833,150.7680027107039,130.7499846722064,90.17354685157322,63.38657581060589,70.83152910508265,37.00551604188126,30.67317873140286,6.821654794732934,-14.76041359276964,-58.78807593048277,-52.70589921554561,-60.59599013960003,-102.15425933826,-120.1057064824712,-111.6935503472944,-100.301277478683,-114.7897709824734,-133.0293882492407,-144.6746084202997,-132.4130965097133,-96.92083271045325
-15.19050534077071,-13.4528982415379,27.8461672219599,23.35347672240669,37.92043392818346,28.66474938229728,28.53775719914191,44.61565448184794,29.89460986318932,46.65049012895635,28.10839336562877,12.89096243421652,16.47687875374614,18.7242814987527,9.83203750167686,6.628310681763355,-4.811030678198229,-18.32235180238975,-10.74659570277322,-6.543388957542603,-1.098882932418992,-15.44557389344194,-15.66604155043609,-32.7871139070711,-37.22395868398101,-70.10176977023015,-73.01190823469244,-46.63546291870583,-77.20833654402767,-57.48552947562099,-73.77107900465889,-55.31524415326933,-35.01846656963292,-34.84659665701244,-48.66260255633946,-76.00281486459049,-31.20057683470864,-18.25326424452435,-8.943934428593961,20.26186619688484,38.36321142430799,50.25821296376213,80.48043581763459,91.71833631596688,97.87577236935508,101.5271606006795,102.1326497611915,121.3908810528585,116.7096104876971,111.054201246242,125.1414841905213,127.7277043984297,131.3361887337955,92.20540333159221,85.52526291140622,81.82166812768595,101.9160348141656,95.86225591143682,102.1392772366876,104.1139293473081,108.888986278808,92.46100511928027,94.97007743517416,74.42478186729639,57.2196418360821,52.90410607349741,33.05854717652054,-19.58315674041265,-33.35856656215834,-18.19424227653077,-39.56749659827772,-23.76640777991976,-31.09321249723696,-26.85459680556297,-25.07261926117182,-31.60745217269631,-26.41749660465737,-25.97774808345791,-0.6641259760497603,-6.498671861360756
-74.19191376502917,-83.99485573354632,-69.36697879901168,-98.35187345309933,-91.94042390699322,-82.76378952173731,-78.58453484746721,-70.35529581562911,-72.32692491363846,-55.13507251639467,-85.3365444358169,-85.25697249456159,-113.0840502122854,-105.2480608288487,-126.5278500489606,-105.0949279407714,-93.62629465269082,-90.11025386601807,-75.86042168345386,-89.49782718951651,-74.6741300673978,-70.69465457104307,-39.68556430135335,-22.77899072418326,-15.79074903915946,-14.32995378085364,1.963481346144348,8.962406726426147,-25.13772268194183,-23.44819596787149,-24.73538683206724,-12.85881592757547,8.545853668389331,0.3111821272754343,-4.676805524333261,-10.38151820755613,20.27355998833699,19.5329775742812,11.20556312228253,-3.331423282015944,6.839221056135118,33.36683526800352,25.34676685023019,33.8447118911955,48.85505861131288,39.42409992192201,23.66834071909916,21.05194626940739,6.334373992657294,7.754679739543962,10.50742608364298,34.68513259430809,4.542224880412486,-9.094087287647403,-34.33078736312277,-42.38336445037974,-7.131104064101018,-10.48057280752333,-15.17906756227676,-28.61710020223005,-3.640272033151833,18.62514712052355,50.79449315123052,21.75881770768115,31.42029460052824,34.46432464743727,39.68503452827747,-1.10856277104773,28.58359107733883,36.15509232199703,20.45793653580752,78.35049435715459,89.01024095641463,86.76471755665671,73.72234489793485,81.94597257550649,104.4613774345695,120.1641401513516,133.7676188465985,90.49221666302925
-61.97482697376548,-80.6599192647144,-103.0452419471125,-138.2653744297219,-147.2413152669457,-132.7849392710799,-130.1516027900268,-135.1642790589648,-122.0569720273551,-123.4516352051843,-140.2248655638507,-125.6612017372544,-158.5244758572874,-150.4805593792175,-164.9028661659336,-138.0443806231879,-113.9245622293091,-97.13042284206014,-86.64958488383506,-105.5122508335987,-91.9474474910876,-74.67766518393842,-37.96600087396551,2.343045046046139,13.7475473480984,54.0460373816636,75.91689610094787,60.487630513141,53.04704341150466,34.42370676152338,51.67229694871344,46.18390240187144,50.58675985762734,48.18690399373424,53.59266659938205,70.80139987753078,62.1550670888887,51.24251968989392,30.29369165636933,-18.42297975028842,-23.28304768470696,-3.249214785862006,-46.55617856508312,-47.42478597947915,-36.07667765240756,-51.00387922710155,-68.66308967675369,-90.13630471904057,-106.6906730813495,-99.70459080673432,-112.2550759732475,-85.04436046082412,-125.0472518015656,-101.6417975320508,-119.7847022774145,-132.5646979465137,-114.7085600108021,-108.019148626604,-115.3119123243376,-133.9880429432459,-114.8151292662771,-75.48136029530806,-40.5665754105732,-53.06522099236168,-27.55102649718344,-20.04229108063454,9.461168545358532,14.90972265576035,65.03792119656615,55.90363838821089,56.90682084200294,108.965824003839,127.6218553254731,123.0344318858728,100.9535183131393,118.8966527338278,140.9363052089009,157.0393510432506,148.7862936178397,105.1006657765873
0.1792661227085286,-16.7885302194371,-56.04824334979558,-71.26792468987462,-83.10887941372455,-72.57272188616581,-76.45710531763984,-89.63174524090302,-73.42787978667967,-98.61683901551743,-92.27753332203309,-74.74403871214972,-86.39779082288155,-82.38425525478401,-78.80521574435949,-74.69136120396777,-58.46956667032463,-43.90214174565694,-47.00463710868249,-54.47683278832221,-51.03000242393568,-34.58890051169961,-22.81746154128621,8.106989910006524,19.71330816853443,67.92164846365365,78.08844285206848,50.24593372391274,75.13039703856136,54.42567385197893,78.81558864095256,61.4823141721315,50.07684624512309,58.3093862952427,69.08191659775306,93.73549983611444,57.15382603767736,51.24852173631223,36.65439800976753,-7.750184397198272,-20.77445994025818,-21.59462600877769,-66.01669165588181,-75.76896876139189,-80.01272491567765,-88.5456052788111,-87.38385093504721,-111.269912999734,-121.514915105748,-117.088824101102,-132.9233054747023,-123.2156879921654,-141.9062483747749,-101.6512639742962,-96.23216289519786,-106.3225955315494,-123.6597736081743,-111.0267342874405,-113.1798188979644,-123.7747091102227,-131.6050504181017,-112.1133731102954,-105.4151286517551,-93.11527520831817,-72.64167958156695,-69.08604862821412,-40.1083108005266,7.373357685237384,36.90049079840528,20.30233451230441,33.42208704874563,39.8140068065746,48.91212543995308,47.50792228273651,32.32736861996702,45.4333816405159,51.53649572878387,49.06287059186651,31.31760794373056,25.38876527186518
50.16965143230664,48.36629710551045,24.84849015486878,43.54814317531526,46.03223532651786,53.0327624076609,45.13315173077542,34.28163021756116,37.67601341964238,6.710814685975469,25.7152634365746,33.284075405414,47.33280759568062,45.70801355832579,61.27617900382791,33.99474528913517,29.710536577988,29.48118852528883,12.87434073999112,22.45011210273333,14.41317044193762,19.07508655713706,-4.791943471668201,-10.64875200578594,-0.8934536602403096,13.23474904573632,4.967069746489094,-18.2809006970083,15.66142398614815,13.57400411571697,25.85131113360549,12.86390549731311,1.143309185246289,9.073013373196432,18.13303905364101,32.72553983038719,2.892197724404464,11.01118517290116,18.52119245503192,14.32906812647891,6.264423813396346,-12.53796955338517,-19.86825476743708,-31.10234443847849,-49.84257987787848,-45.29585217670265,-20.94483232216062,-30.39347553727538,-28.22907461637912,-31.90898584499617,-34.70274243446555,-49.15283462798888,-32.34362054041895,-8.861887582368007,12.19671907442529,15.96912996539123,-21.86032079442938,-16.78945419461296,-14.7896092752356,-10.1661799349431,-39.23353906399149,-56.47819666673717,-85.14753881288649,-62.2112951971706,-60.18328247026913,-65.61479498717439,-64.76627253317518,-14.62606987792245,-30.66999402361584,-36.14766268819406,-23.71641859211006,-63.80823150788225,-73.15345094297679,-70.16724190118865,-63.91107153719887,-67.77585090006455,-79.60439847579993,-102.5942247140943,-110.187209706673,-72.76473679266206
45.95196656625237,64.65149362102002,74.73158712986287,115.62840270301,133.1316435364102,138.8044452739773,135.6592003917958,134.9478416448712,120.8276663885482,112.4106012948296,126.1478877763575,119.0959348433559,141.6722797816133,135.5086188430303,147.5371003653688,111.0050213506792,91.21168477023807,77.92562137084975,59.72964256270033,76.60658545516772,63.59398075443603,56.03280104840815,14.86273707315231,-24.98641672775501,-21.91415029657714,-57.34538957351096,-75.93474378707243,-79.75187790252093,-67.05843406811923,-48.28267250489331,-59.90910291494663,-56.89301310514058,-57.21874453857215,-63.23251203232574,-60.42764854054684,-62.82013902808148,-60.77878576733473,-46.64416548668754,-20.69828927285958,18.73691428814335,22.37142494944017,1.475378305893137,39.91833774858753,35.75419245000305,18.28900938799364,32.00840976126111,59.75126456729872,70.47265503271481,85.70111377571166,77.66463768448605,91.72545885418509,64.97761864233883,104.0150807701996,92.32483234631259,106.2569086660171,126.6584134350892,102.6451423384086,91.19950955321204,90.686684623139,106.9134490594556,84.93434900414461,49.5410425403688,9.28428697893013,21.33981077661552,7.687825442042964,-2.462898643524479,-33.94491637111944,-21.71607677342925,-71.02014575711915,-57.65203830708824,-54.28011155192458,-105.910255735747,-126.0890933540771,-122.71901542038,-95.76681841222981,-114.6716222286196,-133.0726566279712,-155.9459066741254,-147.5253318357856,-99.06964464235557
1.255521318706858,30.09631971344857,63.24887853595079,95.8169219964233,109.4929138226719,109.4908856264879,117.1445328961862,126.5371467044211,107.1393062958246,133.88912899771,133.2366792791191,117.8791115128428,128.9940398585236,121.5951515022632,120.5950347902241,109.1621527811779,90.32853587226681,77.3336639936862,72.60707943093466,81.3329317009583,72.66586127787252,60.35400994794879,35.10795033703531,-6.578250754297447,-16.87183764070569,-74.4697012140029,-88.54662425811485,-69.09086762658529,-87.51814831184123,-66.59045406312558,-95.16997776828707,-79.38831159277964,-71.85912555646493,-90.48000664699171,-94.2778032617222,-108.7399805937894,-80.57873033015014,-77.45722357983661,-55.13742427746946,-3.717813016497757,6.275098475875907,-1.583752522002105,51.91522629567131,57.83245655709488,58.94925896051284,70.56169786206428,74.6239146351534,97.44279325657199,117.8432188066927,114.7991718558898,132.3614227110705,113.7519493468262,145.0294450856585,109.0942180027532,101.9884009174458,126.1742520766916,138.0467112986136,117.4334443280275,111.8218988607726,128.1303649762689,136.6716682752916,118.0009343345453,100.462118184317,93.17320242540931,77.24007090130655,72.4596154884032,34.17681999763437,0.8198129687385284,-41.92411194608784,-22.65370439056615,-26.9368857555082,-50.52138551660128,-64.3335802349994,-65.32311239549675,-36.67127122486061,-54.77766961529622,-65.46660214462001,-63.59478605345804,-51.80250841644128,-34.38579217045336
-34.33460564772703,-16.65211785321952,11.02666285108305,9.600649799401022,0.9558317360179324,-12.14744619654651,1.653757635752819,13.8206159835423,8.084955996183602,51.83057673994862,41.9559244052888,29.89475069452615,24.69563999766154,20.34424240576294,10.66892216495051,38.55650064834202,34.18017017097827,32.94822894469216,47.02855834758609,40.7268517420171,41.77775697027933,32.38265286231921,44.73071731205981,35.88003705106482,12.70824386492868,-18.58626724576002,-18.88369266320779,12.692345842217,-18.50278505724147,-16.31996315031602,-39.75547708359225,-25.67479039724617,-22.84918691140487,-36.04141523153981,-43.77087751599954,-60.60872590339412,-34.49734399690588,-49.62315810062841,-52.38426903397222,-29.11592898344722,-24.06780150712994,-15.61626566044971,7.526986848348746,18.79436262063725,40.23928207621518,40.35910067916191,12.93162317684269,32.25547490295256,43.85975843433006,50.21568067300739,53.63500874294022,56.16506329017067,56.00108992974339,25.18515415090534,5.647366551221904,13.19585867942992,50.180464844985,39.79094003529571,35.25956787564079,40.20468832937883,73.90643108216707,88.57620927861572,108.711032667608,92.903863136718,86.01327814463519,92.64220799899574,81.60668691651121,32.38705906606274,30.8114818506848,34.68916923375902,28.92266480756262,46.9124268973066,51.44668178878227,45.89297671835129,52.38479357004044,51.39828805312786,54.15551399497912,83.51982173550108,83.1263589037315,54.5795723347833
-27.07364698777497,-36.73430502354353,-36.65774479888707,-71.49945505121025,-98.52213505774972,-122.8790880087913,-116.0006381231318,-110.3155969847976,-94.70537248396407,-70.60290721121328,-78.13245147550721,-78.899943916163,-89.48153529027908,-87.771559045633,-94.55798658673228,-48.83476106020052,-37.71219590343945,-28.1473371433256,-5.352935586193539,-19.4667393941731,-10.71592715209686,-14.00519342450194,27.98397527030318,59.46211099463567,37.63434053195073,60.10360125235741,71.37052944465917,93.95599050536946,78.41556179340698,59.94892878918586,61.55058830877162,61.7295307037875,54.06315003023091,63.04372438351549,55.16378198496789,43.99350683169076,45.25702858522498,24.17424483051409,-4.169188816467925,-25.25611997135945,-30.82805146294201,-14.83782867397869,-42.89491677099562,-34.84345512635971,-11.0874959690622,-22.28157812668012,-59.64771647225378,-56.69407673910855,-64.28462964391531,-54.78613130920939,-69.58090429882724,-49.49488324799739,-80.82112086490139,-83.28617751894076,-93.8403910756754,-112.6535078823083,-83.99639582968982,-71.11432122199622,-66.08664132607676,-76.08802127840818,-47.8863642489553,-17.04266409730038,23.51919494659521,16.50072520611928,19.86653193398634,33.2629145295119,61.29895369313584,36.00826097960332,76.68561829028936,58.33486018089512,54.42508293959432,95.2526989218011,115.0325491094413,110.028596493495,85.99753617167812,103.7658517544877,114.2268647519006,145.5781184861466,132.7115638203295,83.39270269642049
9.368159134765859,-23.79304183855089,-49.34187319272736,-90.48559676089164,-110.0612065651931,-128.9645576757666,-138.3443633066513,-143.6532404124805,-119.2006405210955,-138.4077677673007,-137.3703611496103,-127.6068291065414,-131.3675221787278,-124.1504802186406,-122.0947462097749,-98.5134006643944,-81.43011350211256,-72.01726798384841,-58.6517724603941,-67.02616060799421,-57.68473523200264,-54.98626911449144,-15.95554088635969,29.75237727106155,29.58189913594076,87.46908619066602,100.5760651691008,96.67480024741791,109.0759979094153,88.99561756509125,116.0584560772627,102.9118272288856,93.25076190599054,120.3990007167028,116.0821753141783,115.3667115562882,94.25456693541743,88.47545508560951,57.49556257555506,10.86523839391785,0.3954378046889906,11.90602465704249,-44.36670454151846,-45.27502444466297,-42.01430775650607,-55.07668359278615,-69.2452644980614,-84.73576190558738,-108.3184028349533,-106.4984140592478,-125.3037042206656,-103.5763775860228,-142.4138348894417,-116.641031332967,-106.5375836212741,-139.3941918169991,-144.1374257381391,-116.2408853329655,-101.8873729076015,-119.9939357885093,-124.8223680594072,-110.1806617376717,-83.3843628148379,-75.8632594446541,-68.81256477612226,-60.54807121858075,-15.98788781288211,-0.8333983744526893,49.16576081005001,25.47831494215027,22.40881980359299,54.12399778644512,73.71668050736899,74.97379165081237,37.1227403493827,58.16687931571578,66.27790691236916,68.255048580384,58.59773310874034,31.45333973024298
31.58870392849571,-1.271004930962919,-29.49932384616721,-45.25621173273309,-34.78243566646292,-28.28485427180079,-48.63938710813736,-61.06761947625996,-50.6051269297405,-100.8464766488572,-94.86172335660403,-82.34917752963068,-78.76581778190157,-70.49758498030883,-64.55794873698397,-85.94610961305516,-74.22694672322164,-73.89331284234768,-81.20977382475634,-76.89790759145646,-73.31174326030525,-65.29325819854617,-61.36704553667816,-38.71953847755979,-9.953554330156781,34.61219629112139,40.9408521997363,10.67184610966194,37.35015226013186,36.13715249115729,67.78030189931822,53.13104467206109,55.06947020163911,76.29202260378841,78.27833143970214,89.54674731761193,68.41735313189528,86.86320375470237,80.63224434808842,44.62186913345207,40.76647844714065,41.63614102344376,5.06989248136736,-3.636783649351609,-26.63526989088684,-30.81309027894693,-7.333631736425441,-31.01876072063684,-53.59609005484975,-62.82725998077437,-66.91792737974876,-58.80951267056209,-75.98390018439508,-42.93182336121645,-22.38879030682337,-43.1195125879173,-75.55598958436667,-57.38377786515387,-45.59597848338387,-58.97795863663033,-94.68328634540468,-110.4084564391065,-119.0284573459245,-107.7539812955595,-103.1726731078328,-108.4783420652622,-85.64770713489,-47.22146629529124,-27.63684092065542,-31.64836503723391,-34.57983876842371,-31.97961940196036,-28.00995953587971,-20.07420639006494,-41.53122698079179,-36.19582202441759,-35.15344624975849,-68.48889797984629,-61.01611788307986,-42.98287699910487
13.29143562705705,7.130747197208762,-0.06341452803121352,20.11848631511705,55.09985116176487,89.67722900027204,76.05492885570615,66.40655143168614,50.78984248310749,10.03961877509225,12.89261347466598,19.60779667251403,21.21226081537714,24.83894022857403,25.78662263388751,-24.47260039043794,-24.08983889467777,-31.05124150788246,-53.63688288559268,-42.04975225678442,-45.32092285173002,-33.6975582754823,-70.38834940668931,-87.92655796255259,-48.35946595233708,-53.9405387247221,-56.44426524490762,-92.51281932705722,-76.65930611936876,-58.18100307506555,-47.67139202170998,-51.78676090641108,-35.6711470036465,-42.15895707656546,-33.71644719165603,-14.28356714225228,-16.18380952616456,12.31038339059776,38.30023880133297,37.20156878462654,45.63107433552621,38.03532284492325,52.5964017692618,42.78750147542729,12.59766057850086,20.47924409758151,62.91061203268482,47.34501954447386,44.045803605972,32.64927906407144,47.71296293239122,38.35255680605989,55.87396820832345,71.91313095514313,81.31526974600933,90.59660914157666,60.28226794935802,49.8829583458215,45.69873394999019,47.04795547463331,11.46422764993932,-16.46970769340484,-51.81490377329946,-51.51955010031932,-49.96081704785965,-65.63595628561978,-84.8681717657865,-55.41049292701214,-80.82013317609923,-57.9899130566129,-57.72805867290868,-80.93692680408819,-96.17215473794124,-87.75190968702225,-73.87187060159975,-89.18012043000375,-91.76586035573541,-131.9513594403782,-112.070496241166,-65.47908925688039
-26.57964653169683,1.250232308731321,19.82342549936198,57.89469922233012,85.71098236964876,125.1887318420072,132.9907832556009,134.4998994808491,104.4122454878234,108.2137480278224,104.0363763739068,101.3096059327642,94.84633229215805,91.0190915607084,84.9684081088722,48.1913245035814,38.07217401128285,33.04811981890881,13.15699139348617,20.4511903071299,14.18157227100123,23.99426749334974,-26.0097222459643,-67.51308620125194,-50.1839929075024,-99.3530866210684,-107.0471064306894,-121.366672461915,-129.1161737750463,-110.6766023734372,-130.358796029128,-121.6146773195035,-105.1099050394854,-136.204486949386,-125.3229331173868,-108.5985608003282,-92.49136079502725,-79.64003762907784,-41.7194476032271,-11.58589374679073,2.519165661507381,-7.075328530580041,45.92777554471981,41.98895265131343,32.81602573833549,45.95832645535916,71.14703212735341,75.11373484181627,94.9170377604854,93.95574622805869,113.4369165670142,95.0452263727949,134.4954865671571,123.3952814585883,111.0014867423519,143.6324753934619,141.2205029213244,108.6397496737769,87.88272525138125,103.7084284301416,100.1955998404123,90.98533488927004,59.23626318312207,46.55029178370806,48.03938632062835,34.78100020273632,-10.51266720745578,-9.41560878360864,-58.56134212412969,-29.14339618985751,-22.09538274828945,-51.80782275213934,-75.33526336193039,-74.22471525137445,-34.47698738134077,-56.4166964209908,-56.97214220050231,-65.82484248303719,-53.93120652825758,-19.71568983989938
-42.78237205287088,-0.5535659507190838,26.5236101131012,52.35389933584436,44.66676939817207,55.6520229438016,81.3450957177144,93.47132249640427,75.65923192958547,122.7555765189677,115.3845972432759,105.9835051959991,97.38553537450572,88.51345954046405,82.83062087269482,91.48999622520455,76.45215626733049,79.15002134390564,77.70403289719196,74.33625391061312,69.82304236938556,69.6018789403049,46.22064231641477,15.0112703551741,-9.403435800026733,-59.29087292106558,-67.11921908237701,-46.67384684043844,-68.11699287341663,-69.44391355169279,-103.7069228873837,-90.06212540615869,-90.94537353209623,-119.3743501162867,-113.334377010062,-112.6628102251529,-96.38754689524288,-112.5281604284471,-94.34382908077508,-57.2105507151287,-51.00146836206348,-57.2272242586218,-11.60933824501202,-7.323960394025789,15.51310935773213,23.0472158866609,9.316390524239559,30.60697585648566,58.32499039788719,70.4405706530701,74.81743635487719,60.32727307832911,92.42118459593071,63.57218941679425,40.9070727497302,70.71821590763676,95.50563907375175,68.97040975877093,47.55022042295312,66.73374326599556,99.12565216752137,119.3831532778442,116.6737946086704,104.8340999121714,107.1546306484282,107.9575191658828,75.19188633119494,53.67954292229399,19.66419614773015,26.3205064461436,37.83631107870606,21.01134749317118,6.595665468393275,-1.817161825412675,32.25454674415164,23.7860708358234,25.59242304689083,59.36107984328122,48.16407998752783,40.90312021489555
-11.21973412022141,12.92917927044863,24.76550401167264,21.24758161610515,-18.08403035038826,-50.0767913352751,-27.88138913697141,-15.23264944775944,-2.799174592491597,49.74127474340776,46.75362851438314,37.21722628888485,38.55807747730726,30.73503130853364,33.73426867176288,81.19752254232289,69.23156305212721,75.63559038151334,93.29791160736593,83.5263726523702,82.66281605264099,68.26403477158254,92.18971269419296,94.46327749256804,43.47896261093181,33.76556030968207,29.18289935483316,70.5479282707506,56.50320450605329,36.61817464042782,15.28850183576571,23.32447509898267,1.821276491849667,2.494065354422858,-2.182802961334963,-22.3646605770031,-21.36931921609137,-54.07285869150588,-71.78127896128737,-51.8426404158928,-61.38461626492462,-62.3061499492655,-62.96259893245234,-53.87537808336361,-17.57331964796767,-21.56414210497339,-62.18916164161497,-38.87519188709722,-25.43537605831172,-11.70838634594817,-27.12900099546473,-29.36400985781481,-28.91430167893955,-54.82736033026858,-65.32542343474766,-61.72138657065688,-33.66203398150076,-29.08594840718494,-31.34262155891776,-23.29918031278579,17.28844135827064,45.55104459518081,71.67313154233638,76.0710204575075,76.02804529373438,91.29431095064697,98.44098275885092,74.66572605302143,81.12157745754361,55.90952026830092,62.59418603653703,66.60309427995657,72.54552138236076,60.74869915002538,61.26532021826438,73.70874752011791,72.43181795526007,120.0725244622336,93.3734216157453,52.24790929008182
42.60614148891807,28.86035676501452,15.67971267204444,-9.553091557192417,-45.60831600497438,-99.69799806017399,-102.3038042575499,-100.7247214608334,-66.6122737732468,-51.5853233941554,-45.98821989155392,-49.6736128774266,-34.64962232066959,-36.01978494848516,-25.07405772766139,21.41808803851252,20.26361838510482,21.55379899570019,43.75778087345169,37.42383889558436,38.93638204954209,17.41050084630113,71.90269942324916,102.2716242016901,65.95616788740512,100.7367664772925,100.7740130509988,131.2158362074602,136.1663170519727,119.1627907778474,127.3873896955192,124.954783941743,99.89857680833141,129.7244202132424,115.5856501611695,86.3378341018925,73.38414291014502,52.01654123594538,11.92010616715054,5.8285159509814,-13.17654429278502,-9.454176090571048,-54.61041805279071,-47.10787162042217,-30.38497006396581,-42.28743080144378,-75.09813073388587,-67.26536981867149,-78.56217498207998,-77.91435590707825,-97.88391903403098,-88.06716380119479,-120.3651076691121,-125.7341323939445,-113.1544269434386,-136.8954730816699,-129.143094986945,-95.56526151891394,-73.47527117634306,-83.56056825346963,-69.15417872787258,-64.50368647579108,-33.24520550868098,-12.99691753182197,-18.75751833451661,-0.6574971513735738,39.04049937699988,28.56185078338359,68.54522475243867,33.49298708077259,26.88071962185258,46.51734179405535,69.46475540520493,64.13336751369549,30.43802323822697,51.71428726837552,43.60102905871297,61.24397357227221,44.0590346884217,5.640188247654251
64.44077187782234,22.16672249712811,-3.783699092945119,-28.49788020862447,-27.2140875596027,-60.79069171889003,-89.03971371223496,-100.905271623426,-74.42142162169597,-108.7824171226733,-97.69169657715778,-93.48232010156534,-76.27743033675837,-70.31776862075984,-61.66467383375534,-54.77631899726396,-42.07430286899137,-48.94183391499226,-39.63995953019102,-36.88047192045825,-34.9033822962638,-47.12390720082071,-4.710601501450545,27.30046588441286,38.47680767054699,84.70108953990976,89.34588118880083,83.96125718600071,100.4250188591415,105.6451812972392,135.8292347017513,125.8840843906244,120.4074441775736,152.30392682711,138.3547782750065,122.8281872222724,110.559876553379,119.0321005673883,88.83711847649741,64.03141350684893,51.83238182378761,58.3218726577566,8.757043997536131,9.699047672583532,-10.45941819665131,-20.50648628255818,-18.86163885935261,-32.4819444924159,-58.46283328588968,-73.27978094944079,-77.54241875578191,-62.48045638075806,-104.0194745908994,-85.43523927616734,-61.43530088003201,-91.92851272718912,-107.4127940087426,-73.89638716408906,-43.89960452694058,-65.39244691496859,-88.27884638322601,-115.1253053100947,-104.3119473243102,-86.50861308977045,-96.11883365855449,-89.67514939101727,-52.03598840620601,-48.02005398183343,-6.389691321554112,-17.96414689592838,-35.66713611943815,-13.38609402684548,10.34894664860457,16.60540321028567,-23.88474171906398,-13.75876834488664,-23.81764900460264,-54.15646299165645,-43.54414223756869,-46.31650927986146
24.15390395127243,-14.57686504765694,-29.98822756037848,-37.72445878248046,1.349322088072654,17.92341824421742,-12.97331391496366,-28.02734665729254,-33.59217922522271,-88.60156986914308,-80.29522600775088,-71.08825625877328,-68.95056857519059,-59.76529371636779,-63.09710177370834,-100.4468778361813,-79.92860211137874,-87.98872590095259,-97.83158085584252,-89.34932328952905,-87.35509978309901,-77.15957950158084,-81.76355242195395,-72.08738291091647,-19.5330234719532,-0.8167358304841037,6.777462282156417,-31.31710767042585,-20.45021974963977,3.078526978325951,30.59858455795352,20.13323798521595,41.68127187271823,46.87229785476916,44.86173340991679,58.54413454093749,58.95330712939331,89.97261389366246,94.13234473421899,65.42088180184122,72.32079436118464,78.82589112745174,67.44582975635836,61.31356098496346,20.28455464295828,19.91001682358605,52.19280042412461,27.95333002385191,8.723377616522511,-7.753652187010012,8.550624789804278,20.0619035837458,0.4972855475523087,30.33939285792415,42.91455632973411,29.1318852127375,7.253980850449021,10.37239703310611,22.84901145896047,6.303090705395542,-33.48751629174659,-65.70467839818532,-81.53352022156845,-85.62266971805377,-91.7035905463452,-102.6937179675947,-97.97548829840629,-87.2396880854792,-75.01158891793825,-50.72710517888996,-65.7120853994125,-54.03520351936473,-47.38677840491305,-34.01146267014082,-48.74246886201824,-58.70564571568721,-59.71243545977797,-111.8703621289662,-81.14251393241675,-47.23683365786702
-49.67140868570397,-54.95220687010303,-45.91932615651844,-37.3495131136303,4.709389848719258,61.60139006027055,56.03491416773673,52.19597781949505,17.76218949579901,-13.45097943591269,-15.27604236842321,-7.209834420143699,-25.66970691259429,-19.339179262298,-33.48426805934679,-82.77442917299865,-68.50773455658944,-67.96107291927936,-87.84051865979151,-81.93843258773093,-79.44185165064566,-50.67963632649788,-100.4608623083096,-116.3934989221066,-64.98148636859644,-84.95004099298713,-78.16008517544424,-119.0364227843314,-123.0167883215709,-105.7682052591188,-101.7782363809607,-106.7455857499043,-74.96226041305785,-99.84554421223953,-86.19856526580892,-50.9509163539172,-39.98141835428021,-12.56011407635343,22.69278444015145,4.280743160483957,26.82900521812154,29.97024984255384,64.82035080088377,55.71855159412411,30.34986427383939,39.51482003028904,73.54221046285487,57.79487301543971,59.56150963520547,58.4741668616653,79.40118640654799,80.79261932545214,98.81678579927862,119.1691089336919,108.6225768369222,118.7069210592832,108.9386417685703,78.05204987547107,60.76336058260042,62.80827899150176,38.76570278182778,35.87124533590577,9.640808058531974,-16.82487340804248,-12.68134002415771,-33.40301127992888,-62.59564633634854,-51.7101463239348,-76.04574571681223,-37.41149152157098,-35.41772573436015,-41.17446423209426,-57.82281634098484,-48.08546481803904,-26.39502273283666,-46.21240926698808,-32.35158335940393,-59.00014074991636,-36.04141022941078,4.006136032671842
-89.78961757502775,-57.4025410584324,-31.76113598107769,-18.75789316612363,-11.88325015442702,41.66935578118,68.86383032799424,81.03365446521593,46.97870365214104,62.63196452940102,49.95865386172515,51.23992138542983,26.0224342968269,25.49138976261692,12.41903713303073,-8.186241961286369,-12.99869352629308,-2.318058598631888,-16.21595813907573,-17.9576750927796,-15.56543426600271,10.34074486862106,-45.96677476942893,-71.20483388571459,-64.23134792612703,-100.1638873402887,-98.67892926579255,-109.4297680105247,-121.8303228633274,-131.1294340358945,-151.534831491874,-148.518564342369,-133.8085790723785,-164.309133535004,-144.4178509132911,-115.3246504620076,-106.2073785406141,-104.1591270658033,-65.6947715460113,-64.11415090896341,-43.80577122028392,-46.4467522728913,2.454139904778107,-3.467140963413456,10.96541475554845,22.25074202652777,30.66419951727027,35.00798078777873,53.6704862336845,70.7372144132091,74.99592487046183,64.89848394107558,108.0670792454456,103.8196851752758,80.68533821718253,102.6451477208648,109.125087526101,71.40906637908932,37.17238680905157,57.33681286546322,66.15451626207367,99.47323249881239,85.48794078949039,58.40671707996889,71.73195118511224,56.84808976009185,21.08638462609288,29.96931779968961,-10.83830193316019,6.518590162565675,26.34105547100702,6.754311556048695,-22.01420273113898,-24.00331980705684,14.91991896721811,4.378742211331417,24.85473073531961,48.53763203914647,41.89076218667361,53.47849891894482
-51.14109466953282,-5.902354280923454,13.39319009412397,21.79877009613694,-12.60983069944331,-5.289402678971719,32.78415338758057,50.23397413568296,46.41674860062214,93.27336748635652,77.18539421673566,70.4663933269552,60.59088983247683,53.62216224906804,53.44674585853865,76.16413687647665,52.52131360142559,63.71474584337663,65.5783254020964,58.51559418725967,58.56999074605154,58.82366603508461,41.0418988341787,26.09384124911383,-17.65410966236167,-37.04383431288618,-42.83668062856409,-14.72566523641511,-21.87056190298979,-51.29235370634655,-78.29469688837466,-68.59268931547486,-84.58028284895006,-92.67234789501745,-82.97575319477711,-85.39819241385685,-87.16005395666053,-109.9721323191484,-98.06861847021736,-74.49264579297598,-74.40078588403182,-81.99339676327384,-61.7860239678215,-60.20007575553202,-17.24548573938099,-12.37193776746011,-32.62285843316273,-13.5015279138063,5.1904887590533,24.74825481312308,7.062277666124732,-9.246519048456213,26.92548632828056,-0.191922795731909,-13.96518057321925,2.247547177574772,15.01655529693361,4.107371842663022,-19.05771670583672,3.83209314262672,35.23076029401729,74.07951317947264,81.73348664382442,79.556190067971,92.60714285605587,95.36163945409153,82.72655474644145,87.62498331940998,60.86858084892627,40.98325227903606,63.19679183845255,42.64655288971176,23.17452835155339,10.97027911222439,35.38032186125882,43.67115926553824,52.77970185691594,105.6471150559877,74.95985784415109,49.25990406516794
42.19283082978287,65.87424085635985,60.91821686161016,65.21585917849775,20.92049989005838,-24.9842888478924,-9.53930806793711,-4.005893040186021,26.1082797407565,65.45052819937186,57.54271609627225,47.48027195905967,63.03371174351894,53.98933599209334,67.51702684186141,111.7769287790299,85.84519379067382,85.90217721907133,100.1890020089988,94.39068312155514,90.4359463297579,61.4109359336185,96.95223951144486,99.78631442661965,41.86515854284217,51.64483092438061,41.58990230251251,85.6383781801769,90.07378454716191,69.54640538652899,56.38506794934518,68.04540623559583,34.10427594606398,53.31507252553891,43.17713209208768,9.320424220210841,-0.1635183567605229,-27.74099119911146,-50.80282744980018,-15.13292524182793,-37.54119864644664,-45.51389620469405,-69.68781329308381,-61.15384269761952,-27.42964009533744,-32.22083433262242,-60.51214267424252,-43.37996100136421,-38.49458997310286,-36.00578374037024,-58.90586601801682,-71.09769155809153,-69.93294126804498,-100.9030379100278,-93.41763638576511,-91.10146572882931,-83.32961053107357,-57.89179938097452,-50.44724167715941,-43.53040587761978,-15.29769062190743,-10.43991699987722,8.809088066387506,36.73614497757789,38.89268934759939,58.26121927396408,75.31524711660691,71.75264006030396,77.28951238889633,38.87046876036238,44.18533155078831,37.11915756770826,42.65276460739548,30.14254364065759,22.4484770032694,40.78526081219476,26.83506406866971,60.95885844400578,34.40009584003411,-5.164480375324635
110.6646436392051,95.43494579588683,69.65066366215522,73.82870024621087,59.15184370800795,-4.780737109084631,-27.31988574853101,-40.59675748998086,-2.623330592996338,0.4625647205403831,8.699162889302976,2.979815123887913,31.88595175112329,26.39909319753487,42.68455381277739,71.14339737871764,64.42349506181721,51.78019869930681,66.18482295692451,66.12604453433342,59.77229985794038,22.96672555496174,83.84499607808078,97.54511522883328,73.14994208214851,96.89775117235776,89.27413813652468,113.5429481834837,123.0475542407722,134.6946335261153,142.5647692757044,149.1053625908582,125.663205492837,150.9107953354086,127.864899346246,90.02787100129889,83.61772546211655,72.17776977903712,32.57140919059496,58.79249101977459,30.77099809751383,27.96724628450653,-16.99242042033376,-7.171888138206484,-13.13730219456376,-23.70816346639992,-36.57151083969981,-34.40504538012609,-43.35121040229843,-61.83373944059202,-67.05842962873974,-65.61814452274157,-101.6052207723243,-112.7874896909623,-92.91907510388589,-100.2158911263928,-99.89376372726133,-61.23859235909741,-29.00178077566845,-44.6497702668951,-38.68084118981453,-76.19315830732997,-63.66142066959037,-27.65386837017372,-39.05997825151201,-16.79503195767439,10.92391306728401,-3.301066754798384,28.63206747159624,6.860044750887845,-10.52869666554637,1.353952370249499,28.93405907257574,26.06629324258059,-4.198002005724626,6.128203957710872,-22.9978607420276,-38.1792197604566,-36.52715735872408,-55.62983845371952
87.28087123895548,45.69889890148652,21.61062144098056,23.85226591909919,50.36465195987297,17.90848096988498,-24.64393658983171,-45.07677783478412,-31.9197289152654,-62.48075066666636,-40.79074632691007,-37.30376997216448,-19.18976791194269,-17.48340717697116,-11.4005518092666,-19.46982120564456,1.052553851730746,-13.28634420982291,-9.457405629718261,-4.688822128745215,-8.706604136951741,-22.89758024732615,15.03060133429861,27.69532934106464,54.94608481633137,68.04305502035203,68.43241879000361,53.8858412980759,57.42507254671003,93.79909085961035,113.6181180881865,109.0404398069726,115.6223885880057,122.1158851398842,105.4148889092755,95.5382606397484,98.61927210678753,108.5195754258861,82.27930854821592,77.19603164911751,66.77754970246767,71.3959047310838,45.82244652098596,49.57683333412362,8.661676534378042,-0.0426549675383576,8.741886212831799,-2.480948660367646,-14.62557719415096,-37.33356612510192,-18.4228033467884,-2.323163106401518,-49.02771420334035,-30.32277348566742,-17.71551854425602,-26.70974177094405,-29.21567299787747,-11.87644423511716,18.80193141080048,-7.515484577984505,-23.76763472403959,-69.97730360151652,-73.72706925436799,-60.84647810695584,-77.73627829515149,-69.46832100700966,-55.42594641236668,-73.47153813244279,-39.1471695734981,-25.93612454260118,-52.17622730180177,-30.13842657695357,-1.15574864461626,7.369879195475892,-19.4233237336328,-26.78073032145839,-47.30527089296655,-97.13646419625634,-69.97932590731965,-53.06540031438455
-18.25468388076055,-54.25967044441721,-54.53675061272022,-61.7369995828748,-19.51518795209327,4.182524760651559,-21.41965163501571,-28.6602755605793,-50.66132815597111,-87.39313947775034,-66.25325852767671,-55.97302485782279,-63.61139275188471,-55.34647403067341,-63.67457163185319,-97.09223326285534,-63.96927175390534,-66.625312457341,-74.53914633594013,-69.20472911048617,-66.80909202366911,-44.97295398277407,-59.45987173718924,-54.4819807474345,-0.7733838848282248,-7.823099903467795,0.6142273953235592,-39.82053132503489,-45.5658453069649,-18.24616158018613,-1.900529403477395,-17.25901157163736,13.27500598610135,-2.594061620012588,2.380872483585017,28.83716348866468,37.05237029889747,57.23005523075783,62.90399667521771,22.90258676128236,40.30477892150421,49.22807441983674,63.84552660522603,57.8752806368954,18.05709784351584,17.12723875426196,34.8547857826096,22.8489758779347,16.94113762935963,11.98877291138121,37.89948409743405,58.05851877402435,36.3046712581255,71.83992359781817,66.55828806027132,58.80172368981892,56.65186664201636,38.04087817863936,42.55754069790647,27.06926228412026,2.991932021610299,-7.133257878505473,-20.65106409066105,-43.634871008612,-53.40910965119101,-66.66517995301238,-73.98061770731483,-81.64583137345582,-69.16212456881054,-35.50207117813182,-48.52017525488929,-33.43211678184495,-25.83058351704211,-13.38557699852874,-17.14780954174494,-34.48108597435115,-26.6486919780873,-65.46708893562395,-39.01714953623743,-1.722917063902221
-119.6746871433313,-123.7539285667843,-98.56505990207964,-117.7531285737776,-97.41752482036883,-36.52721727095533,-21.61399611533671,-6.606160514590914,-43.32469801958134,-59.09868540346301,-55.47823141176689,-46.8522819272037,-73.198313607372,-63.31568388804329,-79.09039382238565,-107.7573083500612,-89.03552341402664,-77.19478574616895,-88.99848037556629,-86.56617449053407,-78.51473163425472,-37.03125004707137,-91.22162706871191,-92.98969195202687,-57.38879803948719,-72.19977610269505,-61.42129423021724,-94.30738528184744,-101.9784916279993,-112.2285767633188,-108.7713101221171,-125.6243670768049,-96.99899984122654,-115.7465343619564,-92.11950660191243,-52.17101158781946,-48.42132686801651,-32.81778148100999,-0.7678812061146062,-51.28954113006636,-18.54224181700201,-11.58625621301819,27.7342948274342,15.6292069761284,11.81780923653286,19.1390188497218,29.43679395462332,26.78909408836906,27.5770325647129,46.20147917798518,54.15079965768121,62.44790454583895,83.22134166138098,107.8494956177691,92.50946986409269,84.83586635956073,81.18170625878638,44.44986154832719,20.24342916585802,29.01591043215852,12.36834340635442,50.39355130691069,41.75673119184081,0.9462002532700513,5.436004085713113,-20.89659696635558,-37.20447839182811,-25.05056976102677,-42.26448469231563,-19.74183243908698,-8.468847164605105,-11.96134937104868,-32.26810667574208,-25.83620177101884,-8.080151306372876,-18.30351763456616,14.53440154788764,21.00413706656667,22.70185554434759,48.0524213808673
-125.0361321506354,-95.96799626811186,-66.66111708889511,-86.72332650412447,-103.8019866131963,-52.55769857665191,-8.777625985730806,15.58583102647132,-3.881279876961419,7.660429761618623,-12.92660922668638,-13.59241947159328,-36.56632597885382,-31.65714893247358,-43.41728528099718,-45.61797759898174,-57.89870912911466,-42.11442125425087,-48.26235708089154,-49.43153105201775,-41.59751356807536,-14.00376203044929,-64.40327643771327,-69.12219667292302,-77.23534905609661,-81.17989274779177,-75.26028522376639,-74.62047692118755,-75.03738365921143,-117.132904347357,-125.3913885047372,-130.2282203042865,-126.6064837306168,-127.4972857966934,-105.3958199431665,-85.83461713707744,-90.5535505250475,-86.62157056589676,-52.15036972405652,-73.97362263025437,-52.13207024986931,-51.79377880690846,-23.70521438770002,-32.81704301372201,1.882304658884753,12.57134728902133,10.67392400132451,15.65913647324987,17.73659779782725,43.18580260159052,24.33517928409777,12.38066420419334,60.8893098274539,54.03654689559001,45.28762355857231,39.54096470661855,32.64854713929262,10.97549584725541,-21.36976881562244,5.201583635779202,3.064682208744483,55.08968384099513,59.44046917214254,34.8578917515337,49.9835397881025,30.07248946114739,21.48892293090092,46.71708786187143,12.85211701491126,6.251964512212639,32.17176835882115,13.96944391735627,-18.55151009829616,-22.22671736183072,-0.5581960124417877,6.079826065642447,37.70228192763616,81.62160478541541,59.34274219026926,51.65766337378519
-19.95267921164554,18.89848950375393,26.10783386669076,24.14186859956962,-12.09485756292099,-8.534914398752766,26.29217175257739,35.94618097314956,48.55691321852552,73.05306732953134,40.00986370179502,30.21435060795544,28.1959575192855,24.18835055997547,23.71143775441578,44.59685819733788,10.48764275519255,16.3523200124387,19.5426083830293,15.87423804508371,17.06227072609256,8.086196168970458,-0.04441583686207523,-5.734636548058238,-45.63168276662409,-34.30917044984125,-36.85992802343621,-4.932385827189934,2.454968172922483,-34.21352548413789,-46.78309725808039,-32.66090051427536,-55.25204382172015,-38.47941114723597,-37.96099463225734,-53.95802535904232,-61.31874546449663,-67.38216382879185,-54.7203750468467,-24.93022206111749,-32.81168053300161,-38.79960543853085,-45.59947088379469,-43.79247026443404,-2.011101813862033,5.016361117761112,-1.295790826743483,1.803353545896967,2.452945488722613,10.78752510896502,-18.43770860923145,-42.66088869333317,-3.114585944488481,-37.02224377557707,-31.45852992233294,-28.23600277698741,-33.98197830850491,-22.32642589921228,-37.17263433186054,-14.57424362327239,-3.285035834888881,13.80406013152093,25.33494842493501,37.81133547603998,52.52539439245183,55.44177480360273,58.73921597024517,76.82838587581844,50.60159936372259,25.50211773064972,44.26616514257645,27.39046526878876,8.326572000770515,-1.118847136159165,8.065982266838896,24.88687205488524,27.70692842523664,67.99452185944681,45.08190475410392,11.79322353571436
112.0214347854903,131.7458742224184,109.2040011604808,134.1755481946419,111.4272205726834,66.42913753719191,61.21981788387834,44.44114996292423,75.06242230703742,93.52031341505493,72.58094580485127,62.19046704102164,80.23997721125168,69.28779089525891,79.44491023230901,101.848623098057,74.08031162208577,65.70297165840185,74.05356244531175,69.41106492376001,62.59271329510621,24.41286986730715,62.02541019296351,55.75287212318084,18.73660266129496,31.29041206913957,22.23101318421287,58.22482635583063,64.81921420859227,68.71814947709058,58.75123717406632,83.94804793848014,55.32120855448981,69.39438020204199,46.91152624437577,11.20346190761919,10.10210541254038,-1.669523006383481,-18.60385241310802,45.60220251704637,12.89555943335643,5.097760319476749,-28.14112519509802,-15.64129391335284,-3.081300892469432,-4.604585441082978,-6.638808578549116,-10.31576479278842,-7.848121498682053,-24.99213692121135,-37.65251528309626,-54.39998332711201,-54.54266736755096,-88.29721104346423,-76.79875161105704,-60.0916974985279,-56.81443014733753,-23.98074626738092,-11.55991693905106,-12.09136549282047,7.078649359454286,-27.62259214836907,-22.17141934893449,16.9877969499236,21.43727500060482,47.00294911863927,52.61562272987377,47.07675121188684,47.08386548824598,28.94573310466367,25.54401573510279,23.80823834628686,32.99552411967086,25.77635181447432,19.97113126490106,30.75592480925625,0.4950032333211973,1.590343977758143,-0.06316599730005255,-30.27060912974887
156.0899130812788,144.0855473056655,110.4684334379596,148.0689541102687,155.8922334477969,97.56056746176236,55.8736211092259,26.70291162245613,47.27887169830893,51.10043547144873,61.53373193736071,60.2217433780818,82.11704462789208,71.53853172293584,85.87310982064304,91.4642849898885,93.15542481909253,78.93712489570993,84.74848272140252,81.14806164548722,71.53804628017399,35.1938062544292,86.79006072084073,81.8099247568892,73.93422268010387,70.94105495410948,60.96251380660336,72.14935220843239,70.00304936087258,113.8512954405164,109.9891720467139,126.9095443920032,115.4500524151397,108.9769086182837,83.14252267129027,58.97292184816244,65.94212507223182,51.80724534669469,18.10193508695211,67.47809714979401,35.79767656476728,31.22847747357581,2.491275179439702,16.28758675180453,-9.194283074801206,-18.8864093686482,-17.08674188531509,-21.30188756630417,-13.56813984438666,-40.71834860512566,-24.36919914317203,-18.45096527010528,-59.03856634305464,-64.69038357563082,-61.43505503901546,-38.83720150657644,-25.03558236918341,-1.105450648791785,26.3083204298259,2.520782941424055,21.13110253351301,-33.33715345024343,-41.00556307680576,-7.712631236058625,-15.53100174787967,14.11172048570593,12.46961201995125,-13.25507036304266,12.93390961206899,15.76283849826278,-5.67654755463047,7.048831360025604,36.39826051816573,35.95730504891596,24.5535573592447,19.1895027616874,-19.81379638260783,-56.20968667925816,-37.46641265860741,-39.33055542200451
66.69544959446844,34.57305465241457,19.24712943975212,39.47045749486283,66.86083976636939,38.5643687263216,-3.690532382357929,-16.99458763336035,-22.25330991571552,-29.42076048330357,8.914419972294121,18.44101299315828,27.93432401473551,25.55011720683511,35.98545943487306,24.80711404303107,53.89991850820794,46.12345312457168,44.78574368389707,44.98371683225558,40.13114474777269,34.17556268508965,60.29478227922551,60.56075760241875,81.0445052762704,61.90624082335552,56.63092233232313,35.73420763678855,26.70932405383968,72.8246825121318,76.09263533579954,68.85650490021084,81.54356569810982,59.59268753165309,54.02613056622678,59.91657783237819,67.30535365073847,55.74907378981436,28.85993028609673,20.72016825142691,16.29225378114437,17.15008746228276,17.71905492761659,21.15308658295126,-17.54453158310475,-29.48218900978928,-31.15547452305252,-25.93905371113711,-16.70937678418857,-28.8828451904953,2.574400854409201,27.40189699681027,-23.16691013626481,4.171855765679124,-4.688752650651842,5.591728492969484,19.65101441568192,14.37360076800326,34.65336527512035,7.186290582229771,14.57698897388646,-8.905936692372563,-22.91834725599144,-22.35818357212059,-36.44314094949197,-26.54720695896841,-32.87548854895105,-56.89203832838012,-23.43797612460835,-8.501886534743287,-29.40684150893906,-15.81745319525587,9.81253114262495,14.38729449390442,7.041240593876215,-9.237509315445067,-24.11398796898188,-62.96603388409724,-45.05635505979189,-17.63643869912851
-86.59150746125732,-113.8719670058164,-96.73187154631515,-114.7436505977049,-93.15943514862819,-72.27858126899118,-77.97782101867293,-60.20291036116839,-82.15851265156124,-92.94661703532964,-54.03378350430669,-42.16623708750453,-48.86480513574111,-40.71485595935398,-40.49686992450693,-53.76039709558098,-22.43415776469429,-18.95076819247068,-25.39336210078923,-19.68683094549126,-16.23558104308133,11.17836402918946,-4.499197421171023,3.331924797494596,31.42875143435172,14.10986050103488,16.5201450486708,-17.77493759963047,-23.72218905145467,-16.70339805801844,-6.979781005850449,-35.85718061601542,-12.11157141540968,-25.60414153921678,-5.088485873174379,22.03386059702689,20.91855008235883,20.45999514686225,18.50043518005737,-45.07730490883988,-17.59578987710098,-12.61388132966863,14.69952650100448,3.775118223757093,-13.99454879654276,-19.92740859486512,-28.32268512707818,-13.59041034387506,-12.84108267892066,1.123604352583097,19.81861715986844,42.42426039788887,20.57085146730114,58.04662857364517,47.87289091336776,32.19288815262804,32.18050646631802,4.366701202602298,3.944988694170926,-4.112501084197382,-15.99354881879575,12.71023423563797,6.947103975608709,-24.18976834314541,-35.60984046416876,-55.29043261582428,-54.82459914529589,-56.25586581126318,-40.1519789289595,-31.49349775140455,-35.40108179794124,-33.60240035777993,-31.35854739078165,-26.63088401032315,-28.2538025084421,-40.33419061481947,-18.15440817876698,-24.93246091167853,-26.70679342239345,6.56818578218148
-173.2438739035063,-177.0793201617873,-141.6178430854867,-188.6763342768677,-188.7940669113943,-136.4802416066042,-100.0511271357983,-65.75277219273474,-81.90152934920927,-92.44308917263132,-84.74332081278348,-81.94986454764765,-96.490226531979,-83.28922409980792,-95.04977581928785,-97.53176071099311,-89.83687885250414,-80.52263975342574,-85.46737680749025,-76.63982635523537,-68.13835522288339,-30.67861673421988,-71.89023810145972,-59.87238467627522,-43.83720448764173,-40.01385688230796,-30.6475266148666,-50.35875548021587,-46.09712453114861,-85.57363807733991,-73.044439770027,-101.8375289839075,-87.03025109327425,-74.45320773483745,-46.05331711333948,-23.03812260210445,-32.77371078867368,-15.87789880692968,7.910889417690416,-61.68177974518991,-23.99868785577018,-18.03854092651493,10.3058558071801,-6.887444179317099,8.81870997066331,14.02129015395147,5.986399696036769,16.50469085710517,2.946578859827432,30.1483485878104,19.35520838466466,19.27953205444159,43.31148819963853,59.59652533638477,61.46154631130314,26.50362256680796,9.003792226383442,-15.5674652675298,-32.85157649964209,-14.47305395873529,-42.59517227432734,10.19455683185714,20.81530237992111,-15.26908036254359,-17.77121701823206,-53.09615256644621,-40.3351998399341,-18.78516482137041,-32.39953723058396,-36.5534934951548,-22.3612214947188,-31.73918262031647,-52.67307949619336,-50.59913600009875,-50.56492211578806,-47.69725915526119,-7.044702637891145,21.37971753164377,2.864370643003346,14.23282247677082
-113.9889663941847,-94.91088114143456,-71.7260328712244,-112.2778534142934,-129.2893988382549,-85.1468019354037,-37.88780987678768,-19.58652942771024,-16.83151027242777,-25.81178201183052,-59.28148186939062,-69.05014065637965,-80.70968833466382,-72.05380168715149,-90.50416931469134,-83.17864005668014,-103.3909931259818,-96.74586999993986,-94.97186800118764,-89.82430150762761,-83.20047757294381,-64.66524322903388,-99.1346441313439,-91.16910561416596,-92.19397272518772,-66.63487610498605,-54.77578427228084,-45.40230305655329,-34.86663721795373,-87.14579681898896,-78.97815840116324,-83.24132246250728,-87.15890210861406,-57.55962723653771,-47.46620074369959,-46.37763266503265,-55.04260455376506,-26.98351222826507,5.93558296381766,-12.18900738525891,4.838537884409057,8.780646340306559,13.38686970956864,4.26619898386627,35.49120321182119,49.4684053934283,52.77921859159353,44.10386404944659,23.74112731548182,39.47878671876064,8.462840290889737,-15.01434575464346,37.03771889108341,19.11468327804469,33.37702194075596,5.378519295429497,-15.70300431440275,-16.13932434153683,-35.27643031098377,-5.694631949184792,-32.60993905848917,-5.479338420041207,14.08548390571325,1.978169188359925,9.300611520894174,-13.40110746126423,1.767481132902325,25.88167876753224,-7.729883018886865,-13.96888340481907,5.022095882553415,-3.281544305600168,-29.01042261544784,-28.67440323218044,-29.00240047248665,-14.19158212480176,10.7634368630481,46.02366773957991,31.84559912306737,12.21385970536504
46.2004179538722,71.53533467529498,62.20194137723266,62.12382957084563,44.97278387714947,49.50928459664389,66.53241796323643,49.28702773795301,63.48897092313241,59.61547558492384,8.016534864484703,-5.782245199620178,-9.665139385507725,-12.01393592498218,-25.31869376344411,-19.61907489515302,-48.26044469301237,-47.46050017898265,-40.06233425173649,-44.83491524974507,-44.67484853393222,-56.60092822918098,-61.90463187173321,-64.88021066945369,-76.31685434451829,-50.03996386928561,-42.68527520033457,-13.5799464544813,-8.06853096209522,-28.28484347314738,-31.4973793576764,-5.235267757865347,-21.2296570957159,-3.642619793015323,-21.84294987813399,-38.90447023664755,-36.6815639289367,-17.80190273697383,1.530476381852094,51.18570278307856,33.11128989770616,33.24128375074137,11.73929281958793,19.2219196773532,36.97279083552029,50.27056619938376,66.8926117040986,40.5132499968879,30.80631303367459,21.40310468882864,-3.114427871377103,-29.04755827803041,11.50824505368812,-24.50193569613842,-12.32931373043726,-7.994979323418281,-12.62024187310688,9.467311190357437,1.25714962706974,17.26362744154411,13.60555704861462,-8.556948259953984,2.229155115080823,21.45153844336754,34.57057133303979,44.30344686981491,44.62764687549279,49.68478777499893,21.47885784438921,25.64833214246007,34.37264431548509,37.23481159501837,26.76863427638045,27.13489792699715,29.56646020624266,43.11524242067171,32.07406824819022,42.55152010825451,49.32926806369787,15.34847048114016
171.9726285415609,185.3082203437158,151.5187612350595,195.0161353769439,189.8411152142496,153.8565321211134,125.6440485073682,86.80830156125505,94.82980714995912,101.669333033099,72.24195852237847,67.67529779631316,70.54410580778493,58.89987117895633,62.5058164952554,58.402162128303,45.67949531393723,43.66770322533583,49.66897392372883,36.23133099587297,31.10041408670784,1.08293093441567,23.61132222306926,10.43900098989655,-3.802903457810193,-1.269184754531868,-4.572770731935468,20.16892010765544,14.08440934359786,42.526873850557,27.53368351235975,64.71199921011596,51.41096075485445,36.56116404426659,6.205328958482634,-10.90668116178969,1.528639104675574,-8.892251264309962,-16.50391271256624,60.49766321405308,21.81241810872651,17.92039215923053,-9.302113944001807,9.453953809706011,1.094802047843617,3.307193278253182,20.96743075961131,-1.65054656406358,11.35822679082991,-13.88163897300394,-11.31784151187612,-15.6103809078712,-17.57131760841094,-40.94208086153114,-45.49553722193103,-7.83066148291188,10.50240851853763,34.52063571522925,39.48717217972066,28.51665483685947,56.10321230391681,8.499381730316834,-1.619862677605421,30.66474060298203,42.58798555469617,78.42923278908269,57.91483603215372,41.56212969733571,40.79905517863162,52.24528356704474,46.00864005762799,56.56918713031187,66.93098403032113,66.65213480705407,74.90395541862803,75.94688444649189,39.46510099454165,18.73326244876287,40.60051321002877,20.49496117545422
153.2675685955539,148.1472066710008,119.1785141586202,173.7929061086569,180.1874485574073,132.2039873820309,82.94990088870522,58.74279887507534,52.55286222187926,70.80279855579198,89.03098119652189,99.1268564933894,106.4250807083916,94.01925902345835,115.8863060174665,106.2565500232635,117.1395869220821,115.5456273439599,113.1790296918929,101.3561295180073,95.91797554909492,71.14128128989634,102.3145358096583,87.69888195067314,74.54219424307708,48.25373061370839,33.91447765511429,35.26365289034899,23.31934186714625,75.27937503078584,57.68238881770252,75.36942404401586,74.09900514895435,37.24316977734156,22.74878294750387,19.23143011992897,30.35078560209146,-8.505719141482443,-37.71034178501414,3.066521649706033,-24.37750037606457,-30.61147507952556,-39.75589803168668,-25.27765385611789,-46.91982866185185,-58.95640286250035,-57.13942374916298,-52.31901436126066,-23.44819780960208,-41.6550796837905,-14.90344856455587,7.002051722507016,-36.21689113026478,-28.31483372627132,-48.06232362433418,-4.840347829081495,21.00285954589073,26.74822783220926,38.55856004021192,9.882158715492459,51.46311934573723,24.78734738902853,-0.3990050012996219,18.39932492920985,21.98492832406927,55.00338821888683,28.60658850547259,8.906000483328601,36.67530942684334,38.66280193798548,24.84233052654884,29.50713351187366,49.47060194618795,46.11637203852079,56.46968394548688,44.96817793557406,14.38071962059318,-15.86802248272669,-1.925126970186713,8.282954688349584
2.934069743052052,-13.06824403311018,-12.56734325237611,10.4422880850269,20.60347459255076,-3.886495848410527,-31.80131829440802,-16.98656711743905,-27.71862360100151,-7.976876176974102,46.19581312289397,62.54480112158546,72.66421767977911,68.26255059770405,94.2854928488813,91.18389764186009,112.2385904715731,109.9503395541001,99.23922642909388,100.6832127109142,98.78887283001032,94.75683702683374,114.1568027681425,108.5397031153604,100.3946955204024,65.73341176246845,48.52235688898124,26.83031076876334,21.61224032382935,53.53647023856238,46.72989161629569,29.1856330546296,37.44276442294715,12.35843037142163,27.76997136894535,36.04267072697301,34.38551845296168,-4.917127762977808,-35.10527712753359,-62.93212999987801,-56.42098062776245,-61.59668525740506,-46.14856227171093,-48.68006476841573,-61.14794712618811,-79.60279875304617,-98.75058840923248,-64.72602113043222,-43.06267435136076,-38.9048366483629,-10.76837695589339,17.09147216454318,-34.69573893157945,-4.160358331362536,-20.97982532807475,-7.482936763221491,1.575609078892699,-13.96624048493864,-2.936318289056414,-25.30726245988418,-2.300705665841242,15.20745238465037,-4.352034585307192,-11.62144170083284,-19.9350045176367,-17.72985260915924,-25.4282455722582,-29.02148910262022,5.661304565649864,-11.6294033968377,-21.7347528844724,-31.43949159156893,-18.18957802520421,-24.64423007248703,-21.7513083269206,-35.83427538315966,-35.88572980742514,-48.33215260557447,-58.87003969502584,-27.02477507247458
-151.4188307671191,-165.3723586493533,-136.8001548374075,-163.7741435254224,-156.0870904957766,-140.9828045047081,-123.6510384283372,-81.8430944124698,-81.49624279426095,-76.22911989539408,-27.74929503466282,-20.43090982060939,-10.83111581761537,-4.637586917942051,4.104796422764815,13.97449351245711,25.69750975455099,20.04787764309324,9.572961276838639,25.91235860572502,27.27262550668402,42.77346602236598,41.41812403830713,49.07351703334495,52.58159150888473,38.68239510025865,31.62200086094531,5.004430299306717,12.70528553704903,0.2795820791837818,11.07391478168919,-28.47626845020524,-20.10288560922475,-7.949656238775398,23.9123170346821,32.49431310282451,18.31002550183076,13.86143427216335,4.116479663427183,-66.39539690099051,-31.53105003353678,-32.08408100720177,-6.941731537631896,-25.01933910782587,-19.15319394254857,-30.01017944037307,-56.41237142069743,-19.59143398105856,-25.43620276755694,-4.115152430959142,2.742918480620446,9.861802924582227,-11.21786950647388,15.06695393824385,18.72906356636694,-10.37562981350967,-27.83015078083374,-50.09045668516066,-44.10050570720035,-41.70013440169727,-58.80415697124349,-18.05266026820684,-13.64997849267709,-37.38416854769228,-54.17011737705977,-85.55760770741662,-63.71684948033064,-49.97249434319932,-36.05048176171811,-59.79215210595412,-60.24210932874245,-76.68413491292267,-77.8311686049083,-82.58826325141388,-93.24659687837965,-99.06468000142176,-70.9346155667413,-57.35457852852613,-84.51396474328519,-57.41630971474934
-177.1215206644505,-181.3819906090732,-150.1785744803488,-206.282774038201,-202.9037312313514,-162.158514627785,-114.5484905413979,-84.44654119389206,-70.11530993539465,-87.70084260285418,-83.76929048477434,-93.42356938928864,-90.91951768699089,-78.99176936406936,-98.40071103929725,-82.79533164815354,-87.46807945259123,-94.38506254421247,-93.933393804106,-75.12976691313639,-73.42981019566618,-51.13626469910225,-69.11738357088343,-53.17180420363697,-34.53881626907091,-15.03614843862447,-3.823765493406868,-14.46836611390252,-1.158904961085915,-44.56055716430465,-22.90403815378067,-52.36787933076177,-50.40825882798018,-9.459057993458265,9.71720318354925,11.20554904920117,-2.924634062548056,37.90739973994398,55.36139191744281,2.346594468323786,36.28553074266665,41.45166589851741,54.44676808422277,35.84933247337079,49.04645202434435,55.22489952263266,43.75209322429286,49.77467869575014,18.05967985573909,36.9852486675647,18.44459130535072,-2.790146882519116,22.83742175648266,23.74938556722401,46.78789163471584,-3.115029043800317,-31.51190994224863,-42.30544241822379,-42.80393198247269,-18.03829849365492,-65.05552898756433,-42.98536054320235,-15.51438362696793,-34.80888570006235,-49.74137825571786,-88.79708506519229,-53.1588371731689,-39.21689201152754,-57.36206639128901,-61.42597564033358,-54.38239159334084,-59.79376311939399,-70.56654140471215,-67.44388203677316,-85.97921201774112,-80.10519043183038,-49.18325727250177,-24.94330708258018,-42.76685783592175,-42.67493614826093
-52.32830286111732,-48.23506333471458,-40.8266901130333,-83.01480527126064,-84.52957963171139,-49.91284432965433,-12.64057713128685,-23.3339749917281,-9.908873144451302,-40.6854269438036,-85.5214593670696,-104.498503235869,-114.4325988101782,-104.8896536900509,-140.1899237004322,-133.8512458482413,-145.4666134258262,-146.0091488487699,-131.8607774760815,-127.7977203113456,-127.4096288453226,-111.5524286999427,-134.7118014441265,-121.0063248123582,-95.79839166844198,-58.00237711813541,-33.9833873622344,-21.04503802194448,-15.94353009054588,-53.92628011383389,-37.6133953917395,-32.72511166657493,-35.88053100854,-2.451110096397259,-14.06669837621785,-16.68909968910458,-17.37082131448969,39.46385745356655,71.13690675129052,77.11309852075328,81.9436206859101,89.86024018499837,80.91432776307219,77.69412656216839,81.49604509059256,101.2025307375763,115.9092548039949,81.52128582597553,48.66104465554577,49.51608389786664,21.71671421399754,-8.134823027491127,44.78696749696153,22.1438635368376,44.30304015900934,13.00459517246863,0.7097446244576197,8.50486766357052,1.084905810923875,27.37934517044965,-12.89151248760897,-29.58832888416643,-0.3648563043167058,-1.468259655444452,-3.126441193496269,-16.78908717223969,2.102021734571399,-0.0956663943834923,-35.52769382071183,-8.302252518251219,-0.0004916132010985165,15.20184337369127,4.816257008740195,16.38847764804064,4.848829350248427,17.22457724116683,25.67074138646476,38.57060086595939,49.07224790305955,22.2921241891513
114.7391620992186,121.4119303704797,100.5158634388822,103.2322773942003,95.7905251526543,99.57149768594927,95.16532655192218,52.63374920364646,47.49269843823572,26.68615291062346,-32.23100851513541,-43.39684478997695,-62.43713032345977,-60.94886667295879,-83.47985815798248,-94.64587694120384,-99.78441028812881,-88.65256483876446,-70.65656283561776,-87.42172505891018,-86.92647339848578,-84.38969391351226,-100.4280600283503,-97.853352083137,-85.37675875032214,-59.63028241052455,-40.55626226478212,-14.84625249207865,-23.93268023596795,-28.76932933383912,-30.70903180691142,4.419597968763507,1.801725073302002,-3.340569600970813,-35.83559021323637,-35.67955230982712,-21.50897149564745,2.976627119295284,25.74398723616395,79.49809352132878,51.94181701668483,57.0890687514073,35.46168072537331,50.52110808165187,41.47689187801603,59.84730826372914,90.17927531010835,41.76183024738616,35.75739019902134,19.79318446665168,4.560637210308975,-4.815839167137245,35.34140796142995,10.05454577458286,10.51559845104801,22.45847136098578,38.68882339998131,57.44490044750417,44.78380638284606,51.06307446748164,51.12807860967543,16.34852852064518,22.46910690876478,36.45223259243987,51.63847587271356,74.98939051673757,58.94950878102698,43.17515425538072,19.5275506037453,57.9182657036629,62.55094101524779,87.5356683892216,83.45470032597706,95.26434378006735,102.0399058101189,112.1871679291608,94.00021237274059,86.97270165201476,118.4553073739945,87.06333346480038
180.8676982002521,186.4708193710749,157.1320347357721,200.5049283975099,189.0108784149795,162.3002145544763,120.4940931261109,85.64464353415111,61.71530396963365,69.31537404704838,42.3918956713152,50.07531097106808,35.30071318157973,28.47228717309703,40.08825504335169,18.95892601146139,23.03767206717455,40.10812192068248,45.923632616079,21.0467601077549,23.83760620866922,12.80886155012112,12.54905677401047,2.219345341993736,-12.63661037649189,-19.27944180209738,-22.13159056769858,-3.946956982996438,-18.57394001807253,8.648352420074742,-10.3700932596141,25.97037530079409,26.93149530132231,-13.3039780342545,-37.41375487725853,-33.69392431680746,-17.00628234414109,-50.28814505056044,-52.41784861193911,-0.6316482932809871,-36.54770181084667,-38.12085865224252,-53.7077728728347,-33.14564330781764,-42.0872240832264,-39.91133503031633,-18.25688550349074,-39.1217499921271,-11.4092578165946,-29.03881360348905,-21.49199118358562,0.004024808820195904,-2.914728106693018,-10.32891590411369,-32.93624134560376,12.1206727155929,41.77943628262678,56.98367997935219,45.33489298779776,27.10337356084555,68.87494244808551,54.19865644387735,30.17264612359899,44.98444276062597,67.80132493678136,107.9640295925665,68.78132511055304,58.42917624806773,65.81594363735326,78.36980005296645,77.88186029609169,89.19117553508156,90.5871506607501,91.29045582837654,112.8398749424424,114.5480888203152,87.78364136652658,70.44642737219615,94.86888627287688,84.75339565380409
92.81572848520798,97.58835907556002,85.02689478394232,135.1134996083636,127.2768130893204,93.09740262989497,49.40160886105942,55.09100207276276,33.30601832890854,66.19086229814289,91.83288120611745,112.5272787352864,115.9592487259244,105.0919470750071,144.1971386782249,130.793520523038,134.8868926952065,142.7950188569626,128.1025493782704,117.1360221449903,121.404673291279,101.5276212913347,118.3310020352454,101.2027850533165,65.77087436796359,32.69931311011499,7.063627831653052,3.65884116901056,-1.546733606283341,33.72937802195193,12.19247931519793,20.36499486510501,22.41593289248145,-17.39872381390819,-11.08643364456624,-10.31880928994764,-6.042269531292693,-73.40138103746743,-97.59141448267121,-89.33412892852836,-103.2528838660481,-110.5310085798138,-108.2228211689906,-99.53729338031791,-94.57972856216364,-111.1037560574641,-115.846900865479,-89.11884208657777,-49.27542674331186,-54.04101067988486,-31.33399623113262,1.55731115998601,-42.0677572878683,-28.23010876337552,-53.97264966017115,-11.59838051401172,2.710867548117152,4.036733746627959,2.626004958959474,-24.50680245639334,25.61549136471903,46.16617093809409,10.08262207070032,14.11963240522592,27.56786623318826,50.03429660862619,20.38142322311968,29.94523993617457,61.60448177591867,30.4552513627643,25.94234750585394,9.660545748268953,13.24912497976433,-0.8176778328595654,18.67366741526787,11.22072836481282,-1.515031089856313,-13.26897476219864,-18.86209483441229,0.405494267337129
-68.75613376837836,-64.35236773395332,-51.73466652236733,-30.95283025089898,-26.20159843731158,-41.81667416810556,-51.17107203389058,-10.26571460480933,-6.563746587566195,27.20187831802083,84.48912345227147,99.98409749677909,122.6174334000767,113.736678271937,148.3129996331381,154.9396111751371,150.3946388850779,138.1460097110362,111.8939860878015,126.385770698197,127.6972663120186,108.2983200678932,133.4962434600892,119.9474795408636,91.29624853348996,58.21913278208496,28.6727799379252,6.483273662707422,16.62785492684446,35.15061374802075,27.2902275070482,1.987729777583364,0.723466975552807,-3.374086776061425,28.04538296724395,20.94480240435465,8.911966884064325,-36.1728877850677,-63.69686188584833,-97.47416558259617,-78.72424990923821,-86.29831324579563,-69.87687878369857,-79.98974648060883,-63.40543572910896,-85.97882667648989,-113.3734957662284,-59.93965077123836,-40.75787391403548,-30.73236199412612,-10.4686352721169,1.969144507212192,-49.20547138577811,-28.07236578224006,-34.10383477926339,-26.27146891646247,-41.82687172656922,-54.52371689730203,-40.95671912070222,-54.81985704885689,-36.87022103578412,-4.685011534495385,-23.56125879045668,-30.30750375639031,-38.04074070799145,-51.88849089797145,-46.82672823886021,-24.66639045790964,4.294200448101047,-47.48494641135247,-53.63721220245792,-86.44287263828471,-81.97344973133912,-101.0485312265537,-99.70706330402675,-111.9666120662712,-102.7690457244636,-101.4659657093207,-133.3640107984062,-100.9690721460694
-163.7518759097041,-162.5788252338262,-138.6149464932442,-158.8752123319699,-141.4789693546442,-129.7617887727188,-97.9608734517995,-60.48357730984336,-29.61498862881835,-21.82223882382914,22.26994488446802,18.26922637860024,43.97455754141343,42.17443138182093,41.54739685118959,63.86211364369587,54.24507274426148,28.07697124243446,11.69164710990258,40.66365773532109,35.13760359568641,28.48058668342696,45.94778233010166,44.86570089151163,49.02994841409934,40.88448057713113,32.21664049439062,8.649433546592178,24.44357062718408,17.84837797951022,28.73505247554017,-7.840809503750787,-13.05018965398194,21.66681385554461,50.29018903242051,40.05173306597987,22.28890510117015,40.34696695907432,29.20877782254827,-9.589693541707895,24.35032324779166,21.92345141817404,38.03788598584539,18.32466340918793,28.81493280402377,18.18155579460224,-9.990246243418984,25.19175904769777,7.333707721096594,21.88228918504124,25.87620698384811,4.176153820349183,-15.84050720464576,-4.682228904776299,13.7036274096537,-16.28220478527979,-47.14044586912819,-65.10082888032055,-43.501294533781,-33.60371691837464,-61.47820504004788,-54.52851333669737,-39.98314083118007,-48.53632121801203,-73.25647745560617,-110.1653451087147,-74.79309895596464,-63.53846215774778,-61.36923343871644,-86.97508989431795,-91.49798666826558,-112.3764641824373,-106.9599404410337,-114.3645646106726,-132.5178716628006,-142.3954000986854,-122.3613835671866,-112.7494670541849,-143.5429651198763,-124.9498752243965
-116.4108768038722,-122.8045399123657,-108.9365476024685,-152.2249035446744,-135.2707465562425,-109.3644633055346,-63.62821310010033,-64.62264508723558,-31.66674193304823,-56.98670178010413,-58.89703650249593,-79.47449423125225,-72.28503702991074,-65.0196910679127,-102.1072540504607,-81.78560865379498,-83.4880289398094,-101.9682317202065,-92.0218595408581,-73.8907242422069,-84.32460985337514,-69.92950083968256,-73.93605032624035,-60.51017049344399,-23.5978800444408,-2.53904480019639,19.09389583606729,12.7395009150601,18.23766663499526,-4.75402528020611,15.63992185887771,-2.276351788323942,-6.825389468562261,35.39677125111155,35.89811803712786,33.64401541335758,25.52530160608856,94.2404041691447,105.542641619436,95.42993738500039,115.0025480590243,118.8565727777407,122.4155419866873,109.8755228749892,99.60087458839044,109.4999270962058,102.3183000780975,89.25088015031666,48.62986192077582,55.64638315815399,42.19524920658465,5.247887409383248,31.26837737985299,26.00697254195075,51.661778762708,9.208322637742336,-6.773845629238238,-18.1113819431616,-5.075139261689312,19.56922665811345,-30.09224900147384,-58.49908454551007,-21.43489289956076,-23.64967636017508,-46.71771562690398,-74.01010878524318,-38.19105572553517,-53.26512587964768,-78.61701757979552,-50.80985002392008,-50.50295883671863,-38.96636867322871,-34.61546599135044,-21.50279804221979,-44.56286778470601,-45.33691691444143,-32.34772410184263,-23.67862449623588,-26.85071363656885,-37.17489767590132
22.87691260148808,9.186438088272771,3.443812065233622,-31.58842125204169,-31.74933043770453,-13.38047721518956,8.699984071680053,-28.8152408054234,-24.49807443736603,-63.81106775431302,-107.7218340595768,-126.9080544691501,-146.3895552528479,-132.9681051607311,-175.2978643506407,-173.1089077346019,-159.541093162564,-151.5703125669518,-119.7453596790363,-129.6314955025392,-136.760929682923,-106.2527129152138,-131.308578258625,-110.5161287156485,-70.24483850199093,-37.76442019413552,-1.890134007765562,14.25119256534191,3.459883712453709,-20.78092230666136,-6.162130465437411,7.096788743882949,8.632584853659962,21.56654943833876,-6.263214538395702,4.818101963262854,12.87912960491111,74.54019847053883,97.68256838634676,116.2554095249219,105.7945053136965,112.3107762885141,102.4179786071873,106.6878953390423,81.33492357958679,103.6939621869581,121.8784916654308,71.83741346727022,41.71921002448121,37.27465574954461,16.85615890713784,-0.4231155420361087,51.51336734275586,36.8255342550932,47.33987643376906,24.14955125134827,39.52876797674953,43.05012274348898,34.15774112737776,53.33285395872309,22.24179609246583,-12.39465619068393,17.60515071044361,21.86910244252438,19.14331202249565,24.23697662850355,31.43903110140228,0.8979106486404169,-29.26356830087661,31.12851824990376,36.94867787908389,73.46747538914873,72.39880378403674,97.19555018621833,87.17905349436404,97.6866628916536,94.83973376465526,97.79765277983316,124.5461153390865,94.43877495049159
