-766.790,-880.556,-826.071,-862.301,-831.397,-898.717,-786.560,-921.747,-888.383,-722.393,-567.584,-459.787,-475.638,-511.806,-464.009,-253.249,-448.395,-317.906,-510.873,-584.242,-543.682,-504.974,-434.705,-193.949,-219.688,-198.599,-258.156,-168.664,-384.115,-472.624,-591.249,-601.956,-333.078,-405.267,-205.682,-261.198,-446.230,-142.635,-132.428,-137.120,-75.147,-45.993,-123.322,-91.972,-95.033,-47.100,-59.902,153.239,318.324,427.997,442.570,345.927,217.025,122.345,-186.457,134.832,324.215,203.324,303.577,470.084,328.692,177.157,153.208,159.923,-73.815,9.301,55.595,29.026,-160.530,111.415,188.135,235.979,318.810,279.436,265.219,175.957,128.575,126.442,81.993,310.847,463.802,305.344,337.733,476.749,579.366,423.201,410.198,238.188,212.135
-680.067,-825.247,-794.715,-806.459,-747.976,-831.854,-726.661,-817.192,-793.472,-787.369,-559.659,-439.977,-401.032,-404.545,-213.079,-80.210,-295.290,-198.862,-288.935,-403.535,-364.124,-174.509,-206.420,-35.088,-137.543,-112.570,-118.603,-50.982,-247.026,-353.170,-498.338,-591.978,-388.185,-460.532,-319.103,-387.533,-498.960,-291.938,-202.109,6.619,3.999,41.222,-54.997,37.036,98.924,24.281,-32.867,95.835,273.196,297.428,421.160,332.491,176.982,190.853,-80.207,223.662,345.658,238.559,253.323,350.336,155.861,15.515,9.929,-8.428,-204.789,-112.740,-14.638,-1.796,-140.583,87.599,127.382,219.241,330.415,294.361,246.633,98.422,85.943,30.521,60.114,256.893,425.192,289.830,249.533,325.976,500.823,335.314,333.696,173.729,256.280
-473.529,-596.694,-595.400,-589.500,-492.277,-568.439,-476.727,-543.903,-500.786,-665.950,-410.393,-313.170,-214.919,-154.792,152.323,175.608,-18.949,51.600,110.996,14.596,35.038,382.807,269.166,308.515,164.542,180.646,180.769,223.229,68.760,-7.143,-164.277,-293.154,-198.886,-245.864,-198.365,-277.704,-288.417,-230.232,-118.354,242.709,169.475,203.698,117.754,244.121,351.309,217.077,170.539,201.498,314.347,283.328,463.373,352.474,199.389,325.824,158.163,326.872,353.649,273.803,216.321,206.404,-25.559,-159.612,-127.094,-173.408,-337.189,-284.065,-142.468,-80.700,-155.886,-31.591,1.082,55.604,222.677,192.919,170.799,33.187,24.681,-79.105,34.809,181.708,329.200,270.938,110.436,158.975,362.353,255.806,264.886,161.841,325.204
-225.932,-284.856,-296.903,-285.533,-155.276,-202.405,-109.842,-199.361,-102.744,-378.554,-147.385,-102.048,11.588,123.354,459.301,404.907,255.968,308.610,493.463,464.669,461.425,875.110,732.776,632.520,503.821,496.148,447.999,460.528,360.402,348.091,186.976,98.706,88.212,56.416,23.138,-44.447,44.536,-24.331,36.532,399.809,290.525,326.583,278.497,413.248,510.344,412.050,417.944,382.925,395.396,356.157,504.185,335.535,201.207,407.767,357.713,347.679,295.355,254.491,160.900,70.935,-165.669,-316.744,-281.370,-350.377,-473.316,-504.365,-353.362,-237.995,-265.941,-265.972,-210.235,-253.713,-15.017,-48.403,9.507,-64.060,-92.213,-222.550,-44.904,43.749,169.461,223.384,-52.195,7.376,198.439,184.959,206.483,164.299,348.382
-14.864,9.495,5.617,11.969,148.706,140.905,258.237,108.886,277.296,-1.129,164.202,146.434,204.942,322.044,574.517,508.607,402.928,434.769,669.676,716.827,704.499,1036.029,922.346,733.651,671.748,634.953,510.933,495.893,444.492,495.335,335.125,356.380,288.387,234.934,169.892,148.490,308.491,186.823,145.084,356.588,264.937,325.410,325.854,458.105,473.757,494.290,559.368,503.207,433.844,426.514,463.185,228.214,116.836,353.313,380.610,233.846,160.368,160.594,69.251,-25.214,-220.843,-413.984,-437.389,-520.128,-590.449,-727.110,-602.021,-434.231,-445.342,-539.254,-457.196,-603.382,-298.301,-356.861,-200.019,-190.711,-239.524,-361.715,-160.544,-133.612,-8.441,147.173,-182.117,-90.782,60.048,125.233,158.649,143.728,281.254
115.138,213.477,228.914,226.979,331.370,361.471,518.778,308.830,534.213,360.824,444.388,374.777,319.880,392.133,473.162,447.588,356.741,355.260,554.242,638.027,644.678,770.030,716.376,525.528,556.322,502.615,317.192,287.350,259.559,338.991,186.996,342.514,277.206,166.679,128.589,181.773,371.200,275.585,129.132,119.717,89.264,201.450,238.680,373.861,256.364,422.788,523.105,469.212,376.501,417.301,313.488,47.636,-43.854,175.976,207.145,18.018,-4.073,23.972,-41.241,-60.531,-170.575,-414.327,-540.407,-631.507,-648.179,-874.714,-788.837,-580.499,-600.688,-717.135,-640.476,-830.656,-485.789,-588.270,-360.742,-282.182,-328.477,-406.582,-222.707,-261.141,-119.273,79.391,-211.798,-95.242,1.679,100.446,136.136,103.391,150.254
161.722,300.365,330.353,324.777,364.068,422.726,612.648,384.574,617.309,608.863,626.672,534.235,353.895,360.781,247.793,264.568,149.568,104.796,210.031,266.824,317.623,206.345,204.029,94.691,211.891,170.266,-31.040,-58.030,-98.411,-41.491,-175.093,76.294,52.315,-121.088,-88.034,43.081,227.502,198.072,-4.708,-180.318,-137.753,35.608,82.459,230.043,-19.962,245.110,350.452,287.922,237.995,317.539,109.967,-117.165,-194.476,-21.363,-58.646,-197.638,-121.359,-92.020,-126.552,-33.220,-31.625,-308.499,-530.424,-632.019,-613.240,-878.960,-818.497,-597.094,-638.116,-693.622,-672.505,-810.871,-465.338,-608.548,-372.072,-253.845,-262.717,-273.097,-131.318,-240.232,-89.747,71.465,-102.237,12.635,51.876,144.808,162.004,86.942,43.034
150.561,284.902,315.992,314.884,280.524,354.607,546.482,365.613,539.211,684.419,679.609,600.800,339.645,305.977,52.331,64.035,-102.227,-184.070,-184.004,-202.274,-103.546,-370.278,-359.397,-338.736,-167.087,-161.758,-330.778,-343.102,-428.873,-437.542,-546.711,-288.799,-273.136,-476.207,-354.832,-176.613,-10.730,14.712,-174.047,-370.811,-279.402,-71.309,-42.607,114.527,-204.985,55.619,154.404,54.454,89.544,185.201,-41.343,-158.420,-228.041,-114.453,-260.776,-302.750,-137.606,-135.834,-148.508,32.403,140.473,-130.181,-387.550,-505.900,-486.206,-724.001,-664.281,-471.466,-534.223,-469.050,-542.046,-543.079,-234.980,-383.746,-202.639,-72.679,-16.770,44.287,141.300,-40.448,83.109,146.093,119.581,202.396,185.801,268.475,241.889,139.061,48.039
111.840,205.489,228.393,236.566,150.609,225.629,378.605,297.334,358.438,586.258,613.483,580.584,320.977,304.514,13.468,-41.543,-256.797,-349.456,-425.754,-519.629,-400.354,-673.847,-689.063,-537.896,-356.080,-280.261,-393.097,-393.029,-539.778,-631.246,-723.444,-559.202,-538.492,-714.984,-515.170,-345.677,-191.123,-150.715,-275.351,-343.043,-249.985,-68.546,-72.625,71.012,-214.071,-67.794,38.091,-113.300,10.158,102.917,-50.623,-21.752,-91.425,-39.431,-290.616,-247.028,-60.809,-103.430,-107.298,90.979,268.483,49.791,-157.090,-293.890,-311.835,-465.254,-395.555,-275.648,-360.365,-165.301,-335.869,-167.852,77.247,-18.899,71.066,194.671,319.436,438.546,504.007,257.621,309.890,266.244,355.666,389.028,323.693,428.561,341.577,258.384,185.058
64.949,106.549,123.653,137.926,42.246,103.985,186.683,214.465,149.297,368.154,471.761,503.246,326.761,384.965,160.329,8.615,-221.589,-289.710,-394.119,-512.973,-425.600,-569.930,-624.188,-380.289,-231.959,-88.850,-154.738,-158.356,-357.610,-520.306,-619.147,-610.654,-624.460,-726.460,-478.372,-371.987,-214.034,-187.237,-248.079,-116.506,-70.368,12.897,-20.318,74.437,-75.770,-103.824,31.557,-146.172,36.221,120.770,97.326,251.643,172.179,165.413,-149.751,-72.166,41.446,-41.043,-48.711,94.594,285.336,152.107,65.232,-80.281,-163.589,-209.700,-147.366,-128.710,-241.254,37.572,-196.948,101.514,275.143,286.344,293.101,399.370,569.407,726.971,776.591,490.887,446.435,343.636,477.572,464.162,365.299,534.468,391.193,380.790,377.050
19.650,28.404,49.558,59.429,-7.187,29.955,36.079,133.404,-24.131,119.494,313.569,408.384,357.193,513.370,412.194,190.842,-3.684,-23.404,-108.850,-179.041,-180.172,-141.977,-213.321,70.614,150.728,326.432,278.305,250.141,28.301,-176.046,-311.348,-450.169,-512.818,-527.449,-273.869,-252.051,-86.111,-62.208,-108.343,177.489,145.827,87.734,41.875,60.412,96.449,-81.390,87.475,-55.324,143.271,225.692,331.994,542.169,441.947,383.935,60.857,113.067,86.227,-12.068,-37.468,17.747,167.157,127.939,182.093,47.040,-108.087,-64.928,-46.827,-125.212,-272.917,8.235,-239.711,99.029,206.777,346.297,313.964,392.276,564.826,745.736,786.142,503.863,375.498,287.959,395.574,353.092,245.703,492.846,320.495,409.549,487.058
-12.462,2.849,32.586,26.404,2.882,10.894,-36.966,63.313,-120.329,-64.097,195.064,332.137,389.305,618.850,629.798,410.134,292.964,316.159,284.794,316.163,192.096,363.391,315.630,595.013,584.461,737.184,682.480,616.358,413.357,199.178,10.864,-198.463,-286.001,-240.328,-29.841,-62.881,94.751,161.746,66.951,380.268,266.309,82.900,41.988,-14.197,186.983,-38.767,132.330,90.866,269.068,355.495,539.432,718.806,588.269,495.169,213.836,199.276,32.919,-49.980,-111.835,-124.404,-49.904,-12.778,149.238,41.436,-168.007,-83.222,-138.871,-273.371,-453.360,-250.946,-473.288,-193.091,-138.868,100.132,84.412,122.604,252.175,447.926,474.131,246.955,84.260,68.162,116.401,64.528,-20.445,267.116,105.125,274.737,400.058
-10.994,48.066,74.758,48.002,50.060,34.224,-25.210,21.163,-120.671,-111.705,154.834,298.765,396.717,641.707,698.581,552.607,523.022,551.170,596.040,727.931,487.330,677.447,682.400,932.655,822.031,898.319,836.620,734.774,591.095,390.232,163.039,-8.357,-71.241,-12.301,108.797,93.073,208.937,366.427,192.708,403.972,226.631,-3.815,-31.789,-125.012,158.452,15.899,130.856,221.453,358.186,443.817,629.110,713.731,548.200,447.167,239.942,143.081,-84.803,-129.754,-249.607,-276.738,-280.316,-201.029,2.725,-77.779,-304.750,-231.642,-356.234,-482.260,-672.869,-595.568,-782.865,-625.296,-612.364,-342.976,-302.611,-311.832,-257.189,-57.082,-54.019,-181.048,-313.728,-255.293,-249.322,-301.600,-336.948,-88.518,-208.162,-17.902,97.969
45.189,159.993,157.039,117.505,109.173,83.947,58.365,33.415,-26.357,-1.399,204.729,317.471,370.210,573.044,594.270,548.090,577.675,555.896,687.955,863.046,554.292,654.523,706.005,920.957,714.470,688.017,643.457,523.781,468.419,294.067,75.156,28.978,34.979,72.001,71.068,152.187,193.003,448.939,229.775,282.236,73.423,-94.760,-115.192,-184.513,75.337,110.421,114.526,307.152,395.127,462.322,582.083,557.592,360.020,284.823,168.605,-7.527,-176.331,-179.210,-370.918,-366.977,-425.122,-339.296,-158.901,-234.311,-432.739,-406.193,-553.377,-608.290,-773.563,-816.411,-985.864,-958.757,-978.308,-755.979,-653.228,-702.272,-731.869,-552.321,-573.051,-578.675,-632.445,-552.993,-540.900,-600.011,-572.937,-447.781,-518.284,-382.718,-321.496
158.251,305.316,246.037,211.894,164.160,147.934,187.808,118.652,141.285,229.777,326.249,382.036,325.794,460.847,392.979,407.534,441.516,325.311,542.264,677.320,373.012,340.359,396.526,578.822,295.271,180.973,184.479,73.431,117.285,-21.561,-169.938,-66.117,17.553,32.336,-97.047,123.114,77.586,380.874,205.990,143.493,-63.645,-81.403,-108.748,-98.360,55.346,276.072,153.141,364.304,403.742,431.168,451.622,354.119,135.950,115.809,99.754,-144.872,-152.392,-125.706,-380.940,-341.292,-417.173,-348.889,-228.395,-332.534,-460.471,-484.485,-586.494,-535.515,-643.543,-758.448,-933.749,-997.413,-1043.440,-916.731,-777.525,-839.580,-940.832,-825.546,-854.613,-752.878,-716.138,-695.136,-635.307,-717.140,-634.011,-677.449,-722.164,-698.920,-696.025
296.152,426.052,303.286,293.830,206.435,213.859,326.277,262.935,338.620,495.728,473.975,471.856,295.414,379.161,221.968,214.251,196.812,-22.997,257.217,288.539,56.728,-69.648,-61.226,90.705,-236.487,-387.991,-322.476,-399.468,-266.376,-359.276,-390.476,-182.961,-58.778,-32.403,-263.017,71.980,-35.712,221.541,192.057,125.868,-53.861,99.701,50.925,162.284,181.764,502.910,291.336,421.049,416.586,393.442,319.958,211.915,-8.508,38.686,127.882,-170.536,11.965,50.623,-229.292,-194.666,-253.394,-209.791,-149.045,-304.053,-338.336,-389.987,-394.505,-243.759,-288.126,-411.350,-600.395,-697.197,-763.693,-730.777,-597.219,-634.179,-780.921,-779.967,-789.087,-629.459,-530.563,-625.895,-517.331,-634.137,-515.381,-710.610,-770.868,-875.568,-888.752
398.817,461.424,297.752,321.190,226.408,262.381,428.017,409.556,504.049,691.689,588.610,555.922,306.827,380.543,182.528,74.821,-26.131,-314.184,-15.441,-97.897,-220.428,-351.203,-418.054,-297.769,-623.629,-749.505,-638.601,-664.734,-472.659,-508.399,-417.814,-196.248,-98.256,-16.217,-291.463,73.293,-41.105,79.333,249.554,288.103,149.967,414.097,337.592,522.405,436.557,720.656,498.517,476.802,439.918,375.542,242.949,178.147,-23.253,80.380,270.094,-58.629,251.064,292.273,50.204,21.193,2.623,27.998,54.299,-140.142,-88.313,-134.044,-35.254,174.479,165.993,82.257,-103.729,-188.436,-266.552,-281.829,-190.902,-171.784,-334.911,-477.640,-440.010,-294.279,-185.806,-396.797,-287.951,-435.873,-303.610,-581.811,-693.137,-894.742,-861.070
408.999,380.708,220.013,265.217,210.232,268.668,448.197,478.509,575.985,737.063,619.425,602.260,366.117,462.506,291.820,58.696,-122.946,-411.123,-155.382,-304.495,-325.220,-377.020,-498.664,-412.228,-687.652,-742.847,-627.816,-598.868,-393.804,-368.036,-198.874,-48.211,-38.084,122.452,-128.702,160.555,103.914,46.038,385.815,571.499,477.171,736.242,637.545,829.303,700.634,826.065,672.431,490.222,442.571,364.692,219.937,216.146,52.335,182.476,446.536,125.974,438.677,487.277,346.381,218.784,249.573,267.818,289.198,104.420,201.016,186.684,342.899,557.714,536.810,505.177,353.860,300.685,224.322,219.595,251.559,331.722,176.393,-90.943,0.878,61.537,126.141,-136.413,-103.131,-258.045,-124.632,-400.749,-570.311,-806.538,-683.855
311.801,209.086,92.349,130.341,148.432,215.761,362.450,410.821,521.381,613.944,549.271,592.146,454.185,569.391,477.177,161.403,-70.737,-285.446,-132.436,-271.884,-236.948,-176.642,-289.960,-236.172,-418.865,-396.419,-321.361,-246.970,-81.171,-5.622,171.117,212.520,111.355,333.480,163.390,307.321,351.323,143.483,545.041,834.452,776.207,914.564,809.317,932.546,823.280,743.924,698.780,407.933,378.411,320.748,206.173,239.114,122.895,243.165,526.897,265.766,458.831,528.939,524.042,315.446,394.493,412.188,445.250,335.868,413.147,436.206,577.097,754.823,683.717,683.449,592.426,572.481,515.988,557.539,538.194,651.050,520.176,205.273,328.779,258.901,243.173,26.072,-78.792,-203.826,-69.707,-280.752,-479.257,-683.212,-483.180
155.866,27.084,-33.146,-37.017,51.216,111.540,187.043,212.157,359.737,381.439,409.111,532.664,538.847,628.026,623.366,311.309,65.474,-26.530,-9.676,-76.053,-49.733,97.434,65.602,93.019,27.089,96.938,108.765,205.411,287.190,381.728,502.860,457.033,272.466,506.150,442.995,447.113,589.721,312.718,640.964,935.814,899.710,855.982,764.870,770.628,716.534,481.756,528.351,213.372,226.148,212.839,154.751,175.044,104.042,185.899,413.619,261.486,274.980,377.610,494.961,273.112,392.766,407.267,450.353,461.404,457.578,504.707,570.822,696.432,577.564,574.221,546.557,562.810,547.597,628.199,580.906,675.234,579.627,331.778,439.183,236.867,126.395,35.601,-220.571,-282.302,-145.451,-268.474,-442.393,-567.729,-358.793
36.484,-63.400,-92.785,-161.075,-43.730,-5.383,-16.116,-35.671,163.719,153.244,269.489,457.868,593.440,593.623,641.394,413.599,176.281,213.073,104.727,130.144,91.404,268.627,360.062,370.344,419.172,490.989,447.611,532.534,507.123,578.720,620.073,549.540,346.456,536.161,569.348,515.082,706.602,449.570,609.543,814.651,785.410,578.225,521.178,410.044,412.868,138.010,217.957,-43.237,15.808,51.757,55.213,18.272,-21.737,9.748,108.563,91.998,-45.463,86.523,265.666,115.976,262.625,263.572,302.705,426.628,312.373,360.150,336.379,421.621,304.679,274.707,289.997,359.292,406.339,483.763,433.872,459.392,406.744,332.324,370.372,80.346,-122.839,-63.308,-423.234,-408.592,-279.047,-321.171,-420.058,-454.420,-329.637
43.830,6.910,-41.366,-170.212,-83.134,-80.637,-160.743,-210.841,27.566,43.087,206.492,412.575,608.565,475.800,516.201,403.534,173.160,301.548,124.000,210.647,79.180,236.774,436.112,437.914,573.002,616.902,548.456,584.455,458.247,470.666,456.140,423.531,270.358,385.986,478.832,482.558,647.202,463.599,448.003,519.066,484.953,198.172,189.293,10.154,47.628,-148.008,-96.453,-262.082,-180.785,-108.943,-59.782,-166.768,-195.963,-210.369,-279.790,-173.475,-367.710,-225.605,-66.326,-83.754,68.803,44.184,63.731,235.839,34.413,60.838,-20.264,50.034,6.872,-47.574,-18.534,128.869,252.358,279.685,243.059,174.843,170.241,316.791,252.809,-47.716,-333.022,-166.443,-541.518,-466.476,-374.181,-346.658,-351.542,-314.630,-340.364
204.112,229.607,119.510,-37.037,-28.835,-75.721,-179.331,-221.064,14.411,101.869,255.751,423.291,588.877,327.892,306.094,277.349,36.225,192.948,27.670,118.144,-95.951,22.552,262.739,262.496,437.086,460.150,396.526,356.326,161.864,102.197,86.164,117.088,51.782,103.360,212.183,364.169,436.873,325.926,216.249,170.702,126.451,-135.732,-92.372,-266.909,-223.455,-276.958,-280.818,-353.080,-292.706,-207.418,-143.659,-291.028,-325.875,-372.283,-594.030,-417.561,-566.113,-440.225,-366.048,-244.475,-113.607,-170.644,-179.605,-50.864,-267.160,-275.137,-358.655,-280.588,-202.213,-256.209,-232.340,4.768,204.302,163.222,142.138,-7.883,35.101,362.704,203.511,-24.959,-375.687,-188.236,-488.365,-393.289,-380.186,-278.770,-216.264,-145.716,-320.209
450.626,510.689,331.322,197.061,109.454,1.803,-66.752,-67.091,111.167,280.126,379.971,472.038,538.301,207.189,98.312,84.798,-181.743,-59.890,-137.989,-94.038,-347.320,-262.445,-66.427,-63.120,100.848,145.880,96.133,-22.643,-241.438,-354.084,-319.567,-249.881,-236.321,-209.044,-118.274,198.444,158.751,80.743,1.487,-108.342,-162.177,-324.688,-238.271,-346.954,-318.690,-250.031,-286.467,-299.351,-297.837,-220.337,-177.734,-303.570,-347.671,-411.434,-715.254,-544.466,-594.264,-503.920,-533.014,-316.938,-234.358,-321.700,-358.476,-340.658,-480.411,-525.737,-571.225,-475.705,-292.472,-316.032,-296.447,5.983,260.840,176.824,163.692,-26.736,53.039,445.329,238.321,139.524,-249.828,-125.702,-297.529,-230.702,-328.054,-136.074,-69.804,-2.487,-249.735
647.374,709.249,496.219,430.105,262.735,91.029,103.554,141.976,221.670,441.342,473.797,492.261,446.537,133.432,-47.688,-107.928,-393.166,-345.434,-297.989,-318.908,-549.221,-492.061,-400.745,-386.854,-270.669,-149.451,-202.283,-368.377,-575.535,-695.988,-589.019,-539.358,-494.240,-449.676,-395.157,20.886,-94.380,-181.849,-129.975,-258.655,-319.660,-364.940,-258.823,-279.308,-275.418,-167.722,-180.128,-178.792,-241.468,-186.723,-192.050,-227.865,-268.521,-339.857,-626.890,-533.625,-505.715,-453.365,-549.480,-305.983,-284.048,-391.557,-447.205,-541.800,-538.323,-617.179,-623.101,-514.096,-313.960,-292.848,-263.504,38.762,308.715,238.253,223.597,42.429,134.817,447.096,261.644,303.599,-83.072,-63.822,-108.495,-105.405,-308.696,-21.194,-23.859,19.282,-186.018
657.217,705.357,517.547,541.367,327.078,103.589,207.417,239.063,210.669,426.878,411.900,396.635,290.162,74.664,-131.869,-258.489,-528.485,-557.385,-396.658,-465.401,-611.170,-596.080,-618.473,-585.931,-530.548,-301.566,-386.744,-540.798,-721.678,-797.393,-633.121,-661.299,-642.859,-564.090,-552.502,-149.039,-262.754,-372.424,-163.150,-299.717,-368.180,-332.004,-240.058,-195.298,-216.049,-163.396,-98.181,-122.205,-209.041,-186.921,-246.097,-145.892,-159.577,-234.792,-416.952,-444.502,-412.753,-385.068,-477.843,-260.486,-285.169,-399.434,-459.589,-596.118,-442.514,-548.266,-548.883,-438.143,-343.554,-290.140,-241.283,-24.832,210.589,208.073,187.737,51.623,121.243,243.054,140.600,283.817,-47.715,-116.760,-80.430,-148.700,-407.124,-57.146,-176.599,-156.690,-226.106
418.025,461.269,345.028,448.577,216.951,-27.118,133.825,93.392,-18.685,143.690,120.348,127.758,51.699,-28.366,-201.297,-365.695,-570.309,-643.638,-424.567,-505.052,-523.587,-583.250,-679.364,-623.783,-617.173,-295.411,-430.897,-507.102,-667.975,-661.802,-476.436,-606.571,-653.694,-556.115,-590.231,-299.596,-334.016,-441.201,-130.060,-295.311,-375.564,-317.616,-274.702,-216.032,-257.344,-311.241,-152.918,-228.948,-267.685,-285.708,-379.680,-139.786,-105.213,-185.276,-219.310,-371.050,-409.350,-388.742,-411.339,-238.268,-267.418,-377.476,-425.293,-499.160,-254.174,-379.255,-417.059,-318.132,-421.758,-369.392,-310.258,-246.193,-86.820,-2.395,-24.411,-104.193,-95.250,-194.201,-186.853,-17.028,-244.219,-342.727,-287.797,-404.851,-636.122,-300.144,-536.119,-521.147,-432.289
-17.272,42.057,1.824,151.648,-79.835,-299.906,-147.171,-303.454,-455.266,-371.322,-367.094,-294.795,-254.177,-214.166,-305.079,-454.924,-550.136,-615.901,-410.381,-470.393,-350.604,-510.783,-619.919,-547.163,-562.433,-208.339,-383.025,-339.065,-493.379,-399.487,-224.165,-434.536,-549.394,-464.981,-546.170,-408.871,-328.140,-391.071,-77.673,-297.361,-393.733,-362.556,-391.126,-368.213,-423.068,-567.687,-351.876,-492.997,-414.548,-476.132,-568.115,-230.189,-142.953,-231.916,-131.893,-376.202,-507.221,-486.133,-410.600,-267.504,-244.881,-345.922,-365.802,-300.857,-60.331,-196.059,-288.802,-215.041,-523.294,-507.800,-466.763,-565.717,-497.825,-355.995,-369.642,-401.020,-480.229,-743.337,-644.475,-529.365,-626.551,-689.787,-663.782,-787.977,-914.503,-686.751,-989.525,-955.937,-771.003
-501.550,-415.827,-421.106,-260.901,-478.955,-631.424,-552.274,-812.752,-961.632,-949.398,-903.829,-761.489,-566.663,-461.152,-449.506,-545.246,-514.695,-522.847,-388.359,-414.116,-180.443,-429.903,-506.100,-435.298,-447.435,-139.801,-313.946,-154.261,-304.976,-150.513,6.551,-230.509,-381.318,-331.034,-453.686,-438.249,-270.743,-264.055,-32.935,-308.808,-417.897,-429.283,-527.865,-562.296,-619.171,-787.182,-584.816,-790.676,-568.508,-664.905,-716.873,-353.981,-234.857,-338.852,-162.541,-449.110,-626.130,-614.340,-466.340,-328.359,-209.728,-303.242,-286.161,-85.767,65.558,-70.856,-195.395,-160.825,-579.708,-619.269,-627.942,-831.849,-835.528,-699.277,-693.242,-688.007,-860.169,-1178.015,-1040.498,-1038.452,-1018.352,-1011.626,-1029.301,-1118.662,-1106.739,-1053.683,-1345.191,-1277.892,-1110.629
-864.860,-770.034,-801.223,-647.934,-827.159,-886.370,-912.455,-1206.602,-1325.611,-1358.938,-1287.679,-1109.387,-792.318,-685.858,-585.666,-624.192,-488.354,-411.353,-367.819,-363.381,-69.550,-349.482,-382.869,-341.277,-342.135,-138.989,-263.862,-42.187,-172.994,-5.202,146.342,-62.711,-202.280,-176.435,-319.361,-349.911,-176.823,-115.046,10.362,-289.628,-394.226,-431.000,-571.613,-648.235,-690.621,-807.230,-689.842,-944.582,-615.039,-716.046,-706.642,-398.917,-290.320,-415.850,-234.117,-512.746,-645.671,-665.218,-510.778,-366.376,-144.987,-235.954,-184.837,60.653,89.809,-37.777,-141.712,-159.989,-535.714,-621.021,-692.588,-895.589,-921.285,-852.667,-818.532,-778.842,-1020.237,-1285.810,-1171.445,-1299.221,-1212.058,-1147.357,-1192.285,-1221.671,-1100.798,-1222.830,-1430.045,-1331.279,-1285.611
-996.377,-935.106,-1033.357,-877.037,-971.631,-940.306,-1051.874,-1282.624,-1361.541,-1415.244,-1356.526,-1196.220,-845.379,-784.585,-639.392,-650.192,-458.586,-303.330,-327.584,-303.625,-17.309,-242.646,-255.727,-265.775,-269.132,-178.104,-223.617,-20.678,-103.663,30.886,191.879,37.533,-50.520,-11.843,-136.043,-140.688,-54.880,10.265,75.428,-198.147,-268.651,-296.414,-434.844,-514.734,-525.414,-552.445,-557.987,-828.869,-478.607,-531.373,-465.593,-275.111,-226.210,-376.296,-242.436,-476.747,-486.541,-557.068,-468.669,-329.487,-45.722,-138.904,-70.044,87.140,22.545,-90.774,-124.536,-202.537,-397.845,-497.891,-614.790,-708.937,-697.183,-723.834,-657.393,-573.922,-836.394,-991.985,-943.979,-1175.889,-1090.676,-1016.854,-1057.588,-1026.663,-875.517,-1101.333,-1186.488,-1075.566,-1189.987
-891.519,-909.419,-1067.809,-880.937,-836.699,-743.308,-879.193,-974.100,-1009.716,-1075.498,-1073.181,-975.433,-695.666,-695.855,-564.127,-582.503,-393.535,-199.983,-239.121,-202.190,15.233,-87.793,-111.952,-176.750,-209.939,-184.921,-158.594,-44.790,-60.851,13.383,180.815,68.372,51.101,142.235,83.032,132.692,76.801,84.394,171.553,-34.811,-40.156,-26.505,-122.566,-169.269,-138.674,-92.314,-208.840,-451.315,-176.538,-119.337,-24.411,22.031,-25.189,-194.209,-127.782,-300.837,-169.629,-293.514,-313.275,-205.348,67.943,-29.513,33.505,-1.633,-96.675,-197.835,-146.657,-274.768,-239.536,-319.001,-439.425,-362.426,-268.918,-370.611,-270.442,-133.427,-357.802,-410.983,-437.749,-720.963,-697.229,-671.091,-680.593,-610.237,-514.628,-735.033,-709.573,-613.478,-842.035
-640.615,-756.304,-921.285,-681.933,-466.392,-350.111,-441.691,-393.169,-378.795,-467.504,-551.674,-529.969,-395.866,-445.242,-380.584,-417.835,-276.972,-103.395,-100.278,-51.472,60.359,90.477,41.264,-55.151,-140.912,-107.605,-52.966,-55.400,-13.712,1.544,149.285,37.709,88.894,243.146,281.597,361.965,180.323,96.454,273.866,145.501,221.628,294.625,256.535,253.154,319.891,386.574,213.296,41.542,182.369,393.276,483.525,398.882,246.393,75.647,86.023,-27.017,186.135,28.921,-89.726,-34.606,157.027,56.281,95.350,-147.186,-219.828,-319.267,-214.611,-361.179,-156.933,-194.481,-274.741,-35.683,150.562,28.476,163.033,347.902,213.855,209.084,132.153,-145.176,-209.388,-264.335,-232.330,-152.952,-158.243,-281.468,-198.810,-138.312,-378.054
-370.542,-556.958,-659.605,-374.468,-7.849,100.827,89.990,219.905,296.183,166.254,-6.634,-41.423,-67.746,-142.083,-174.294,-206.194,-132.949,-32.995,47.499,104.278,107.965,215.785,156.774,71.330,-66.852,36.127,61.552,-30.407,28.234,10.644,105.205,-48.573,56.739,239.751,374.761,434.640,208.486,48.359,331.368,263.424,410.148,542.425,544.382,560.753,644.421,680.910,522.603,443.355,456.860,819.080,882.198,710.913,473.741,326.845,308.447,241.260,428.429,271.778,110.144,109.817,186.750,85.600,100.996,-263.938,-306.721,-420.142,-323.318,-441.096,-204.084,-200.955,-219.947,109.029,363.565,278.703,447.625,650.379,636.387,618.204,531.911,302.657,164.080,35.442,101.123,162.689,77.544,81.327,149.588,171.014,22.755
-176.883,-367.192,-365.027,-77.387,357.795,449.928,501.804,616.065,762.259,582.840,350.440,294.130,151.273,74.561,-48.938,-30.940,-19.243,-19.923,135.283,183.855,107.449,200.062,166.448,134.981,-24.863,161.569,116.453,-2.356,19.610,7.132,34.599,-180.814,-36.473,107.682,298.193,298.018,132.336,-45.533,299.662,267.199,446.494,621.002,621.295,613.657,691.391,684.729,602.465,604.772,554.462,1006.235,1040.901,841.900,560.125,460.929,441.487,400.207,460.197,334.539,205.115,165.807,151.401,53.516,67.770,-279.681,-332.295,-474.750,-442.978,-488.960,-351.686,-326.294,-296.547,23.408,300.925,282.984,482.676,655.070,761.176,694.689,634.135,471.661,300.282,141.775,221.861,251.012,162.180,253.721,247.047,245.328,236.838
-85.584,-202.816,-105.742,118.951,501.810,589.365,640.586,661.285,868.376,653.031,413.519,361.374,175.886,111.961,-62.817,37.900,9.071,-81.115,109.639,121.093,8.143,6.118,29.968,73.968,-54.934,171.481,52.042,-30.881,-79.908,-53.261,-68.439,-330.011,-157.285,-118.342,60.807,1.056,-32.683,-157.299,175.480,169.787,331.460,514.897,473.349,404.370,465.056,447.744,472.904,516.117,483.391,916.422,938.710,765.767,482.144,440.238,440.722,407.611,297.270,214.281,175.844,120.557,82.796,-7.402,39.930,-171.458,-288.007,-467.622,-523.240,-483.602,-499.369,-472.178,-430.505,-201.169,55.933,93.296,312.238,406.920,606.858,497.243,475.985,378.504,220.950,90.603,162.825,159.191,155.172,260.089,151.619,153.719,257.955
-60.536,-55.835,80.632,186.016,406.989,509.802,488.115,398.297,633.999,416.509,227.958,181.099,18.454,-22.347,-188.672,-11.647,-57.962,-193.027,-24.800,-79.573,-189.707,-309.733,-220.649,-113.693,-159.605,26.672,-132.733,-150.186,-259.211,-175.566,-175.723,-440.991,-248.914,-343.208,-238.936,-317.110,-223.302,-249.710,6.727,42.973,148.160,291.694,197.415,60.332,115.314,141.286,270.876,303.793,340.842,637.530,666.912,552.475,298.196,301.711,337.554,304.787,57.617,6.786,75.070,18.797,33.335,-43.186,61.631,20.623,-182.674,-396.434,-517.149,-422.538,-536.666,-515.135,-499.045,-394.837,-181.363,-131.802,84.475,76.918,329.659,211.015,217.679,171.972,59.632,2.066,46.624,21.033,152.681,214.467,19.078,48.642,185.123
-43.228,78.118,188.338,158.880,170.032,299.042,166.318,14.824,231.136,50.708,-44.188,-105.174,-214.852,-222.074,-324.479,-121.143,-167.712,-288.787,-194.041,-324.926,-411.957,-608.570,-476.644,-348.234,-284.941,-215.570,-362.575,-329.829,-440.996,-303.600,-227.684,-448.287,-251.030,-451.561,-453.080,-493.370,-355.724,-289.750,-132.336,-30.128,10.463,55.807,-59.256,-233.381,-152.754,-48.281,155.729,142.263,244.036,323.743,368.359,315.277,105.073,124.957,208.937,183.471,-113.132,-153.776,-11.454,-66.795,41.270,-13.780,142.919,209.375,-44.417,-277.208,-411.499,-330.318,-415.046,-387.821,-412.902,-418.340,-247.262,-234.709,-50.939,-150.467,113.415,24.893,31.426,20.728,-37.510,-10.180,-8.781,-39.102,212.852,230.852,-2.744,62.478,146.754
7.036,186.200,236.119,110.783,-51.707,95.605,-128.056,-260.848,-108.945,-227.727,-218.652,-313.692,-378.384,-340.978,-352.022,-193.467,-229.102,-288.330,-288.271,-472.359,-538.221,-734.638,-600.180,-499.926,-341.872,-424.249,-517.683,-479.505,-515.650,-346.414,-168.127,-311.639,-132.281,-371.677,-463.703,-428.387,-370.589,-266.521,-186.533,-12.986,-10.626,-114.955,-187.131,-343.779,-202.981,-33.422,201.254,137.774,248.670,101.084,151.699,134.756,-28.160,-22.813,116.738,119.080,-134.747,-180.793,-28.229,-86.016,99.290,73.510,241.794,299.809,80.491,-146.368,-242.720,-251.358,-184.377,-127.920,-180.377,-250.995,-107.100,-161.295,-39.831,-191.450,52.211,17.873,-6.851,-0.331,-10.972,78.745,26.395,10.664,310.012,337.898,129.316,220.304,210.983
98.165,249.803,258.068,115.998,-119.485,22.124,-223.624,-277.510,-213.194,-274.738,-189.466,-317.462,-364.380,-276.983,-209.874,-152.364,-167.814,-147.835,-225.252,-410.054,-469.632,-601.660,-501.395,-461.226,-259.304,-468.860,-500.708,-499.844,-407.454,-239.109,10.655,-50.538,82.763,-125.382,-255.619,-145.624,-268.392,-201.260,-155.368,56.514,66.170,-208.429,-175.126,-264.434,-48.993,124.200,345.712,259.393,309.632,-1.679,34.150,10.488,-104.136,-127.828,60.058,115.279,-45.296,-93.219,5.551,-50.020,148.631,155.914,278.327,233.574,138.038,-53.011,-84.393,-227.675,31.436,138.060,89.717,-2.654,126.270,7.296,47.287,-106.459,100.406,123.181,44.728,48.021,76.864,186.175,76.236,92.830,348.686,454.407,325.702,423.060,340.047
218.400,269.725,294.386,217.879,22.232,131.019,-56.947,-28.870,-46.570,-85.005,20.066,-111.748,-161.658,-33.664,63.142,5.874,20.545,101.837,-6.864,-131.602,-197.122,-249.195,-199.328,-217.232,-36.641,-301.417,-299.810,-349.616,-132.252,2.059,244.973,247.548,312.115,170.494,65.180,215.638,-111.384,-138.624,-92.752,90.324,145.361,-268.637,-106.468,-109.009,159.137,258.990,434.598,363.670,312.991,-53.295,-51.709,-126.604,-188.082,-229.257,-24.121,99.232,21.881,-7.177,3.232,-30.844,107.342,142.969,177.752,17.441,87.420,-40.218,-10.283,-273.662,106.428,267.397,249.997,156.459,267.928,112.386,70.472,-48.210,118.594,187.302,47.007,23.266,91.433,179.750,18.122,79.266,229.048,442.316,421.643,511.034,417.578
358.169,280.094,379.183,412.722,325.604,385.822,303.076,359.493,284.367,218.990,281.466,188.704,137.085,276.972,341.850,202.127,254.876,355.653,268.041,243.295,174.828,167.220,173.763,131.032,240.112,4.693,-7.699,-85.733,193.183,270.235,420.068,457.777,447.905,359.060,324.458,473.431,12.151,-119.655,-68.175,13.612,121.758,-346.871,-93.462,-28.780,235.125,215.007,330.534,299.030,161.646,-152.750,-192.726,-348.444,-349.866,-377.442,-209.102,-25.464,-73.626,-62.698,-130.505,-117.128,-79.721,-31.076,-80.135,-277.842,-75.420,-123.108,-53.739,-364.789,-11.985,185.121,202.827,102.233,180.532,25.561,-78.844,-151.771,-19.330,80.792,-115.133,-188.280,-74.284,-26.138,-222.299,-113.865,-78.446,203.529,284.393,367.722,330.661
516.554,332.573,523.913,651.673,668.481,682.526,696.790,708.359,599.596,463.335,442.086,416.993,384.151,493.306,480.292,315.343,405.476,480.464,448.002,521.435,470.459,451.211,433.894,410.344,434.462,285.855,219.467,153.955,402.483,416.770,427.568,476.315,408.651,327.953,377.158,502.864,41.106,-151.036,-113.790,-173.944,-41.012,-449.206,-194.047,-107.116,81.507,-43.118,19.316,22.738,-140.709,-340.593,-415.448,-654.787,-595.510,-579.386,-508.802,-300.293,-378.602,-328.084,-424.630,-350.256,-397.466,-359.108,-435.267,-547.858,-306.075,-276.841,-188.816,-450.311,-271.526,-73.298,-41.065,-168.115,-138.332,-264.695,-399.277,-440.449,-331.536,-212.612,-446.442,-579.663,-416.923,-399.738,-604.826,-457.598,-497.962,-241.706,-95.772,-0.247,53.674
684.250,455.576,702.024,857.242,913.342,897.124,954.911,878.888,743.489,518.756,413.487,446.574,455.493,492.197,392.480,253.146,366.239,385.202,410.135,537.884,533.077,466.950,442.393,466.037,431.554,374.922,244.098,221.165,366.914,333.470,228.562,276.047,185.033,75.805,192.631,305.368,-20.597,-191.915,-194.100,-382.145,-273.456,-519.070,-365.011,-298.945,-239.425,-393.097,-359.451,-348.071,-465.985,-550.469,-646.574,-942.516,-836.831,-770.494,-839.333,-660.260,-796.760,-740.940,-800.292,-681.032,-751.953,-747.794,-764.583,-699.711,-523.652,-444.778,-346.367,-484.946,-547.779,-386.954,-370.854,-538.045,-555.217,-643.420,-774.692,-808.587,-709.064,-584.334,-829.913,-1011.931,-811.710,-795.674,-983.003,-813.243,-876.673,-746.066,-586.041,-455.638,-320.034
818.937,616.438,846.690,949.025,965.796,936.605,975.642,830.793,658.691,363.866,216.536,257.286,316.063,257.141,102.235,11.115,121.409,76.697,133.583,250.904,314.174,211.324,184.802,249.857,206.173,195.313,25.298,43.123,69.688,19.947,-116.007,-72.984,-147.792,-280.110,-124.724,6.405,-106.462,-171.972,-222.540,-475.629,-433.171,-470.071,-483.938,-455.580,-535.422,-618.756,-582.850,-590.659,-621.918,-637.763,-744.027,-1046.991,-926.285,-836.700,-1044.597,-948.710,-1126.207,-1125.762,-1095.429,-978.579,-1007.176,-1052.442,-937.748,-691.094,-645.930,-565.752,-456.602,-460.662,-720.714,-625.325,-644.672,-846.396,-884.044,-941.002,-1044.840,-1089.933,-983.205,-870.032,-1095.963,-1291.132,-1080.689,-1033.334,-1183.814,-1006.195,-1060.548,-1103.724,-974.403,-799.106,-619.539
841.349,719.443,871.673,872.633,807.927,773.210,761.562,620.289,401.010,85.560,-39.028,-59.530,36.395,-111.390,-266.553,-315.577,-233.738,-332.298,-278.194,-225.578,-91.207,-183.263,-214.548,-146.201,-154.195,-191.376,-351.790,-326.644,-376.699,-406.211,-468.850,-433.125,-461.546,-563.231,-394.394,-218.058,-130.637,-35.356,-118.912,-356.895,-391.718,-249.846,-428.226,-421.616,-599.473,-539.604,-477.914,-509.111,-466.300,-472.046,-584.048,-837.320,-742.842,-679.324,-978.873,-997.755,-1167.896,-1283.330,-1148.131,-1093.443,-1051.602,-1146.184,-883.516,-545.694,-631.712,-606.547,-491.865,-416.880,-746.345,-725.572,-773.964,-984.141,-997.765,-1037.300,-1103.169,-1163.550,-1032.642,-950.543,-1125.129,-1283.554,-1096.081,-1001.201,-1108.359,-924.620,-972.235,-1156.001,-1077.862,-871.742,-686.438
669.265,652.548,713.226,624.379,497.597,451.749,405.114,350.978,95.935,-176.686,-223.244,-355.481,-247.497,-448.586,-553.804,-577.424,-533.992,-670.888,-642.589,-673.915,-486.949,-517.406,-553.409,-532.077,-487.873,-612.495,-714.285,-725.780,-782.790,-765.981,-683.781,-665.325,-635.693,-632.945,-465.118,-243.903,-46.302,213.896,127.342,-36.381,-122.753,107.185,-162.348,-144.110,-341.451,-129.064,-37.187,-65.734,-7.455,-36.230,-151.939,-309.961,-279.147,-285.700,-600.580,-730.485,-844.633,-1103.305,-893.075,-942.814,-859.383,-987.710,-630.316,-338.909,-506.070,-579.977,-481.726,-418.873,-677.430,-721.410,-768.127,-950.362,-896.495,-929.050,-956.743,-1025.813,-857.989,-817.947,-916.858,-994.727,-852.624,-720.834,-788.936,-582.114,-645.434,-871.835,-833.016,-631.945,-460.059
277.598,361.771,374.645,262.265,140.729,71.043,38.263,114.839,-131.777,-306.587,-258.913,-504.967,-407.271,-610.987,-645.252,-648.707,-627.210,-790.525,-788.639,-883.007,-675.980,-627.283,-656.450,-716.811,-640.533,-872.360,-888.712,-963.415,-976.998,-911.858,-680.700,-697.099,-616.114,-462.235,-304.326,-70.225,117.467,495.109,430.891,356.807,265.686,476.243,222.812,275.840,144.786,451.664,556.751,572.058,574.314,533.477,422.271,379.546,326.243,239.456,-18.820,-222.703,-260.089,-634.910,-412.877,-568.386,-510.941,-649.234,-296.768,-161.689,-350.464,-535.555,-488.990,-513.960,-619.510,-705.626,-711.277,-833.729,-690.875,-717.818,-710.198,-781.893,-574.710,-566.537,-581.374,-562.307,-464.019,-329.862,-366.173,-107.167,-198.401,-357.732,-320.324,-165.992,-8.836
-253.773,-92.760,-53.800,-105.260,-148.343,-251.602,-224.109,-41.667,-214.691,-264.603,-156.438,-464.968,-387.242,-547.761,-527.216,-494.693,-454.286,-636.392,-644.779,-756.840,-563.700,-466.064,-467.188,-607.957,-545.719,-853.203,-790.456,-920.648,-891.191,-804.433,-486.175,-555.335,-439.891,-152.832,-17.707,182.167,265.423,679.590,644.081,635.768,579.896,696.627,546.943,625.614,622.348,928.594,1018.145,1104.800,1005.758,999.342,911.686,973.990,839.165,707.345,542.270,318.473,340.861,-72.335,90.834,-129.088,-158.251,-286.084,-34.679,-79.854,-258.822,-525.994,-560.424,-691.111,-650.640,-752.237,-688.778,-736.144,-516.057,-530.148,-487.749,-565.679,-331.248,-320.245,-263.444,-169.549,-88.588,4.313,-1.956,331.198,233.009,204.153,285.115,366.304,507.241
-745.463,-541.764,-419.335,-354.590,-283.942,-420.554,-321.410,-114.683,-159.469,-94.795,5.353,-284.653,-226.235,-319.778,-285.530,-189.970,-81.675,-272.526,-275.407,-361.535,-207.077,-121.770,-76.788,-258.658,-259.673,-574.232,-467.045,-614.941,-590.356,-528.674,-216.761,-346.298,-212.620,121.746,213.663,344.037,289.720,654.982,636.278,656.747,645.985,656.352,635.840,697.137,839.287,1059.012,1109.734,1257.589,1061.725,1142.224,1102.870,1236.254,1042.098,931.450,849.066,654.067,693.169,340.414,395.884,173.328,49.177,-61.217,46.407,-107.422,-282.141,-568.991,-683.933,-871.102,-757.942,-851.792,-715.472,-693.519,-436.859,-427.251,-348.943,-445.622,-209.730,-149.767,-51.388,62.939,165.349,183.727,214.478,613.214,559.440,648.769,801.299,812.299,917.273
-990.599,-782.022,-572.304,-396.377,-234.300,-394.280,-255.259,-117.962,-24.430,110.720,134.594,-65.685,-27.054,-58.927,-52.296,122.064,331.777,151.331,153.694,114.128,218.071,235.189,325.609,163.059,69.208,-177.816,-71.869,-191.047,-231.398,-241.033,-14.563,-194.594,-50.795,213.485,241.661,299.427,137.206,391.863,374.137,402.341,411.412,358.258,421.157,409.804,669.918,763.303,772.632,931.845,689.930,882.614,908.561,1070.503,848.642,822.511,778.510,638.113,648.884,434.019,374.832,198.092,38.483,-63.931,-66.932,-205.138,-394.216,-629.128,-782.480,-938.688,-835.207,-905.925,-717.276,-649.536,-408.692,-367.711,-256.997,-382.728,-177.668,-36.757,67.588,137.259,292.571,227.909,306.313,718.477,761.899,896.314,1113.505,1085.277,1115.096
-863.228,-686.324,-443.310,-218.390,-30.528,-199.801,-74.457,-61.933,120.272,263.447,180.470,98.429,105.840,106.758,67.235,305.181,615.445,472.173,461.430,460.954,512.839,443.736,553.215,464.860,279.593,147.833,217.113,157.569,24.130,-78.857,28.596,-175.448,-20.929,82.357,40.481,55.839,-149.773,-26.661,-46.579,-2.806,-18.389,-72.948,-14.518,-133.185,186.932,169.222,159.281,263.954,46.663,330.908,418.200,574.438,354.795,439.045,384.948,297.078,254.493,199.022,62.215,-58.754,-152.724,-266.619,-288.515,-303.433,-501.646,-634.345,-753.683,-803.683,-747.684,-789.142,-582.250,-501.388,-319.886,-249.236,-121.193,-270.163,-123.583,92.593,177.906,154.048,370.426,241.203,370.621,709.884,867.573,961.232,1198.764,1174.128,1090.280
-402.106,-285.197,-89.462,100.877,242.503,76.624,149.201,46.477,224.003,316.444,153.733,167.465,123.274,119.454,46.546,299.174,670.924,587.181,541.210,556.274,559.872,432.777,517.714,530.041,281.583,266.137,289.305,293.005,93.794,-85.129,-83.613,-277.534,-108.347,-182.683,-276.242,-258.265,-445.544,-434.125,-441.084,-355.385,-432.443,-450.141,-475.559,-691.175,-377.981,-456.628,-449.584,-444.610,-580.301,-265.376,-144.662,-9.055,-205.514,-37.634,-126.454,-183.269,-275.109,-215.003,-365.241,-460.503,-401.542,-543.094,-480.891,-337.937,-496.290,-520.396,-534.987,-458.495,-426.355,-440.818,-249.396,-186.594,-85.239,0.136,117.577,-26.681,48.703,291.775,355.408,224.612,482.864,323.793,490.331,669.136,902.360,908.029,1100.044,1112.039,906.220
186.219,232.661,321.224,419.574,472.769,321.178,343.113,187.600,264.975,272.523,106.029,161.467,51.319,14.234,-57.749,144.710,514.924,492.225,406.313,417.259,378.805,249.396,270.150,372.594,100.431,157.347,154.603,204.009,8.820,-191.690,-261.259,-415.566,-231.564,-415.643,-520.835,-467.146,-602.816,-658.148,-629.220,-481.650,-627.711,-618.720,-754.768,-1011.542,-762.186,-850.961,-796.074,-886.846,-920.871,-649.967,-536.499,-416.421,-579.669,-393.617,-507.532,-558.009,-671.586,-584.199,-684.986,-801.990,-569.409,-738.042,-528.866,-280.469,-321.913,-277.706,-155.584,1.946,67.862,72.351,224.939,249.564,274.664,346.899,420.409,322.592,333.548,532.997,594.527,381.609,644.321,488.544,659.231,631.895,858.579,792.493,879.914,936.986,649.357
618.814,609.716,585.919,592.385,559.877,436.199,450.324,316.405,241.722,166.864,87.206,132.432,-33.854,-110.551,-146.777,-46.307,260.864,270.603,169.436,175.227,104.054,23.759,-32.850,119.723,-142.810,-81.158,-69.776,3.902,-116.805,-269.039,-384.526,-483.649,-292.699,-468.439,-541.062,-449.818,-531.736,-607.288,-531.784,-330.286,-519.562,-535.212,-742.290,-964.249,-814.795,-889.373,-778.396,-909.310,-861.425,-689.900,-617.113,-496.545,-626.178,-490.528,-597.145,-654.175,-753.021,-730.175,-747.329,-918.383,-576.543,-748.899,-398.584,-151.262,-15.757,29.413,259.530,413.571,554.521,568.112,672.300,655.635,625.102,649.615,653.967,638.014,607.401,707.815,795.681,549.916,778.063,642.097,774.291,567.673,702.655,630.846,589.568,675.396,386.288
679.516,653.369,566.906,535.679,454.025,378.742,441.330,371.750,161.220,41.379,111.425,123.880,-57.730,-154.422,-138.536,-154.713,53.180,43.896,-27.128,-8.579,-98.342,-105.785,-216.002,-64.926,-300.951,-295.635,-229.563,-142.352,-161.536,-211.569,-373.918,-418.256,-235.003,-295.055,-309.648,-211.695,-253.103,-320.671,-215.288,1.381,-186.786,-286.575,-481.488,-609.604,-572.765,-640.788,-492.865,-582.323,-496.443,-437.237,-414.631,-280.059,-383.597,-332.988,-401.024,-458.635,-511.928,-607.912,-549.858,-769.796,-439.468,-575.458,-151.595,-7.544,301.868,286.662,541.776,616.481,819.281,834.715,893.633,849.622,789.531,737.224,667.550,741.765,698.890,693.027,824.450,597.510,765.744,645.504,704.142,416.251,416.573,414.036,269.583,356.280,152.537
335.374,339.131,261.637,265.009,178.818,176.519,321.614,307.892,35.340,-72.452,153.260,145.062,6.798,-71.159,-11.002,-115.075,-7.345,-85.966,-87.958,-33.732,-124.146,-64.763,-176.627,-72.245,-280.798,-361.485,-220.716,-118.567,-70.690,-6.822,-234.616,-235.577,-75.690,21.916,57.826,114.894,104.398,47.823,140.832,320.990,173.294,-40.494,-141.536,-161.540,-229.238,-314.235,-165.684,-145.743,-66.238,-87.626,-98.018,51.301,-40.733,-58.668,-77.668,-114.136,-105.740,-315.769,-227.613,-454.964,-252.183,-311.893,91.159,84.918,486.990,386.553,562.437,531.404,728.774,744.369,771.477,724.152,657.984,520.192,395.555,532.557,501.903,438.848,604.499,431.574,535.437,415.478,389.803,152.052,40.431,149.069,-29.818,35.645,-30.363
-242.416,-177.382,-197.089,-115.305,-175.261,-87.506,131.539,128.418,-114.247,-156.580,172.324,173.134,126.210,109.942,192.281,58.230,92.543,-74.802,-4.870,93.609,19.218,125.744,67.996,97.526,-89.831,-246.221,-45.269,73.867,112.461,252.458,-51.176,-23.427,103.250,316.247,366.295,341.371,363.393,304.353,337.189,443.339,352.778,45.122,76.785,131.713,-15.827,-132.753,-18.485,133.570,181.270,137.462,124.822,275.147,174.258,142.945,159.525,171.193,239.959,-27.631,31.769,-148.490,-124.914,-89.222,213.372,82.664,447.741,286.471,301.648,198.755,308.254,327.563,344.146,315.169,261.486,60.907,-83.494,63.698,57.071,18.407,181.724,74.023,127.517,-1.970,-91.154,-172.197,-319.840,-110.904,-237.428,-199.035,-133.831
-769.537,-648.305,-612.689,-465.626,-487.896,-315.749,-65.887,-103.934,-252.573,-201.413,145.539,176.652,230.864,306.008,392.113,289.053,284.692,58.913,156.721,281.103,231.635,370.419,398.775,343.691,174.084,-17.872,194.229,319.026,275.086,420.638,62.777,106.653,200.295,428.713,448.965,325.119,384.016,310.801,257.087,284.863,242.961,-95.827,49.238,121.691,-68.792,-208.241,-146.318,108.467,125.156,115.397,124.445,254.791,122.847,137.267,166.043,245.633,357.150,109.055,96.111,-0.160,-118.758,-3.465,159.880,-17.469,192.875,33.309,-137.136,-241.401,-265.190,-237.512,-206.577,-210.907,-237.119,-446.992,-574.924,-470.105,-455.112,-398.997,-285.718,-336.170,-309.408,-438.117,-545.175,-437.302,-532.924,-277.035,-279.080,-259.562,-121.826
-1002.709,-871.135,-828.774,-678.942,-661.742,-442.176,-209.082,-294.626,-339.243,-203.064,82.844,140.776,259.456,429.103,517.536,485.445,465.875,256.356,309.969,417.447,391.237,557.179,663.597,528.356,381.073,201.524,357.004,458.918,304.412,385.205,30.555,80.234,150.632,293.228,258.455,47.139,133.660,52.229,-75.775,-98.458,-113.419,-406.481,-208.440,-165.607,-355.341,-486.396,-474.639,-179.152,-171.967,-116.336,-82.537,11.074,-168.896,-82.529,-55.177,95.548,219.050,49.686,-42.644,-55.256,-215.171,-70.332,-42.985,-181.308,-175.243,-261.446,-577.534,-618.422,-752.676,-716.759,-650.671,-645.864,-632.244,-782.701,-870.878,-834.429,-810.049,-638.582,-609.067,-618.120,-594.915,-689.741,-762.371,-521.488,-510.425,-273.824,-119.840,-109.107,23.988
-869.656,-796.176,-807.050,-726.890,-665.631,-460.319,-265.124,-369.675,-347.809,-167.421,16.075,76.193,194.960,431.800,537.548,584.437,554.202,449.985,400.569,441.238,430.478,616.152,756.139,555.305,440.894,307.791,346.862,391.752,157.396,136.339,-142.813,-98.951,-36.717,-27.741,-108.548,-376.128,-294.547,-357.596,-512.885,-545.088,-551.777,-739.830,-553.779,-552.671,-698.639,-787.587,-812.824,-538.796,-512.398,-392.809,-350.402,-297.354,-529.462,-395.728,-363.137,-157.906,-60.829,-136.686,-275.494,-239.902,-336.222,-228.674,-309.596,-357.959,-518.396,-482.639,-858.710,-812.333,-976.666,-941.090,-832.807,-850.659,-789.368,-822.955,-866.445,-885.145,-866.076,-619.170,-672.891,-654.525,-619.607,-636.579,-637.001,-376.117,-260.972,-93.883,198.646,199.743,272.623
-500.310,-542.030,-635.635,-660.410,-545.425,-418.498,-245.887,-321.199,-285.019,-116.286,-28.874,7.350,70.878,325.339,465.623,572.141,524.292,587.206,428.916,369.631,370.321,548.259,662.334,419.707,347.790,270.434,168.323,136.919,-109.724,-220.571,-371.250,-348.916,-280.215,-376.094,-464.568,-751.613,-723.378,-733.659,-857.895,-870.360,-875.206,-934.383,-796.746,-813.476,-882.386,-914.297,-966.526,-749.746,-683.008,-523.471,-491.875,-469.489,-741.247,-624.538,-566.372,-339.705,-305.836,-320.841,-449.150,-415.060,-399.368,-384.688,-542.486,-505.323,-735.643,-572.212,-912.692,-803.823,-907.096,-886.875,-749.575,-820.908,-712.500,-608.982,-616.395,-646.725,-643.349,-397.647,-496.638,-459.958,-409.297,-314.534,-233.757,-62.662,106.377,182.593,557.901,533.380,534.850
-142.370,-312.739,-465.386,-568.171,-395.878,-385.625,-201.886,-215.177,-194.422,-86.044,-54.401,-49.117,-53.722,164.129,340.236,474.023,406.305,638.792,430.755,273.453,294.103,411.429,453.498,203.203,175.711,142.544,-75.638,-172.746,-368.791,-517.395,-532.695,-549.480,-464.662,-580.157,-631.143,-906.623,-972.637,-909.300,-961.983,-951.649,-951.838,-891.594,-799.693,-795.827,-772.226,-761.046,-841.876,-684.227,-574.230,-400.761,-383.996,-375.954,-661.689,-632.659,-534.115,-326.766,-378.651,-392.746,-456.690,-462.102,-369.573,-465.785,-676.150,-605.615,-807.686,-552.838,-787.375,-667.343,-661.910,-670.530,-535.019,-668.218,-524.249,-312.633,-296.178,-290.069,-304.638,-129.554,-215.604,-168.201,-108.556,102.860,244.037,275.970,435.774,423.191,810.183,736.649,693.452
-12.534,-269.132,-414.386,-519.922,-308.252,-407.753,-194.249,-152.844,-137.093,-113.620,-90.417,-98.549,-132.637,9.982,198.013,328.502,256.293,595.877,434.904,220.060,281.484,277.249,236.035,21.121,30.000,22.312,-242.782,-367.630,-488.630,-611.865,-533.829,-601.348,-497.696,-541.796,-530.241,-773.278,-940.901,-812.830,-788.996,-775.181,-769.373,-617.271,-545.119,-495.789,-385.928,-366.535,-485.818,-366.600,-231.929,-54.179,-33.263,-27.518,-298.149,-395.944,-265.622,-114.405,-248.533,-317.491,-291.388,-346.753,-274.996,-451.001,-694.576,-662.627,-787.134,-500.091,-603.681,-513.945,-423.900,-463.470,-365.016,-532.347,-373.994,-122.716,-91.204,-23.835,-50.118,29.870,5.799,52.892,107.520,405.183,568.060,494.486,605.648,515.923,851.985,713.438,661.721
-172.067,-433.216,-498.783,-529.030,-322.412,-480.860,-258.976,-207.354,-157.689,-214.883,-170.292,-164.099,-159.545,-100.902,57.222,164.011,119.994,464.244,430.900,224.018,347.527,186.267,90.103,-45.147,-14.576,-9.116,-234.000,-341.862,-407.206,-463.314,-359.869,-474.284,-355.669,-283.755,-219.816,-418.547,-649.921,-495.347,-422.097,-428.487,-424.954,-211.457,-139.017,-48.274,122.363,114.901,-48.258,56.761,180.935,375.041,432.246,436.204,202.018,-7.918,119.306,192.685,10.490,-138.403,-35.605,-125.464,-177.749,-363.663,-618.606,-684.224,-744.311,-481.334,-474.105,-418.869,-325.071,-381.109,-341.345,-483.006,-335.687,-123.999,-84.022,32.648,7.016,21.474,73.194,104.195,138.641,466.751,612.856,526.094,589.452,434.263,680.375,480.506,436.084
-499.143,-682.206,-630.696,-554.499,-409.739,-555.547,-384.068,-375.111,-255.907,-369.103,-301.106,-267.111,-167.475,-170.012,-80.890,-7.310,11.769,261.836,370.904,238.012,427.505,128.335,32.128,8.299,46.035,63.352,-51.836,-117.837,-167.171,-153.892,-83.430,-220.878,-96.309,65.237,141.955,-7.571,-232.230,-100.289,-15.953,-51.385,-65.402,181.910,246.659,353.334,548.249,498.881,303.432,408.618,482.539,715.913,833.293,825.199,634.949,377.721,456.665,452.652,279.940,66.146,201.469,103.245,-121.806,-238.311,-478.052,-663.521,-706.988,-501.604,-432.508,-376.898,-368.262,-414.084,-428.499,-475.807,-362.534,-246.484,-210.101,-84.114,-94.628,-85.944,11.884,10.584,15.988,314.526,420.722,414.765,460.006,251.701,395.429,159.285,107.147
-770.810,-832.294,-681.683,-537.092,-495.245,-569.889,-514.120,-573.799,-382.553,-522.272,-450.783,-406.267,-202.744,-224.152,-218.649,-180.343,-82.467,18.779,205.464,188.406,417.845,57.510,18.837,111.067,147.839,180.592,198.631,164.268,104.855,156.079,171.853,50.077,168.093,337.599,381.393,278.523,131.032,206.427,276.027,225.126,184.247,437.333,458.637,558.449,740.976,661.420,465.068,573.583,568.639,853.978,1028.713,995.910,845.705,629.656,630.717,571.862,471.325,237.527,352.924,265.581,-95.855,-90.023,-290.592,-573.741,-636.198,-493.534,-417.647,-311.470,-432.354,-442.609,-482.576,-390.738,-327.459,-317.382,-308.679,-215.627,-199.468,-147.316,-61.932,-104.713,-124.645,101.588,165.089,279.077,336.024,94.180,143.459,-92.941,-183.553
-801.387,-757.149,-569.740,-443.290,-504.391,-489.588,-580.938,-690.263,-465.130,-611.323,-563.310,-550.792,-291.210,-289.934,-349.426,-344.041,-185.237,-224.936,-71.498,30.487,247.156,-70.103,-14.865,163.357,199.881,245.449,367.882,326.870,264.376,313.903,293.853,226.921,324.157,410.710,397.186,328.400,292.893,310.448,363.295,324.436,267.438,493.710,430.659,525.728,668.366,586.073,429.670,540.477,453.060,773.923,974.234,912.449,796.135,697.498,626.394,549.424,566.963,365.390,425.311,351.982,-39.050,90.188,-61.492,-383.331,-456.234,-360.810,-319.782,-131.205,-356.228,-322.943,-353.001,-126.904,-121.210,-181.771,-234.206,-191.556,-145.355,-42.342,-26.688,-107.516,-135.048,4.779,36.671,231.555,305.083,59.316,33.066,-173.075,-319.841
-552.046,-466.462,-314.216,-287.876,-406.300,-330.411,-542.677,-649.257,-449.013,-597.208,-593.234,-653.351,-418.483,-372.578,-456.099,-477.205,-306.048,-427.536,-400.536,-213.714,-68.415,-260.336,-110.217,94.632,138.246,181.471,346.722,258.589,225.189,254.715,238.474,248.939,311.938,265.387,207.224,149.009,206.258,193.934,244.607,241.225,202.319,368.535,205.370,324.900,413.938,350.160,265.961,379.840,236.909,542.856,724.526,644.211,562.598,616.216,514.964,457.332,606.440,474.182,475.219,405.647,111.694,311.383,198.702,-84.080,-119.976,-49.499,-60.680,201.156,-48.851,9.665,8.564,310.324,258.467,186.779,44.413,55.569,122.826,239.865,159.428,56.293,47.155,112.139,124.019,305.593,371.286,154.077,74.484,-89.493,-276.108
-147.062,-97.163,-24.545,-122.022,-228.591,-149.463,-408.093,-459.881,-329.347,-487.200,-536.179,-674.822,-535.884,-451.463,-520.745,-556.494,-431.782,-557.264,-675.242,-460.014,-421.940,-469.375,-258.746,-97.264,-37.980,-19.758,129.844,-19.687,5.006,32.994,51.347,134.512,154.042,-8.573,-66.353,-143.909,-56.834,-65.172,-4.340,32.038,55.945,141.478,-94.352,83.299,117.832,68.718,65.218,183.110,35.183,256.018,387.238,311.193,274.548,462.147,390.293,376.300,635.782,582.862,551.974,472.815,363.948,550.478,455.310,285.666,334.873,398.746,343.610,630.353,442.717,486.978,502.626,789.816,687.718,658.148,420.605,444.060,510.130,587.320,428.678,324.701,356.438,370.604,362.266,436.510,459.280,291.663,179.524,48.302,-131.403
208.426,174.093,168.609,2.316,-37.527,-11.600,-231.288,-210.046,-153.653,-331.661,-433.569,-605.162,-587.393,-493.008,-536.708,-569.568,-532.410,-601.351,-793.034,-606.357,-668.684,-623.797,-409.301,-346.399,-267.388,-289.445,-178.313,-365.311,-283.793,-210.845,-156.279,-30.124,-55.507,-260.412,-263.008,-385.780,-340.878,-334.536,-269.207,-210.156,-92.193,-80.558,-325.039,-85.220,-98.387,-165.176,-106.600,8.752,-88.678,-14.582,63.231,16.423,37.723,295.664,302.922,335.073,659.980,671.559,649.127,553.871,642.680,740.292,647.907,640.637,780.083,849.125,777.686,1026.023,949.608,937.323,930.202,1119.626,982.842,1019.411,716.782,793.129,826.823,831.569,646.791,559.694,639.077,624.718,579.819,507.743,469.853,350.149,221.904,101.025,-22.101
354.190,239.754,194.846,65.538,101.702,47.291,-80.377,-12.354,6.781,-195.670,-346.669,-467.302,-540.305,-470.922,-512.550,-522.098,-575.732,-566.248,-708.410,-589.023,-704.463,-660.188,-500.287,-554.999,-460.486,-515.349,-419.544,-595.115,-493.422,-329.785,-265.224,-136.294,-198.459,-354.858,-265.943,-443.380,-481.318,-488.131,-442.531,-387.665,-178.930,-202.374,-383.489,-128.668,-181.220,-310.829,-225.876,-132.195,-141.566,-237.943,-191.143,-194.018,-111.049,130.245,236.307,295.379,634.207,682.818,700.043,592.913,817.589,793.560,712.452,877.117,1052.283,1135.923,1084.544,1247.956,1272.418,1181.212,1106.386,1158.245,1010.989,1103.739,796.423,935.330,906.160,851.225,698.755,635.082,747.928,718.696,610.800,430.931,349.486,254.648,119.737,-12.473,-60.334
265.513,122.934,86.078,88.175,159.121,37.397,0.488,64.074,98.949,-121.782,-316.031,-302.342,-401.251,-380.700,-464.035,-432.588,-541.280,-468.977,-456.663,-416.347,-522.663,-560.791,-495.323,-643.068,-546.172,-599.383,-468.866,-590.083,-518.576,-251.972,-210.404,-110.493,-193.488,-239.247,-60.322,-277.416,-383.821,-459.627,-460.968,-429.757,-172.273,-172.289,-244.298,-62.980,-149.287,-372.627,-297.002,-251.022,-169.174,-406.272,-364.160,-326.488,-196.385,-54.197,137.477,190.762,499.691,559.235,621.968,515.546,773.925,652.992,616.362,918.820,1040.297,1150.770,1152.319,1222.145,1292.616,1134.499,969.051,902.676,774.310,892.036,648.488,818.646,708.926,646.408,560.635,513.883,631.298,594.806,400.597,207.097,128.044,28.589,-112.175,-265.323,-266.897
55.828,-44.549,-46.570,109.513,149.324,3.354,12.813,32.412,117.308,-106.389,-333.210,-146.323,-209.556,-240.607,-400.086,-319.046,-426.916,-325.931,-134.131,-160.759,-216.184,-364.260,-400.843,-584.086,-504.500,-507.419,-303.861,-362.629,-351.670,-20.584,-15.562,44.530,-41.118,30.692,259.086,40.607,-71.514,-267.563,-325.386,-318.806,-76.171,0.085,36.214,55.799,-61.503,-371.598,-326.702,-344.937,-204.353,-505.896,-462.638,-404.913,-259.422,-268.662,-24.485,-10.899,237.707,291.958,379.222,289.534,485.812,336.480,384.635,756.169,752.274,904.568,977.692,982.977,1037.305,855.911,615.311,496.634,412.582,522.379,390.089,533.870,348.058,337.019,311.517,266.244,360.246,325.414,38.081,-70.917,-99.745,-220.601,-373.168,-541.196,-558.998
-104.089,-109.934,-84.450,154.653,114.564,-6.124,-2.721,-26.412,102.336,-104.224,-344.337,-13.620,-14.200,-80.652,-314.064,-188.442,-248.028,-147.541,152.363,83.672,76.050,-145.611,-257.374,-410.397,-370.006,-285.083,-17.461,-47.949,-86.225,229.538,217.284,246.860,171.485,317.814,532.797,363.606,322.859,-4.248,-100.012,-102.722,69.941,244.482,345.462,167.740,23.211,-322.206,-310.432,-382.704,-236.061,-506.798,-486.509,-437.364,-313.284,-479.216,-217.828,-267.986,-98.492,-55.239,22.205,-35.130,45.684,-54.764,98.157,455.983,319.717,524.361,667.277,655.931,659.266,510.154,243.253,151.241,121.030,201.697,187.185,252.169,18.217,86.715,79.877,19.394,79.213,60.430,-303.752,-275.911,-236.261,-372.796,-542.963,-708.497,-799.799
-94.456,5.200,25.633,215.786,96.949,34.217,5.475,-20.638,110.677,-58.116,-284.389,103.345,150.206,71.927,-188.599,-38.002,-33.154,57.306,336.250,250.527,245.313,22.492,-113.237,-190.321,-207.785,-32.813,232.790,174.441,133.213,345.571,358.766,374.070,310.835,469.432,611.796,538.771,617.646,205.399,109.665,115.636,197.783,451.177,556.794,230.808,69.726,-230.760,-240.469,-325.848,-221.238,-382.960,-425.601,-409.877,-331.947,-609.175,-357.654,-479.452,-399.489,-366.782,-326.245,-338.404,-372.547,-376.513,-138.859,133.608,-67.606,184.767,375.893,389.647,345.678,269.703,35.098,25.132,34.201,76.808,146.169,115.164,-124.153,1.594,-38.759,-124.574,-85.985,-73.036,-478.361,-325.910,-245.118,-376.314,-559.809,-702.517,-878.919
86.950,262.303,243.874,262.665,119.651,119.477,69.467,91.466,177.319,64.565,-120.533,219.735,274.313,201.529,-12.377,132.141,180.808,271.292,413.256,327.586,266.896,104.446,0.783,6.276,-78.985,144.427,310.231,182.368,187.676,240.626,317.765,325.754,264.631,390.033,427.630,479.106,668.167,257.678,196.141,215.536,228.435,510.006,573.853,222.281,66.563,-111.508,-126.093,-169.312,-128.778,-148.348,-279.652,-309.598,-278.258,-582.812,-361.482,-545.603,-556.423,-531.870,-531.755,-491.880,-599.373,-511.346,-246.454,-99.491,-259.934,13.463,219.062,276.077,211.488,215.525,53.554,136.371,148.426,147.386,247.162,148.762,-54.094,67.727,-38.687,-148.231,-102.866,-52.037,-455.424,-234.186,-174.628,-283.840,-459.284,-563.392,-774.546
338.138,539.438,471.002,274.742,187.154,230.642,188.371,276.988,294.685,251.212,123.526,340.453,367.612,303.535,202.224,305.260,354.087,462.810,425.423,347.734,201.553,112.970,80.091,134.277,-15.514,185.141,171.367,-23.138,45.844,-57.581,88.160,78.770,2.974,86.106,25.195,203.316,436.733,114.674,95.246,112.173,103.620,356.410,364.534,130.829,12.721,-1.291,-5.818,32.028,19.814,122.852,-82.208,-155.451,-146.921,-382.471,-212.520,-434.817,-523.224,-503.134,-520.495,-433.080,-556.730,-428.651,-205.630,-185.223,-222.229,26.494,212.499,304.666,241.345,296.735,213.664,359.026,330.798,275.552,361.508,254.528,113.247,165.874,0.252,-118.520,-43.050,32.648,-332.837,-97.814,-124.379,-216.865,-348.031,-406.304,-560.025
530.584,714.576,617.908,269.437,298.296,358.181,337.873,455.070,421.284,451.044,378.092,451.370,441.875,377.118,413.975,446.007,452.393,592.104,421.842,354.721,147.284,92.076,135.454,180.563,-15.121,93.047,-114.643,-324.326,-221.420,-419.607,-247.296,-294.055,-399.158,-337.656,-456.439,-174.291,12.199,-178.789,-180.028,-195.973,-179.614,6.350,-24.926,-45.158,-91.151,45.609,62.878,177.218,147.249,315.760,96.086,-7.722,13.297,-77.810,15.693,-209.844,-343.896,-320.969,-318.668,-204.806,-296.089,-199.036,-63.723,-139.196,-42.360,131.270,274.212,376.633,312.940,372.057,344.739,505.028,407.695,283.983,340.584,281.224,201.923,152.290,-27.232,-130.815,-25.180,43.622,-265.110,-33.040,-176.038,-279.722,-329.170,-343.589,-352.762
595.177,741.359,662.957,301.210,455.827,512.151,491.986,554.908,512.058,604.017,565.996,525.012,497.004,418.278,566.228,514.907,458.155,628.596,423.651,369.014,173.730,83.908,173.516,154.649,-54.365,-74.993,-408.078,-558.788,-481.080,-681.602,-557.716,-653.550,-792.259,-727.701,-845.634,-498.390,-431.282,-513.153,-535.068,-612.719,-550.140,-438.548,-481.134,-287.324,-238.127,-15.011,33.863,171.973,162.789,330.946,175.224,57.083,119.174,198.685,195.106,6.470,-126.347,-88.308,-35.883,67.319,34.249,46.345,94.101,-32.213,130.102,193.588,285.779,370.071,284.284,305.454,301.327,439.998,276.085,77.668,117.022,127.954,90.274,-46.735,-177.411,-238.055,-129.932,-104.703,-356.116,-99.835,-333.550,-479.329,-428.085,-408.899,-239.017
558.648,668.050,657.913,425.665,660.082,708.002,638.348,563.722,547.875,672.126,643.913,535.809,518.438,418.461,612.855,491.519,379.933,568.993,414.985,376.081,279.894,100.673,184.876,74.273,-107.206,-243.696,-576.168,-612.396,-609.700,-730.378,-727.732,-858.954,-1022.142,-951.286,-1012.922,-644.702,-716.038,-759.644,-826.327,-976.636,-877.539,-823.973,-859.119,-544.680,-402.652,-183.755,-95.815,-10.175,24.788,145.710,111.388,-6.685,104.717,320.757,220.071,105.493,21.126,88.113,196.458,246.823,272.679,187.980,190.299,54.434,175.804,125.790,172.907,216.844,88.990,55.749,53.646,162.336,-32.323,-289.733,-247.468,-188.054,-211.424,-385.967,-417.969,-413.471,-343.543,-381.610,-586.139,-264.117,-512.738,-705.731,-567.957,-532.076,-222.147
