192.872,129.422,103.678,-124.266,-195.391,-441.773,-492.777,-651.899,-479.388,-291.812,-101.273,-67.618,-74.296,-155.061,0.895,6.793,182.619,42.121,-47.940,-84.287,409.091,430.247,489.691,472.267,576.832,495.999,571.883,517.206,369.502,455.729,460.524,278.197,280.827,217.110,162.373,202.711,-36.173,-231.155,-325.495,-398.714,-700.538,-655.146,-612.490,-759.214,-667.023,-504.037,-774.228,-1013.397,-1052.521,-910.339,-895.995,-565.294,-762.186,-648.296,-754.090,-896.350,-520.340,-309.808,-416.141,-253.652,-256.607,-331.263,-271.216,-290.271,-341.183,-363.803,-67.623,40.398,-89.400,-320.216,-439.158,-357.993,-495.199,-368.383,-316.950,-175.831,-581.359,-461.995,-226.814,-270.025,-74.800,39.151,-141.657,-54.870,-6.718,13.953,98.132,-14.615,-136.158
173.861,81.632,88.042,-58.085,-113.413,-328.422,-469.915,-493.815,-279.480,-180.376,11.464,96.057,30.635,-39.352,-26.079,124.338,291.301,140.753,3.189,45.342,525.355,487.208,513.303,501.890,404.749,482.744,497.881,527.732,334.390,441.249,466.897,268.597,338.157,402.463,390.065,498.360,242.274,149.883,65.244,98.845,-204.248,-166.823,-142.943,-229.281,-157.360,-50.575,-305.067,-565.553,-642.885,-457.267,-420.157,-106.992,-321.167,-405.527,-592.017,-735.529,-268.924,-169.467,-248.042,-107.135,-82.158,-162.288,-13.351,-187.296,-338.659,-294.752,40.625,113.522,-32.724,-244.431,-422.451,-305.802,-355.941,-201.912,-117.672,-218.247,-490.365,-383.543,-189.862,-339.778,-88.578,3.103,-72.358,162.770,141.835,92.816,126.980,86.589,20.611
3.116,-56.759,-31.343,-19.401,-2.791,-143.893,-335.984,-202.547,-12.224,37.194,185.883,302.084,230.679,205.965,57.923,280.570,389.913,249.678,55.426,179.876,546.410,477.978,473.194,441.146,214.889,460.337,434.964,487.792,353.471,484.422,520.104,319.800,420.626,640.958,689.399,829.898,627.371,661.836,622.239,729.781,429.107,450.923,471.668,396.853,441.762,445.386,299.977,64.503,-64.612,102.430,122.262,390.738,170.874,-65.643,-316.693,-447.734,48.498,58.731,-15.046,94.593,152.364,121.244,324.917,54.445,-193.186,-79.364,223.489,244.193,59.284,-133.127,-345.711,-217.983,-157.719,-22.487,105.790,-230.521,-383.112,-309.613,-224.650,-368.496,-146.548,-110.088,-56.561,267.061,169.860,48.114,-19.581,101.605,158.031
-286.689,-276.426,-239.578,-57.305,29.914,-2.533,-195.781,48.004,163.226,204.907,279.874,387.172,383.362,405.191,164.680,356.958,379.687,273.403,45.405,239.796,425.595,368.822,343.852,279.646,36.324,407.321,371.773,354.982,342.607,507.406,537.032,337.491,424.786,768.234,859.360,992.367,891.787,1030.418,1066.548,1185.497,886.356,904.125,934.754,828.207,834.270,715.926,720.664,564.555,387.874,477.413,436.859,650.485,451.463,183.413,-74.296,-172.914,281.120,244.417,154.124,246.389,343.615,378.092,571.171,302.348,18.887,202.143,410.659,394.936,184.039,-3.680,-203.423,-91.129,34.936,103.738,253.197,-238.098,-317.650,-282.390,-350.886,-407.651,-285.188,-307.449,-159.601,166.592,16.164,-138.742,-295.009,8.986,192.254
-582.710,-501.054,-441.622,-153.659,-47.494,36.259,-117.790,133.762,152.047,209.743,216.302,278.489,399.446,437.751,220.401,300.309,219.913,176.689,-40.621,194.227,181.626,165.074,123.450,37.437,-133.235,279.681,260.860,107.559,201.005,406.444,417.951,209.019,247.038,632.457,716.519,820.467,840.383,1014.750,1128.540,1206.194,923.043,970.130,1011.662,866.993,825.054,612.850,734.057,703.233,506.877,489.231,359.422,528.845,385.397,221.620,36.149,-25.790,322.015,292.357,179.438,271.545,405.418,472.566,587.845,401.380,176.455,420.235,509.862,486.961,301.285,108.601,-16.868,55.219,164.634,137.941,269.283,-248.104,-298.662,-287.797,-501.406,-460.361,-460.989,-513.028,-343.488,-99.165,-256.681,-379.804,-547.596,-135.750,107.936
-746.525,-620.927,-508.725,-233.589,-171.548,-1.656,-96.819,50.682,-19.225,57.864,39.937,44.400,303.843,317.018,219.851,164.821,-28.115,16.020,-146.742,85.150,-94.553,-75.010,-140.320,-221.346,-294.496,60.529,69.044,-218.784,-108.511,129.705,123.262,-110.843,-137.998,197.055,215.563,297.789,429.975,551.814,704.002,728.015,495.892,613.378,650.626,504.960,416.445,180.943,329.096,442.879,272.206,156.837,-65.537,85.169,26.075,46.425,-1.319,-51.025,151.151,184.804,59.239,153.892,301.860,339.595,339.351,252.877,169.811,450.847,444.421,434.530,342.363,157.494,162.622,177.843,204.130,84.335,169.440,-243.025,-285.358,-274.297,-564.545,-477.880,-571.581,-608.957,-488.549,-382.198,-496.566,-528.251,-608.304,-235.797,-36.745
-691.727,-557.029,-358.089,-217.998,-231.253,-36.606,-75.585,-98.232,-224.239,-131.537,-112.301,-149.558,214.086,174.637,223.994,77.170,-227.418,-96.579,-182.578,-1.437,-282.755,-265.264,-360.650,-407.940,-423.436,-208.201,-183.473,-530.269,-517.441,-274.859,-285.322,-552.741,-641.861,-417.655,-502.179,-412.662,-194.622,-193.035,-72.259,-70.676,-209.972,3.562,11.546,-75.476,-196.649,-370.796,-290.715,-51.953,-151.903,-324.640,-616.010,-458.012,-425.456,-239.808,-127.659,-210.261,-158.534,-16.069,-137.627,-56.811,62.354,19.029,-89.985,-127.290,-40.697,238.599,193.512,197.952,247.498,106.949,271.246,231.807,167.077,-13.563,26.842,-195.002,-229.059,-197.338,-459.508,-395.683,-519.947,-509.434,-470.876,-512.776,-551.750,-464.720,-392.898,-210.840,-143.866
-437.276,-315.155,-15.009,-81.071,-149.496,-0.273,-2.093,-182.567,-318.631,-206.891,-105.191,-148.443,253.778,164.809,306.217,148.033,-247.101,-70.853,-88.409,4.339,-301.188,-339.633,-454.408,-452.803,-476.824,-435.815,-421.356,-714.230,-875.345,-671.523,-665.340,-954.566,-1092.358,-980.777,-1163.397,-1037.227,-769.139,-900.583,-879.511,-850.677,-872.253,-571.364,-611.295,-592.128,-725.901,-778.642,-814.171,-509.394,-515.850,-693.596,-1011.737,-836.109,-734.072,-489.853,-248.283,-403.008,-472.408,-203.035,-308.164,-267.316,-226.370,-358.192,-534.431,-603.808,-394.521,-164.356,-185.238,-176.137,11.021,-43.399,265.497,202.531,101.323,-93.976,-70.497,-90.214,-113.109,-56.968,-195.387,-184.456,-280.683,-220.266,-245.504,-397.874,-361.193,-170.396,43.426,-42.334,-128.855
-102.322,6.638,385.440,126.828,59.344,113.670,122.838,-132.915,-227.711,-84.232,101.253,91.102,461.036,354.457,487.500,389.714,-47.024,97.592,116.517,107.558,-155.430,-290.278,-389.677,-345.934,-421.892,-529.742,-550.843,-696.196,-1026.589,-902.119,-864.190,-1140.832,-1313.294,-1260.434,-1492.154,-1322.352,-1043.080,-1256.334,-1363.774,-1276.161,-1189.786,-848.060,-930.932,-796.915,-928.140,-852.344,-978.764,-692.580,-620.020,-757.341,-1055.379,-876.974,-751.024,-584.258,-280.417,-511.694,-650.066,-277.344,-362.109,-381.905,-450.367,-627.294,-821.523,-977.334,-749.005,-608.991,-567.013,-556.886,-295.685,-244.499,152.200,124.936,66.942,-105.237,-68.044,54.151,32.085,97.616,125.042,117.618,73.774,154.152,117.258,-74.296,8.177,256.009,530.643,217.254,34.298
156.850,265.894,663.769,306.643,294.892,247.915,242.850,20.548,13.958,198.299,420.739,470.363,753.841,672.084,707.488,696.170,290.239,320.643,337.506,244.907,63.773,-169.426,-206.227,-146.112,-267.105,-449.692,-512.094,-481.367,-895.565,-867.050,-798.565,-1014.459,-1209.900,-1136.517,-1343.820,-1155.772,-902.979,-1105.584,-1308.460,-1173.074,-1023.433,-710.279,-800.905,-586.090,-712.841,-556.401,-694.335,-512.387,-411.549,-481.713,-722.928,-578.530,-478.495,-481.740,-187.567,-453.517,-604.550,-196.076,-260.882,-345.581,-512.663,-665.022,-846.868,-1076.185,-941.849,-911.264,-806.495,-781.799,-544.698,-409.186,-4.781,71.739,107.876,-28.910,27.794,192.767,147.919,198.897,359.877,412.405,403.631,461.203,464.492,310.935,396.841,645.863,871.233,471.626,296.920
231.929,352.972,692.994,370.784,435.273,327.030,288.691,180.462,291.312,504.179,691.441,805.608,975.543,947.952,853.200,901.057,602.477,472.861,458.916,327.742,233.589,-53.826,5.093,48.858,-69.711,-234.721,-315.705,-156.177,-531.187,-576.643,-497.702,-609.800,-814.786,-656.930,-773.221,-614.896,-420.962,-522.636,-734.116,-600.916,-450.021,-230.848,-275.395,-37.455,-170.196,-10.314,-74.672,-55.854,4.890,6.330,-162.317,-94.699,-51.755,-228.792,9.143,-219.104,-341.475,7.178,-35.152,-171.233,-376.403,-448.415,-615.456,-840.030,-869.847,-938.845,-802.644,-737.669,-611.896,-449.169,-111.054,112.077,229.381,111.764,156.329,273.965,186.090,204.953,407.126,585.665,571.015,577.292,641.630,577.492,636.734,843.801,937.927,625.089,554.800
120.339,252.382,470.613,297.138,417.152,315.424,233.888,258.106,482.465,682.305,774.207,934.755,991.076,1018.562,827.807,878.376,740.360,471.161,413.977,301.360,270.041,3.674,151.243,153.488,88.153,13.961,-42.318,151.018,-85.647,-146.102,-87.983,-79.167,-273.088,-11.567,-5.516,77.377,190.519,236.781,119.746,191.205,289.258,379.559,426.997,635.051,484.237,580.738,630.070,474.669,438.248,495.131,390.575,354.337,341.441,68.840,242.335,118.568,39.215,236.622,225.010,62.364,-88.183,-68.891,-233.645,-353.355,-544.515,-679.617,-551.244,-427.125,-447.177,-322.216,-91.847,262.940,391.810,260.867,237.495,267.139,139.987,125.987,259.782,562.541,508.132,466.885,573.229,600.625,633.973,779.451,727.230,619.891,692.759
-77.294,51.476,122.643,142.768,278.101,245.724,122.196,237.807,528.611,656.295,634.769,807.259,772.048,828.224,614.894,622.197,652.488,326.170,224.353,179.892,172.783,2.721,183.819,136.604,141.342,184.212,193.865,328.334,259.899,260.223,269.509,377.270,221.497,556.575,668.746,658.675,685.036,865.744,913.450,890.524,908.944,880.125,1029.661,1179.553,1011.703,1020.697,1156.509,869.488,716.179,796.009,728.761,594.024,554.897,294.967,425.512,431.397,382.346,377.093,404.833,243.415,233.011,306.415,140.972,189.569,-94.130,-254.185,-156.481,19.121,-113.645,-64.076,60.733,464.954,524.957,352.235,214.837,179.212,48.351,16.202,5.096,344.680,247.519,192.097,298.137,365.514,405.968,491.331,344.476,451.746,634.636
-217.015,-109.172,-163.260,9.533,133.591,197.655,45.870,186.138,458.627,464.694,359.634,505.138,417.132,464.399,296.301,254.837,411.202,132.699,-15.091,34.230,17.424,-13.615,116.560,29.973,75.802,208.104,297.281,327.000,381.294,502.951,452.084,599.211,505.231,853.805,1016.808,936.316,889.230,1144.589,1359.814,1257.229,1201.654,1103.530,1317.329,1407.800,1246.267,1194.671,1340.808,1005.722,763.713,824.630,763.220,570.477,542.766,369.797,486.381,590.860,543.289,346.815,412.863,278.302,442.396,509.493,367.197,572.462,292.352,138.391,209.538,397.265,232.058,216.509,272.749,603.070,558.409,336.783,84.274,50.975,-29.659,-61.675,-228.038,10.889,-98.307,-126.879,-56.656,-35.115,59.398,96.849,-61.982,163.892,377.635
-192.479,-114.780,-236.908,-15.754,104.062,242.674,88.273,201.809,359.076,231.324,99.709,188.124,96.103,107.107,11.533,-41.901,165.049,7.948,-194.104,-56.630,-96.616,3.406,6.684,-98.243,-65.875,90.395,232.009,174.411,263.632,521.781,421.108,527.544,501.136,802.837,946.470,848.758,759.409,1018.314,1334.917,1206.120,1106.013,1007.057,1212.773,1257.417,1144.349,1091.751,1169.719,883.388,618.238,620.311,544.894,355.923,360.461,277.457,395.655,527.246,452.208,136.569,223.557,137.891,434.558,448.281,375.793,655.332,454.044,317.327,384.151,528.439,414.231,383.723,419.914,566.561,455.567,204.765,-104.182,-63.291,-49.711,-73.551,-338.586,-316.486,-392.005,-372.457,-343.355,-450.083,-270.028,-267.859,-373.318,-170.130,-2.898
9.918,61.068,-60.318,90.787,239.501,393.270,268.991,342.752,314.745,88.925,-18.945,1.609,-46.343,-73.596,-116.459,-129.729,49.400,19.828,-248.209,-55.843,-106.914,70.506,-83.689,-185.171,-209.773,-102.387,33.175,-48.256,-3.959,346.811,222.142,214.403,234.691,451.841,519.214,462.426,372.224,586.360,902.686,807.389,700.992,659.084,784.342,797.181,777.112,782.608,757.231,597.053,384.459,304.726,218.651,91.861,118.371,66.430,180.613,264.763,146.245,-183.338,-105.459,-124.833,196.932,149.300,191.284,435.673,335.944,210.705,292.128,349.586,330.576,342.292,393.228,316.790,235.822,-5.577,-270.019,-120.248,-4.061,-27.712,-297.881,-520.955,-529.826,-476.173,-461.785,-734.953,-478.085,-502.725,-538.896,-465.212,-380.252
310.985,345.397,282.314,282.134,489.539,592.076,527.915,581.116,359.606,105.090,39.086,3.888,32.115,-8.519,-44.318,11.844,110.955,151.815,-184.555,13.954,-18.540,162.163,-119.583,-202.853,-290.145,-281.289,-212.785,-247.287,-281.988,69.997,-51.099,-213.338,-188.446,-64.502,-96.697,-77.197,-129.099,28.776,258.261,226.440,147.315,184.934,195.072,185.026,283.034,376.136,272.677,271.499,165.778,11.747,-58.273,-91.794,-79.440,-174.785,-84.157,-87.499,-247.853,-493.230,-453.206,-397.516,-177.636,-254.720,-86.121,43.636,16.159,-107.817,-15.695,-52.084,11.853,92.206,164.102,-77.775,-27.073,-217.741,-337.992,-102.914,82.679,41.616,-147.213,-534.276,-475.964,-430.977,-394.388,-802.579,-522.992,-568.289,-568.325,-641.991,-624.381
589.169,610.264,640.301,473.869,736.547,748.045,758.631,816.437,465.948,252.906,212.548,151.016,257.169,243.339,175.738,283.116,290.384,323.722,-60.391,96.055,112.027,234.031,-100.705,-160.166,-279.154,-377.389,-405.957,-353.494,-449.307,-200.875,-302.150,-610.804,-624.759,-582.438,-698.853,-604.975,-595.181,-479.300,-367.596,-352.849,-383.671,-289.142,-371.596,-395.420,-189.850,-19.594,-135.860,2.405,15.054,-171.776,-188.708,-136.933,-178.964,-356.285,-308.191,-387.623,-574.238,-678.756,-687.384,-563.034,-530.580,-587.096,-328.199,-324.941,-332.321,-456.950,-385.377,-481.446,-387.246,-261.382,-189.501,-464.430,-232.628,-343.973,-269.693,-21.578,177.066,105.380,41.682,-356.444,-263.406,-273.689,-197.321,-643.432,-420.746,-477.861,-495.574,-644.923,-652.312
748.021,744.209,880.787,595.053,868.519,794.620,869.132,937.308,571.438,437.279,392.712,338.446,489.702,540.433,432.248,530.815,468.803,449.349,64.878,146.709,223.512,260.762,-45.985,-82.188,-191.468,-364.823,-470.549,-339.481,-450.473,-380.293,-461.597,-862.951,-936.232,-957.651,-1114.578,-979.529,-909.662,-820.598,-793.186,-783.495,-760.491,-666.628,-773.239,-793.426,-528.229,-320.214,-387.395,-169.880,-72.170,-228.940,-166.323,-70.100,-186.119,-424.162,-426.657,-531.101,-722.160,-684.434,-726.062,-559.192,-713.585,-710.008,-434.820,-503.355,-527.029,-641.890,-635.587,-733.715,-665.134,-553.405,-515.256,-679.729,-297.216,-321.458,-78.990,95.811,259.807,160.053,211.679,-50.075,29.825,-58.108,37.838,-317.644,-220.293,-273.790,-347.686,-461.402,-460.533
760.359,708.339,951.149,623.792,844.139,730.271,831.070,889.782,620.159,553.869,489.828,465.510,606.825,742.267,616.866,638.750,544.039,488.857,166.928,167.500,291.256,257.822,27.498,12.917,-65.822,-257.793,-378.554,-216.054,-302.972,-422.060,-493.170,-908.095,-1024.104,-1093.908,-1239.300,-1105.766,-1002.927,-943.923,-929.592,-977.692,-911.326,-884.235,-938.048,-928.774,-675.359,-474.855,-472.273,-251.160,-129.032,-198.432,-58.241,29.673,-147.065,-381.037,-431.485,-501.951,-675.594,-538.989,-577.995,-411.566,-663.126,-588.142,-375.156,-429.960,-466.106,-555.791,-648.771,-697.023,-678.839,-639.666,-663.600,-635.575,-194.572,-143.775,172.498,215.132,330.668,221.435,341.117,284.340,312.300,162.377,226.193,70.134,20.180,-7.628,-139.839,-135.073,-125.386
666.707,546.544,886.646,587.525,709.592,614.528,687.932,707.751,589.384,542.436,474.031,481.684,561.815,777.676,673.950,585.908,487.096,461.101,257.280,198.282,333.978,268.651,112.819,120.708,60.310,-91.924,-154.926,-18.223,-70.750,-318.669,-386.347,-739.887,-851.065,-956.655,-1051.536,-947.338,-854.149,-846.632,-782.362,-908.134,-823.416,-905.977,-864.887,-804.193,-633.894,-471.311,-427.636,-267.097,-180.645,-140.724,42.664,82.948,-116.131,-280.147,-373.483,-375.494,-511.980,-338.341,-338.483,-220.066,-433.277,-302.446,-197.507,-169.476,-177.984,-235.223,-430.645,-405.224,-420.781,-471.931,-568.817,-369.643,26.804,127.603,396.455,303.304,393.302,297.914,432.495,542.126,505.917,338.724,316.121,402.816,244.873,267.098,106.503,238.252,229.485
535.349,348.572,766.641,532.545,559.485,523.481,520.438,487.225,489.052,406.824,371.540,393.278,391.554,661.392,611.588,440.205,346.332,412.344,351.597,275.844,383.508,325.060,203.845,237.785,165.404,93.180,132.897,207.165,172.786,-95.162,-151.976,-399.991,-452.140,-579.726,-613.311,-538.371,-495.387,-559.765,-428.854,-605.873,-537.147,-726.243,-607.883,-495.587,-456.682,-339.562,-306.653,-241.858,-225.763,-106.611,67.200,51.319,-129.054,-194.890,-330.907,-269.689,-351.343,-193.797,-140.099,-104.581,-166.958,-7.723,-4.319,127.710,193.957,159.535,-106.128,-14.158,-23.819,-126.214,-287.876,-29.505,260.310,381.181,507.903,331.573,435.003,366.764,485.962,647.544,563.847,427.032,296.046,584.162,404.077,495.286,345.259,539.145,485.177
413.976,192.630,653.778,486.823,470.553,496.227,394.682,324.007,342.564,199.071,229.877,238.746,176.485,459.992,475.921,299.449,203.458,369.919,435.331,390.445,443.534,410.907,280.121,343.971,241.397,260.172,395.781,407.495,369.854,194.309,171.680,29.962,69.058,-64.869,-58.484,10.570,-16.857,-148.853,10.809,-159.522,-139.929,-384.060,-257.558,-125.047,-229.115,-147.864,-158.025,-192.263,-245.123,-120.923,-2.122,-50.571,-191.046,-178.251,-359.835,-272.095,-285.013,-172.454,-83.041,-138.637,-19.157,144.436,96.521,304.977,463.520,428.586,147.134,283.765,309.432,233.443,27.486,203.611,387.370,499.802,455.270,279.864,421.812,376.728,484.338,578.340,481.139,398.186,188.659,568.712,460.944,625.722,510.025,671.142,576.038
304.806,104.035,557.422,442.386,452.922,509.262,327.367,257.177,169.211,-13.447,84.137,58.893,-13.287,239.858,313.500,223.818,116.340,319.158,459.133,476.410,472.550,460.030,304.466,399.405,281.975,372.312,549.350,528.924,483.848,470.193,511.140,439.487,564.682,435.835,437.128,528.977,441.804,280.948,402.693,295.316,247.508,27.555,78.978,177.826,-43.403,16.447,-18.788,-132.502,-224.146,-181.462,-132.361,-172.012,-279.622,-233.329,-455.260,-385.393,-325.078,-262.302,-182.973,-308.111,-73.271,78.953,42.723,276.712,494.135,436.165,193.041,359.188,414.929,438.586,212.484,211.007,333.362,414.665,241.678,145.765,318.488,281.146,404.894,374.751,297.960,256.706,41.118,380.324,405.898,627.023,544.733,604.615,512.437
176.774,53.292,442.703,368.086,450.013,495.997,288.169,254.616,-17.151,-174.750,-51.176,-115.878,-149.056,35.218,149.601,205.494,88.609,222.697,373.374,450.121,409.005,396.779,242.336,365.545,276.367,395.519,541.683,527.361,494.271,641.972,765.802,712.314,888.691,763.110,708.470,837.226,728.605,598.652,630.806,610.236,501.854,377.668,302.596,318.160,32.703,81.086,86.503,-77.235,-168.983,-265.785,-263.343,-256.977,-356.642,-311.894,-548.625,-524.926,-403.485,-381.849,-365.935,-518.814,-296.761,-169.054,-151.924,66.010,265.829,179.722,9.252,206.593,254.101,403.490,180.364,-0.013,107.043,144.060,-69.986,-44.603,123.026,81.387,249.579,127.909,91.427,54.695,-86.309,108.673,270.352,506.594,441.257,393.076,367.366
2.868,-9.555,274.118,241.767,384.831,397.400,233.041,246.914,-195.493,-249.961,-165.279,-258.979,-236.806,-146.937,-6.177,191.829,83.501,67.158,178.851,273.816,224.573,195.997,93.224,238.910,217.528,312.127,375.577,387.967,395.949,639.310,842.203,764.793,953.147,812.389,666.655,821.470,740.499,691.845,632.403,680.187,542.520,544.562,352.193,269.237,-16.467,24.366,147.606,-35.906,-102.892,-339.349,-337.545,-270.081,-383.516,-343.156,-547.107,-571.138,-420.078,-429.116,-513.440,-649.003,-560.841,-475.275,-401.881,-212.809,-115.316,-210.448,-301.013,-63.167,-67.738,168.899,-28.432,-300.411,-196.880,-204.569,-372.322,-232.543,-109.140,-151.596,67.969,-51.937,-47.747,-116.851,-135.836,-122.061,124.426,317.192,255.105,148.741,234.194
-205.318,-110.187,59.558,77.500,219.814,208.579,142.402,183.520,-327.321,-223.459,-231.646,-337.691,-286.964,-298.653,-138.712,139.907,66.344,-101.446,-46.617,1.126,-32.751,-78.990,-89.494,72.359,119.560,141.355,115.826,144.463,209.007,451.164,704.342,588.065,770.875,588.246,348.945,497.882,481.295,526.089,426.427,497.448,372.232,475.051,231.093,83.155,-144.497,-108.579,172.195,-2.508,-46.846,-363.895,-322.676,-206.604,-335.299,-277.172,-393.506,-445.905,-309.329,-341.871,-531.462,-616.677,-712.676,-689.115,-587.648,-414.506,-468.131,-538.527,-563.490,-289.575,-360.200,-121.416,-267.437,-508.827,-435.687,-474.905,-546.995,-338.234,-273.776,-299.202,-50.746,-78.234,-50.143,-164.718,-72.644,-204.679,50.265,140.172,82.619,-13.487,177.601
-390.679,-225.752,-138.574,-72.702,-10.480,-10.840,37.410,71.554,-364.409,-97.851,-210.037,-317.933,-290.276,-389.866,-214.252,59.157,40.033,-187.334,-174.188,-232.830,-242.336,-292.527,-211.028,-37.685,28.145,-50.210,-126.995,-117.469,-9.220,149.931,410.803,269.518,458.928,217.594,-79.835,24.577,78.715,182.052,116.301,168.583,86.401,221.022,13.608,-129.731,-260.615,-223.283,185.570,47.599,-1.099,-308.219,-220.006,-86.786,-210.633,-117.483,-110.128,-165.918,-84.303,-133.868,-402.685,-422.859,-658.846,-705.435,-609.992,-433.902,-621.435,-640.438,-624.121,-348.444,-450.206,-298.278,-364.544,-487.663,-481.269,-529.147,-507.096,-288.785,-262.671,-254.631,-19.476,74.936,99.857,-42.626,96.681,-98.476,99.866,49.355,9.075,-34.612,203.175
-477.198,-297.062,-235.094,-145.598,-215.590,-169.914,-34.986,-28.538,-275.365,100.491,-74.535,-186.715,-221.317,-376.647,-191.712,8.909,44.599,-101.880,-96.044,-280.056,-269.339,-306.059,-181.064,1.202,8.920,-164.596,-236.838,-284.391,-168.238,-123.031,107.472,-29.094,191.904,-97.583,-389.863,-359.278,-261.564,-163.842,-146.084,-126.898,-163.719,-75.427,-180.160,-248.327,-272.276,-223.341,220.880,145.652,56.334,-161.428,-59.174,57.356,-34.689,77.306,202.982,160.803,169.164,114.177,-191.586,-146.598,-413.156,-509.757,-435.558,-252.867,-491.944,-460.728,-428.352,-210.401,-271.622,-256.455,-216.996,-213.644,-278.975,-311.896,-232.955,-53.013,-23.559,12.784,193.760,359.529,352.122,216.347,320.021,149.814,261.367,74.252,58.759,60.184,261.022
-413.847,-268.844,-176.803,-105.385,-303.421,-201.228,-35.309,-46.001,-74.206,316.370,152.780,24.091,-66.899,-235.449,-53.809,51.549,120.069,166.444,198.050,-70.470,-48.075,-63.723,29.911,219.310,113.018,-116.592,-144.286,-263.817,-176.042,-216.391,-34.236,-139.329,120.155,-174.850,-393.561,-447.070,-352.238,-319.134,-228.018,-224.445,-243.225,-249.239,-237.163,-196.666,-134.258,-64.678,300.986,306.017,151.420,56.443,115.071,193.542,146.903,224.934,418.042,394.402,343.815,302.912,-0.964,103.327,-83.774,-177.506,-112.749,56.637,-119.482,-72.503,-47.475,55.469,104.794,-7.662,151.482,213.504,124.758,120.629,213.879,334.130,399.229,428.145,535.375,672.395,609.900,507.882,518.087,428.348,457.783,184.943,179.664,180.481,279.990
-208.671,-131.470,16.008,30.524,-237.252,-101.427,41.239,48.970,172.041,474.322,392.821,236.060,144.840,3.208,164.992,195.258,260.775,518.643,591.243,330.836,360.994,358.349,358.683,552.039,337.288,113.237,132.675,-36.653,9.638,-50.061,90.331,26.911,290.980,51.451,-46.667,-174.978,-124.568,-179.361,-85.093,-64.967,-105.703,-199.980,-109.079,17.799,121.526,213.596,421.056,506.193,288.621,294.359,257.762,294.582,282.280,265.160,449.501,442.620,374.888,371.882,91.522,249.163,189.508,167.412,248.905,370.465,353.880,364.531,359.454,327.680,513.336,329.535,601.795,625.318,598.996,621.508,706.620,772.556,870.341,837.899,880.994,899.148,773.475,705.589,620.317,616.926,584.559,309.453,274.808,226.401,212.378
67.789,63.225,250.065,195.465,-59.337,68.151,161.519,220.441,368.188,506.384,540.893,355.358,341.431,251.271,378.453,369.724,398.101,779.044,884.300,739.960,781.443,774.123,666.287,857.504,605.849,448.550,482.869,316.153,338.475,324.668,446.103,416.785,615.764,484.753,513.995,333.824,324.070,202.582,207.151,264.828,175.902,49.099,156.289,303.681,394.154,501.224,543.451,686.245,437.016,485.100,335.441,338.978,330.738,191.412,301.218,311.074,275.948,330.519,76.435,280.124,308.992,409.850,525.219,569.165,747.552,681.475,625.059,496.957,779.981,594.357,950.572,868.925,981.394,1015.048,1095.135,1127.356,1217.262,1081.329,1091.094,962.264,786.027,725.245,599.886,648.099,567.433,374.824,262.421,148.845,63.658
311.947,223.115,404.018,305.575,132.735,219.333,274.712,384.204,437.536,388.059,524.578,323.169,437.439,399.601,483.852,456.862,430.217,784.660,896.493,941.743,1000.790,975.210,800.688,980.891,791.574,735.454,741.436,634.266,665.660,727.012,852.930,842.652,906.410,904.575,1025.352,822.595,768.170,628.361,483.000,571.108,441.521,357.221,431.056,525.638,558.883,667.674,610.671,772.522,539.514,570.597,332.327,311.084,275.866,48.596,60.669,93.273,124.343,243.652,8.904,243.324,261.334,487.202,627.317,585.820,917.758,772.099,651.108,512.855,804.884,665.419,1060.505,875.128,1143.367,1170.249,1258.328,1277.779,1306.946,1067.803,1077.716,849.876,656.191,566.687,486.367,538.197,406.727,348.093,128.190,-21.043,-109.039
432.877,262.253,392.064,301.232,240.646,287.043,339.476,454.823,362.608,159.297,351.069,153.936,382.558,375.194,415.214,360.674,284.085,479.732,567.096,802.357,879.722,838.009,673.557,833.033,773.642,809.122,762.361,744.455,805.755,922.308,1063.285,1063.289,968.457,1075.709,1225.236,1030.031,964.302,850.237,568.614,654.752,526.132,538.442,567.254,566.885,527.561,625.545,571.508,714.391,540.985,525.664,250.798,204.029,128.645,-100.725,-156.972,-92.481,6.761,181.810,-37.244,199.074,107.950,401.969,532.723,425.112,811.245,626.348,445.032,391.699,598.864,515.369,901.249,677.242,1038.462,1051.209,1146.634,1164.352,1106.131,817.295,845.413,612.411,445.078,308.544,346.529,370.711,180.036,253.138,-62.968,-189.926,-227.560
389.933,145.942,208.752,174.392,216.462,258.815,338.744,391.265,193.244,-88.752,108.910,-66.880,194.392,183.214,182.303,71.980,-30.138,-43.181,-2.908,343.394,429.560,390.682,308.624,439.755,503.655,579.073,491.567,544.887,624.214,740.928,890.518,905.909,705.306,873.226,988.098,827.699,777.703,703.753,375.236,421.749,348.625,462.344,471.777,383.991,292.662,372.830,407.175,512.788,418.306,367.321,107.724,24.982,-79.776,-218.358,-279.454,-178.077,-38.515,169.655,-25.296,172.805,-64.009,204.408,286.148,150.287,477.169,316.536,101.640,190.348,261.224,212.955,551.976,377.819,714.342,722.651,798.311,813.747,694.766,443.674,485.130,332.256,227.406,60.243,243.980,243.120,-0.094,154.220,-202.946,-256.108,-233.945
204.663,-90.861,-70.898,-31.990,80.506,167.540,274.947,213.367,15.272,-260.098,-82.649,-229.348,-47.862,-94.336,-130.419,-315.537,-410.855,-584.651,-596.528,-265.614,-187.520,-198.303,-166.486,-66.606,43.066,87.260,2.754,64.652,120.243,179.321,320.231,366.103,177.623,354.709,395.500,290.184,256.647,203.850,-47.944,-60.518,-41.931,127.181,156.629,27.128,-68.450,-7.446,143.631,223.113,194.191,144.718,-70.865,-200.692,-310.047,-311.288,-316.928,-183.565,-43.910,167.604,17.073,137.195,-195.136,-38.562,-26.159,-150.186,37.182,-48.098,-253.553,-31.420,-80.889,-122.138,150.855,88.716,286.503,312.152,324.253,330.825,227.306,93.712,127.445,85.853,52.478,-97.677,203.136,210.384,-48.865,117.334,-202.073,-166.569,-118.668
-54.952,-360.963,-334.583,-249.052,-100.687,57.504,154.885,-17.320,-101.076,-308.347,-147.182,-263.606,-246.961,-343.837,-406.489,-651.388,-713.368,-941.546,-990.332,-792.696,-737.568,-703.981,-581.419,-509.904,-453.231,-497.326,-526.920,-536.372,-549.451,-576.376,-461.136,-372.320,-417.458,-263.180,-300.295,-342.422,-387.776,-452.304,-532.978,-594.441,-489.145,-335.966,-263.346,-383.275,-430.609,-387.634,-155.974,-69.644,-72.481,-83.719,-254.480,-430.363,-523.909,-416.163,-344.144,-193.541,-84.137,100.265,18.045,36.828,-278.085,-269.360,-313.372,-398.098,-368.859,-370.529,-524.769,-235.734,-333.893,-381.658,-175.445,-119.718,-111.302,-48.538,-131.557,-138.562,-136.464,-121.498,-116.578,-80.884,-70.543,-147.968,201.095,259.419,45.344,173.138,-39.059,55.793,78.549
-305.682,-566.836,-492.175,-414.751,-257.653,-48.429,-18.650,-235.261,-139.650,-264.235,-99.241,-181.382,-341.046,-480.944,-557.057,-809.885,-828.203,-1012.418,-1066.291,-1058.844,-1030.000,-954.421,-803.891,-753.200,-803.952,-951.487,-894.658,-1033.801,-1129.646,-1226.526,-1145.301,-1016.205,-840.774,-714.546,-803.185,-790.195,-887.322,-981.416,-876.287,-954.178,-808.914,-730.452,-624.674,-710.167,-678.219,-651.948,-414.070,-288.699,-312.212,-271.960,-411.287,-612.083,-686.967,-558.067,-437.190,-288.205,-215.920,-85.865,-84.061,-161.930,-341.960,-450.578,-511.223,-548.607,-636.681,-595.535,-678.598,-408.327,-468.324,-513.431,-363.090,-235.960,-376.876,-273.411,-440.520,-458.919,-296.012,-166.001,-195.679,-154.665,-156.717,-127.555,192.266,327.896,219.491,302.429,229.265,328.171,292.791
-478.537,-643.305,-516.364,-495.520,-352.887,-155.734,-238.412,-400.433,-138.533,-214.885,-32.593,-65.927,-332.478,-489.070,-561.852,-757.442,-741.716,-843.205,-863.079,-1019.377,-1005.550,-906.546,-796.682,-757.740,-886.997,-1104.224,-967.617,-1242.505,-1386.423,-1501.739,-1453.618,-1305.273,-931.685,-822.026,-923.000,-877.932,-1051.078,-1158.405,-940.945,-1001.056,-881.356,-894.649,-792.297,-855.950,-751.799,-739.002,-564.944,-394.241,-470.194,-395.039,-510.642,-698.154,-767.691,-713.996,-607.924,-476.166,-427.014,-373.753,-289.723,-431.508,-413.943,-563.216,-596.841,-595.980,-729.856,-712.291,-737.448,-544.501,-509.762,-528.784,-420.813,-290.255,-469.848,-342.597,-529.990,-551.199,-241.285,-74.355,-124.312,-141.488,-214.959,-87.002,147.555,351.498,377.095,449.732,501.027,553.992,466.192
-534.997,-579.390,-443.074,-488.050,-387.206,-275.802,-473.844,-502.555,-152.477,-243.924,-52.952,-14.748,-274.100,-413.156,-468.119,-564.516,-540.725,-587.681,-540.473,-769.191,-750.899,-650.572,-622.589,-588.764,-699.034,-921.598,-748.208,-1106.474,-1227.481,-1300.649,-1281.588,-1144.128,-690.716,-586.787,-666.777,-619.047,-856.283,-930.020,-722.089,-748.130,-704.623,-779.760,-718.446,-794.262,-660.965,-651.983,-573.203,-388.531,-518.440,-443.107,-527.182,-660.180,-739.403,-810.839,-782.581,-676.034,-631.004,-670.612,-526.484,-683.993,-489.374,-601.984,-586.459,-565.673,-681.144,-738.340,-746.195,-635.985,-505.219,-477.359,-402.435,-322.045,-414.021,-290.833,-403.598,-417.661,-41.895,84.247,39.306,-54.047,-229.957,-51.187,78.964,306.086,444.427,553.319,682.139,669.494,568.963
-468.834,-411.768,-336.259,-406.316,-379.461,-394.616,-661.029,-543.738,-204.489,-369.467,-198.456,-71.578,-224.110,-317.029,-351.343,-356.478,-357.752,-409.290,-281.916,-475.239,-437.121,-347.385,-399.671,-369.906,-356.816,-523.697,-373.909,-727.117,-755.731,-745.951,-755.777,-651.791,-278.726,-180.902,-222.574,-194.715,-447.914,-435.737,-340.660,-340.604,-383.420,-463.736,-454.054,-566.008,-462.095,-438.754,-439.514,-299.101,-453.223,-410.248,-447.739,-500.284,-589.784,-765.366,-842.714,-762.250,-714.940,-853.480,-686.934,-815.574,-532.679,-574.877,-521.967,-499.983,-566.710,-700.046,-737.221,-670.646,-490.448,-411.035,-366.042,-355.132,-276.099,-177.748,-136.335,-137.836,193.413,244.929,223.299,88.420,-173.280,-10.211,30.403,216.816,406.247,572.265,726.675,664.318,599.572
-300.052,-198.795,-243.125,-267.455,-340.074,-461.513,-718.486,-519.287,-261.925,-522.310,-402.620,-193.171,-202.291,-236.757,-265.709,-236.349,-291.155,-386.132,-195.054,-280.512,-221.959,-139.602,-236.130,-215.597,-38.529,-122.771,-49.160,-312.471,-221.183,-124.006,-168.093,-98.972,68.577,152.906,152.625,155.732,-50.756,73.555,28.080,31.776,-63.369,-98.336,-111.258,-248.142,-219.279,-160.357,-195.905,-155.677,-286.805,-290.732,-279.448,-253.865,-334.780,-543.703,-704.504,-647.522,-611.388,-839.648,-693.242,-767.809,-507.037,-505.580,-453.250,-442.738,-466.696,-620.588,-714.796,-643.651,-476.434,-359.526,-345.328,-392.660,-133.261,-58.966,153.369,162.401,364.147,366.488,363.474,250.339,-36.812,55.461,40.414,131.037,301.374,496.902,644.512,569.206,569.404
-68.136,7.006,-169.607,-87.987,-261.303,-413.408,-588.324,-416.005,-256.354,-583.482,-529.057,-275.217,-179.180,-163.415,-217.300,-229.073,-350.474,-476.836,-267.379,-236.166,-173.172,-87.132,-181.913,-179.558,104.401,85.587,57.208,-71.395,108.235,263.159,179.533,235.179,165.633,236.864,275.763,267.808,154.311,371.339,248.297,236.367,147.643,175.691,197.423,83.467,25.622,131.502,103.942,21.654,-44.009,-88.401,-54.372,18.399,-26.479,-200.356,-384.401,-348.066,-348.310,-638.025,-546.250,-565.775,-408.401,-430.631,-420.653,-425.161,-429.008,-517.057,-663.361,-567.544,-456.270,-327.049,-344.453,-427.204,-43.173,29.574,346.327,358.297,412.446,428.179,412.584,374.989,138.872,139.383,104.813,77.979,186.234,342.695,479.303,425.781,487.123
173.252,173.117,-90.257,108.533,-132.374,-222.814,-280.989,-231.304,-135.984,-461.843,-459.972,-222.944,-106.141,-65.948,-175.781,-281.178,-460.829,-564.751,-397.212,-296.580,-252.896,-157.940,-219.888,-243.719,18.996,20.275,-103.864,-107.438,88.451,254.424,135.124,209.351,-25.871,52.409,130.504,132.762,120.552,369.118,286.336,255.343,225.668,295.092,407.439,376.775,257.562,398.764,395.732,216.626,233.855,167.718,174.722,248.172,255.928,134.436,-4.759,13.577,-41.934,-347.457,-326.077,-306.347,-275.626,-385.148,-439.716,-453.945,-450.308,-401.229,-567.890,-468.747,-419.647,-303.365,-349.912,-451.526,-25.967,73.568,367.207,374.256,335.803,418.761,345.796,399.336,269.358,196.292,169.944,47.255,95.145,138.372,277.952,262.650,356.109
363.342,284.484,17.323,282.137,33.252,63.323,107.514,2.815,85.107,-163.412,-182.270,-20.980,35.527,65.334,-112.889,-312.168,-521.731,-547.690,-473.345,-371.440,-363.702,-269.433,-293.766,-346.144,-230.659,-250.604,-440.269,-369.052,-225.657,-91.389,-228.032,-111.209,-380.543,-259.012,-139.802,-115.570,-55.244,147.007,210.275,171.862,221.967,287.469,514.030,604.410,470.435,609.381,616.894,402.337,485.773,416.935,349.561,381.779,434.306,318.985,269.575,274.371,166.937,-100.421,-142.476,-101.680,-166.098,-380.768,-491.291,-504.567,-480.885,-278.621,-428.812,-369.262,-360.571,-275.129,-344.067,-458.961,-61.729,76.170,215.784,214.817,180.117,335.235,170.536,288.501,270.832,168.479,166.631,3.169,25.544,-80.492,73.839,93.455,186.437
447.121,332.648,140.194,378.253,182.838,326.408,425.369,214.408,317.723,194.999,187.424,244.895,203.598,190.320,-37.186,-279.830,-480.275,-412.519,-449.261,-395.495,-420.843,-347.777,-349.707,-425.205,-505.352,-555.520,-771.662,-683.545,-616.306,-538.212,-663.082,-501.385,-682.255,-486.442,-330.039,-293.731,-204.091,-110.112,132.743,101.496,211.631,231.572,548.409,750.638,645.261,732.194,721.300,535.216,640.317,581.898,428.461,399.495,467.769,281.410,327.370,326.859,196.131,14.706,-66.495,-12.737,-112.788,-389.848,-522.606,-525.184,-450.834,-145.863,-261.442,-266.287,-273.790,-228.574,-309.833,-434.945,-102.183,54.780,-28.900,-35.149,19.834,195.208,-62.253,70.667,119.807,35.937,64.223,-76.341,-44.194,-270.598,-109.005,-66.935,9.562
393.446,309.164,225.207,346.716,239.484,428.880,533.736,317.512,440.723,442.869,461.006,432.140,308.537,231.619,2.568,-213.440,-369.473,-245.666,-365.848,-370.136,-403.705,-367.671,-365.090,-452.323,-668.392,-718.819,-928.347,-856.783,-831.795,-812.990,-898.193,-711.090,-746.144,-476.976,-301.302,-282.377,-191.599,-228.492,135.842,116.375,236.721,196.382,541.009,800.399,744.686,744.305,694.493,568.719,641.666,603.425,405.714,323.862,377.027,68.170,179.871,185.737,73.392,4.808,-87.888,-15.526,-94.896,-351.471,-464.510,-454.994,-306.602,8.511,-83.621,-127.619,-147.708,-146.270,-228.407,-351.934,-92.084,39.146,-237.569,-244.668,-68.619,49.222,-259.660,-155.457,-113.574,-148.322,-94.635,-168.101,-122.057,-381.285,-242.315,-187.251,-120.742
211.400,210.538,208.318,171.253,144.527,291.845,380.199,259.516,374.185,454.107,489.140,427.385,267.940,124.533,-49.511,-191.598,-285.640,-173.735,-312.823,-353.336,-357.566,-353.344,-351.054,-437.608,-656.243,-657.680,-842.543,-783.814,-735.676,-763.506,-795.988,-610.996,-522.321,-226.100,-63.202,-93.518,2.420,-144.372,224.149,208.565,281.219,200.192,499.492,742.201,731.126,648.025,562.938,482.152,482.257,477.494,317.639,212.349,240.008,-173.536,-42.773,-18.215,-77.701,-35.917,-126.315,-22.540,-47.248,-203.668,-263.818,-254.100,-42.230,195.283,95.398,87.958,34.078,-8.340,-80.559,-179.590,6.242,65.130,-285.779,-294.573,-34.952,-26.755,-314.570,-257.166,-289.572,-271.905,-209.275,-208.538,-183.937,-366.642,-290.062,-224.591,-149.416
-45.012,51.273,61.216,-107.403,-96.903,-47.732,34.735,61.692,137.674,227.897,256.588,221.143,68.291,-127.866,-208.775,-279.835,-319.217,-274.391,-359.054,-409.579,-350.817,-348.555,-334.222,-411.758,-505.223,-423.341,-582.258,-508.530,-389.407,-443.261,-431.414,-265.555,-124.163,120.454,235.792,144.688,275.379,69.133,331.128,310.022,291.662,213.455,415.386,583.810,597.411,483.438,389.505,305.562,221.564,270.255,229.901,135.853,156.745,-273.888,-167.935,-115.324,-110.937,10.968,-89.032,53.787,92.906,71.993,80.808,67.182,289.260,409.698,273.683,394.068,277.781,194.784,140.785,90.012,193.228,159.621,-113.848,-135.407,122.097,33.797,-157.011,-137.691,-275.840,-227.772,-184.250,-138.097,-187.500,-210.447,-225.343,-151.849,-54.954
-290.178,-126.655,-175.237,-391.933,-398.102,-438.653,-336.114,-176.150,-145.716,-99.197,-98.396,-76.659,-208.164,-434.427,-422.173,-471.287,-484.776,-516.794,-500.084,-556.221,-420.330,-380.945,-334.674,-400.858,-322.716,-165.547,-309.217,-198.053,-18.447,-74.677,-43.156,108.198,234.127,352.727,401.069,271.458,465.813,257.347,370.077,349.224,226.408,197.807,290.825,367.585,387.639,322.330,252.272,119.868,-26.708,96.192,210.062,151.002,199.988,-135.478,-83.772,0.850,53.346,208.720,63.155,236.810,331.358,420.472,498.909,436.579,591.374,619.770,443.220,747.322,559.389,442.959,411.189,417.455,425.341,320.220,236.531,182.484,346.736,241.140,194.977,197.330,-35.036,6.764,-2.556,43.106,-110.576,49.282,-58.832,9.900,123.563
-435.938,-259.405,-395.693,-558.951,-618.352,-682.169,-547.215,-316.613,-307.570,-321.737,-356.432,-292.765,-414.294,-650.301,-583.453,-672.983,-697.683,-771.265,-657.050,-742.578,-542.023,-444.631,-355.282,-411.028,-221.684,-42.507,-184.312,-45.291,120.906,87.575,112.291,271.437,356.009,319.550,310.762,192.494,450.256,284.084,294.597,303.592,97.884,149.502,161.525,169.585,190.010,240.730,213.216,25.092,-140.136,65.567,297.592,277.771,378.172,210.772,194.508,308.755,376.996,519.292,285.685,463.318,593.983,722.076,861.345,737.928,761.963,768.790,576.377,1048.585,816.416,675.893,664.384,712.464,626.316,502.169,630.794,524.976,541.615,522.225,619.110,620.050,333.531,331.370,242.575,250.600,15.414,316.743,144.470,181.057,289.200
-425.362,-284.683,-476.330,-509.907,-627.096,-631.598,-485.117,-253.235,-224.492,-277.780,-340.575,-286.723,-413.714,-650.633,-586.927,-750.957,-815.606,-882.928,-725.847,-874.766,-644.204,-508.304,-385.827,-429.566,-256.055,-128.670,-273.517,-154.387,-102.433,-87.113,-82.367,107.392,171.763,17.750,-9.245,-63.623,216.970,115.795,130.650,213.671,-22.522,113.964,94.232,75.712,100.584,282.824,291.299,90.561,-45.941,227.314,485.814,492.026,631.821,622.645,536.271,670.804,722.052,819.819,476.274,619.178,756.991,843.853,1028.887,856.935,737.651,796.153,626.956,1181.718,964.106,806.686,806.638,863.271,714.842,626.166,897.105,733.444,606.911,739.988,928.887,929.046,632.619,559.912,387.322,348.092,107.175,468.945,280.783,251.811,326.621
-256.685,-173.448,-340.064,-219.864,-372.719,-271.418,-162.914,30.222,110.576,59.124,-18.382,-30.714,-158.651,-401.057,-388.925,-608.642,-721.508,-763.144,-642.711,-869.345,-652.311,-537.758,-413.803,-437.081,-392.216,-372.551,-507.594,-474.799,-607.232,-521.465,-529.934,-305.838,-221.477,-402.577,-396.619,-361.784,-124.150,-157.895,-37.541,153.206,-42.235,159.434,154.955,143.467,176.088,437.305,454.707,315.069,239.085,539.402,724.549,735.921,865.547,926.712,776.679,913.933,927.457,972.046,540.193,611.038,717.183,710.380,917.765,735.626,524.409,668.616,551.188,1072.596,933.279,760.387,757.191,789.574,639.075,610.826,906.372,701.312,489.328,758.961,959.942,948.781,672.547,522.121,293.063,226.000,73.999,413.129,256.054,140.748,162.682
13.486,47.266,-5.363,240.332,81.755,268.225,288.644,443.679,577.673,561.590,477.718,373.455,276.353,18.192,-38.940,-250.250,-397.585,-441.804,-423.258,-701.503,-534.506,-514.488,-430.963,-419.663,-530.665,-627.454,-719.386,-823.427,-1135.274,-969.203,-970.024,-736.206,-610.397,-718.472,-641.780,-536.295,-399.139,-375.823,-116.390,178.552,95.055,326.935,365.958,369.494,402.525,641.785,637.728,621.957,611.447,885.345,941.771,940.776,996.892,1013.352,815.289,928.693,898.583,902.072,451.341,427.738,459.848,354.180,549.078,407.386,198.630,404.875,338.740,735.422,710.506,519.639,496.435,491.464,403.028,417.255,637.884,429.707,216.770,524.933,660.785,628.475,385.544,172.930,-57.349,-119.830,-118.886,142.874,43.432,-148.153,-183.845
289.559,295.642,410.425,722.330,577.752,770.693,686.956,828.624,986.871,1014.133,922.745,748.905,726.487,450.665,340.318,211.193,55.908,-49.025,-151.140,-418.763,-319.535,-439.042,-431.317,-373.592,-564.141,-736.273,-739.099,-984.523,-1391.818,-1155.203,-1127.575,-929.015,-778.926,-754.364,-602.933,-481.021,-461.793,-396.482,-55.523,292.359,368.633,591.150,679.835,682.812,698.511,814.390,773.860,894.561,928.114,1129.913,1073.056,1051.656,993.750,890.155,669.877,726.807,656.720,641.614,268.178,150.764,79.099,-87.604,51.852,-9.227,-123.542,77.109,33.509,277.184,355.729,149.250,92.515,63.839,71.335,81.401,195.192,31.671,-103.643,110.799,135.488,83.080,-120.428,-359.810,-526.019,-562.117,-410.095,-241.696,-286.222,-507.518,-594.339
471.291,464.233,738.791,1054.520,927.976,1034.664,883.458,1030.851,1171.534,1224.800,1120.286,936.529,1017.646,742.981,613.795,607.888,469.616,260.664,74.130,-114.031,-78.189,-321.898,-405.698,-302.943,-439.316,-621.443,-494.814,-832.240,-1211.944,-936.123,-872.433,-752.999,-622.944,-475.843,-282.592,-204.164,-269.769,-176.271,126.409,444.026,683.253,860.888,990.636,970.851,952.473,894.650,826.704,1033.222,1074.084,1184.438,1084.668,1043.249,880.143,663.892,453.536,424.767,321.143,306.495,93.685,-94.143,-267.027,-435.114,-388.597,-359.445,-335.139,-215.045,-272.894,-146.193,-16.827,-220.703,-315.399,-337.373,-252.210,-288.091,-239.478,-320.230,-329.786,-304.992,-392.781,-452.354,-606.101,-826.541,-878.559,-893.647,-657.478,-568.979,-585.714,-766.360,-895.285
489.770,465.905,836.954,1110.471,998.661,965.427,824.847,970.260,1066.775,1119.578,1001.687,872.580,1051.233,819.071,700.923,802.384,693.498,393.755,195.141,123.407,116.812,-174.024,-341.835,-215.725,-188.280,-329.087,-61.291,-406.358,-657.158,-388.268,-297.700,-277.379,-205.207,-7.489,174.466,178.481,94.155,206.971,354.569,563.293,914.931,1022.360,1179.723,1127.237,1073.430,869.699,801.192,1001.738,1014.061,1046.350,980.891,922.292,710.717,466.077,293.517,167.939,37.707,27.455,6.309,-213.423,-442.932,-556.199,-614.984,-521.743,-382.239,-386.379,-476.405,-400.115,-287.308,-450.470,-575.113,-563.488,-464.198,-551.660,-491.441,-477.543,-352.485,-522.858,-685.031,-735.310,-823.859,-984.287,-908.128,-933.583,-708.375,-675.288,-700.512,-773.214,-938.437
331.947,275.381,655.775,862.103,767.270,610.448,562.324,672.930,732.589,769.224,649.267,609.899,846.584,707.825,610.333,754.588,673.128,361.356,223.704,249.063,226.067,-7.104,-233.628,-123.034,86.803,-3.107,372.141,103.021,14.023,228.635,327.896,263.668,277.367,431.943,557.098,503.094,464.159,594.277,537.984,601.934,973.682,1000.352,1172.072,1097.542,1027.878,770.960,729.646,837.390,800.857,792.460,795.426,719.032,533.818,371.498,247.577,45.547,-100.737,-122.478,8.902,-200.237,-411.035,-435.263,-571.994,-462.236,-281.503,-401.773,-507.409,-429.943,-382.932,-457.472,-592.703,-540.828,-501.555,-602.248,-476.312,-387.271,-152.066,-425.682,-604.055,-636.310,-651.151,-730.591,-554.738,-628.989,-487.508,-489.673,-550.921,-480.017,-676.983
45.553,-54.362,264.426,393.736,328.985,125.983,212.084,252.521,313.957,339.408,237.332,277.213,520.668,512.198,424.660,533.673,470.826,258.036,222.409,274.588,253.936,157.715,-93.566,-40.278,267.073,195.294,599.170,455.066,485.442,611.623,705.540,598.085,594.792,639.768,693.775,635.549,672.538,824.316,611.775,555.764,846.951,799.946,971.291,899.694,844.604,645.330,643.083,620.995,538.197,532.171,574.495,474.699,368.512,361.132,273.355,49.385,-94.646,-159.318,31.013,-130.999,-248.613,-179.621,-329.184,-244.885,-103.672,-286.266,-363.299,-276.432,-306.065,-257.142,-378.160,-301.643,-363.561,-417.636,-235.657,-113.089,188.937,-43.027,-182.506,-201.804,-157.665,-164.166,52.233,-90.482,-49.845,-77.498,-181.280,20.832,-197.184
-276.727,-410.300,-180.645,-130.178,-148.422,-302.061,-104.923,-145.011,-35.147,-1.452,-67.425,6.384,220.965,343.139,247.886,271.697,222.507,194.014,255.795,247.425,232.595,283.844,43.593,14.482,279.502,176.901,507.308,487.525,553.549,579.109,666.490,562.089,599.061,526.520,532.458,528.202,627.880,807.759,559.459,455.439,599.741,502.957,653.668,609.457,588.761,521.061,547.606,427.479,321.615,349.077,361.315,231.315,209.046,349.989,269.134,97.845,-18.584,-161.296,-16.101,-105.979,-93.949,42.804,-38.912,7.745,66.570,-105.093,-108.047,-42.296,-123.713,46.393,-39.051,37.735,-106.800,-72.774,92.726,204.010,526.350,461.993,396.190,374.157,432.593,465.247,657.081,461.989,436.807,384.658,254.418,530.990,314.075
-528.366,-665.125,-506.849,-530.587,-497.309,-539.377,-310.400,-402.962,-220.714,-162.376,-185.742,-128.663,51.815,260.304,148.691,89.607,58.878,225.942,344.564,215.574,195.007,327.480,133.525,28.305,135.394,-27.236,141.340,203.949,232.648,167.490,257.522,184.136,293.838,152.418,156.664,232.632,352.969,561.316,408.443,337.171,333.768,221.317,325.785,320.360,323.980,391.514,422.326,288.121,192.353,264.136,187.620,25.832,49.405,257.316,155.512,103.535,39.441,-204.893,-168.903,-173.948,-55.205,99.808,147.874,180.568,171.485,72.767,160.394,166.913,72.309,314.987,274.631,337.383,182.002,295.320,351.684,422.024,726.829,876.411,892.518,851.465,861.438,889.395,1012.117,813.706,773.855,693.296,566.221,838.195,652.692
-625.287,-730.087,-601.562,-684.772,-616.007,-548.145,-383.938,-473.018,-237.199,-157.117,-144.771,-131.142,33.637,252.787,132.464,39.401,38.088,328.544,451.969,200.292,156.433,260.523,146.900,4.068,-75.217,-284.546,-316.002,-229.478,-262.084,-392.551,-292.512,-337.021,-174.002,-309.858,-263.777,-130.410,-32.244,190.031,208.077,217.451,131.867,36.328,71.393,100.727,86.087,227.616,240.724,186.274,129.053,238.596,71.705,-113.692,-94.279,69.675,-60.022,35.931,37.470,-307.927,-374.691,-292.724,-140.687,-30.944,160.310,221.062,199.661,204.658,354.969,290.677,208.609,444.702,442.789,497.574,419.568,550.883,444.155,467.252,731.256,1043.409,1126.926,1060.165,968.176,958.650,1005.376,863.803,833.488,718.450,622.936,819.133,691.441
-535.272,-590.861,-456.819,-572.220,-500.450,-381.605,-348.938,-379.488,-148.970,-72.995,-36.850,-57.929,111.108,264.583,153.961,92.242,126.276,420.307,508.959,190.884,114.555,94.749,90.070,-34.602,-229.983,-435.031,-636.608,-575.005,-640.168,-803.437,-700.797,-743.123,-591.753,-661.243,-556.031,-423.964,-369.820,-166.741,6.843,90.559,20.824,-39.070,-81.679,-29.544,-118.162,10.231,1.077,85.579,77.690,210.221,18.821,-172.933,-183.847,-145.965,-281.281,-62.799,-0.553,-417.548,-516.510,-354.722,-256.640,-254.202,35.930,152.905,175.336,280.621,430.745,323.479,251.858,408.356,423.988,491.301,549.401,616.235,370.602,358.278,572.938,930.203,1053.001,967.567,757.694,704.469,707.464,665.282,621.642,466.750,416.705,499.060,437.935
-289.814,-310.498,-163.215,-275.950,-232.975,-141.867,-247.314,-195.223,-44.227,-9.236,45.758,22.757,197.010,241.155,156.579,172.004,231.147,421.525,459.629,160.043,63.163,-111.750,5.395,-51.700,-237.000,-378.762,-663.388,-650.773,-695.458,-858.009,-777.828,-850.752,-783.586,-765.266,-617.974,-545.714,-534.072,-395.432,-159.469,-51.111,-27.604,-53.161,-157.757,-92.596,-291.559,-240.349,-255.700,-31.407,-2.896,137.504,20.836,-156.939,-184.589,-286.873,-386.417,-116.342,-14.048,-449.929,-486.709,-263.090,-275.234,-420.476,-116.017,43.705,127.880,305.957,387.388,287.370,201.228,250.479,256.097,352.728,547.007,492.903,206.473,174.918,342.082,622.292,752.078,664.959,370.974,295.233,312.720,375.906,266.437,73.202,62.553,36.594,27.367
27.130,0.839,140.586,60.301,60.821,70.718,-121.147,-6.684,8.985,-24.691,56.385,63.536,221.190,163.700,109.817,207.276,262.507,304.863,297.078,86.261,5.118,-276.147,-53.206,-19.426,-81.370,-128.645,-388.435,-423.912,-409.424,-539.846,-512.899,-635.242,-686.051,-598.378,-449.992,-458.899,-480.221,-446.821,-267.767,-192.158,-62.424,-70.579,-199.569,-124.476,-423.910,-459.739,-455.440,-141.992,-110.025,24.506,56.291,-92.248,-98.034,-285.130,-312.565,-76.760,40.106,-353.315,-261.952,-8.243,-128.593,-421.349,-191.273,-48.897,63.985,277.011,248.157,193.454,65.464,43.769,15.324,137.161,411.853,240.703,38.973,-3.678,121.617,254.686,362.308,291.885,-15.653,-80.231,14.390,153.877,-59.582,-273.260,-265.934,-357.917,-346.036
310.757,234.234,335.234,298.691,265.135,191.958,-7.448,115.577,-16.073,-120.906,-2.341,45.441,157.713,51.185,21.884,168.230,181.317,107.478,68.158,-31.516,-46.907,-332.396,-56.122,60.507,168.002,199.135,47.730,-19.637,55.460,-16.272,-57.574,-223.739,-362.738,-244.386,-138.055,-197.451,-252.658,-340.967,-303.696,-287.329,-111.169,-120.792,-229.738,-145.130,-485.068,-566.112,-524.850,-194.454,-199.257,-86.262,94.764,-20.177,24.600,-154.905,-103.034,35.228,148.926,-150.367,71.141,308.901,134.515,-257.268,-157.767,-115.366,-37.022,172.351,36.089,25.323,-151.530,-159.679,-234.329,-115.598,158.545,-65.909,-92.985,-149.403,-62.612,-71.469,-6.809,-48.826,-294.911,-324.288,-107.267,64.623,-236.114,-429.192,-428.526,-526.932,-523.993
475.772,325.646,371.298,366.669,315.255,203.110,60.813,133.568,-108.600,-259.650,-105.998,-32.668,22.140,-64.434,-75.870,69.844,11.130,-98.402,-153.272,-173.666,-81.724,-268.950,-21.303,150.342,393.962,449.466,433.203,354.757,460.025,463.568,372.668,189.101,41.197,155.320,194.735,150.733,45.340,-144.360,-262.009,-282.591,-158.427,-174.829,-234.253,-145.857,-440.254,-504.487,-431.435,-143.846,-215.615,-144.571,107.818,19.623,103.806,16.359,117.236,141.683,248.416,70.302,360.185,528.085,370.356,-34.794,-70.296,-190.668,-200.234,-29.798,-232.326,-239.926,-441.570,-348.114,-466.098,-388.901,-182.796,-373.249,-215.561,-291.052,-244.227,-332.948,-319.713,-332.130,-471.876,-467.479,-115.708,55.465,-253.603,-366.886,-387.558,-438.609,-457.912
488.614,275.578,280.465,281.991,214.156,121.821,58.190,46.666,-236.441,-393.604,-236.665,-164.962,-149.449,-165.854,-156.480,-52.425,-187.738,-252.411,-305.589,-310.324,-101.836,-137.892,-6.172,192.927,489.764,510.419,594.558,524.704,623.544,701.807,614.971,447.670,374.061,465.808,440.336,474.098,301.680,64.058,-152.777,-153.050,-159.047,-166.314,-178.712,-101.307,-278.038,-282.791,-205.386,12.083,-131.784,-124.868,83.183,8.988,79.156,126.857,223.275,162.995,269.249,209.050,476.104,527.459,430.442,105.492,-23.946,-312.126,-419.930,-317.818,-531.842,-587.452,-766.247,-529.596,-676.085,-666.319,-557.912,-654.209,-383.430,-473.502,-470.517,-564.921,-596.798,-588.243,-625.162,-612.971,-152.691,9.988,-201.428,-178.792,-218.354,-191.940,-225.342
376.758,138.113,146.148,133.105,22.723,-12.536,-21.761,-111.707,-360.441,-487.132,-387.447,-337.183,-320.467,-257.947,-214.662,-171.567,-358.318,-337.697,-366.615,-413.283,-124.048,-26.601,-69.174,145.108,410.344,368.156,480.168,436.490,510.765,641.176,627.478,502.918,541.501,606.587,539.169,672.334,440.516,221.263,-7.171,67.749,-76.580,-43.503,-45.361,3.074,-31.543,22.511,70.501,221.769,31.703,-40.018,33.725,-37.047,-47.160,128.732,174.095,78.119,190.666,220.241,391.302,306.619,263.550,84.571,-78.152,-470.019,-638.416,-622.581,-807.554,-933.200,-1039.285,-691.082,-846.289,-901.490,-883.514,-886.957,-616.895,-700.616,-741.569,-798.147,-854.981,-840.874,-819.956,-832.487,-323.370,-157.158,-197.299,-16.721,-58.314,45.060,17.227
210.252,-12.230,52.661,26.624,-169.197,-150.945,-154.888,-284.028,-441.627,-518.803,-543.173,-516.072,-460.988,-350.588,-262.116,-280.744,-473.592,-378.363,-354.620,-462.453,-165.250,-6.646,-223.690,8.376,190.756,106.997,174.798,172.264,227.073,367.966,479.406,409.472,531.026,567.365,486.899,687.115,443.754,293.991,125.774,289.986,79.509,182.126,135.936,147.433,223.560,296.309,298.019,402.160,216.085,69.680,-6.976,-76.126,-202.350,58.262,41.087,-54.289,63.157,142.974,195.799,-1.449,-38.766,-58.434,-204.000,-589.907,-759.170,-827.779,-973.163,-1138.046,-1142.540,-774.244,-920.269,-1011.884,-1060.232,-1030.328,-859.391,-904.909,-979.968,-1002.789,-1056.663,-1055.938,-1037.206,-1089.044,-609.246,-429.010,-304.406,-2.038,-25.438,128.630,119.479
64.428,-117.468,41.176,29.751,-279.091,-244.460,-287.762,-405.899,-446.090,-474.690,-660.178,-645.179,-544.421,-433.434,-307.359,-382.397,-535.682,-409.013,-306.837,-446.484,-223.158,-90.400,-415.639,-164.013,-75.555,-141.463,-157.141,-110.064,-63.865,39.630,282.465,266.081,394.247,393.826,320.763,520.028,344.060,278.591,194.751,405.395,244.342,424.562,286.898,275.055,396.706,435.207,407.281,481.393,355.961,161.812,-3.486,-62.148,-281.612,6.379,-40.845,-131.356,-19.228,74.707,38.501,-203.546,-288.398,-187.954,-293.775,-566.424,-693.707,-819.611,-942.227,-1072.070,-980.026,-695.050,-818.975,-911.866,-1007.465,-1022.966,-990.563,-970.685,-1058.422,-1083.642,-1109.490,-1141.188,-1169.861,-1242.387,-866.975,-685.804,-488.066,-157.202,-151.801,14.205,16.278
-16.916,-158.511,94.463,137.383,-262.896,-255.764,-358.459,-429.056,-354.608,-347.552,-671.187,-660.493,-545.251,-467.005,-338.728,-467.873,-554.975,-441.517,-252.469,-362.076,-268.100,-222.728,-543.985,-291.442,-284.825,-268.809,-363.522,-271.268,-241.232,-210.593,115.347,144.918,206.090,158.131,98.018,230.889,198.246,193.130,168.502,342.177,325.435,560.708,315.535,315.548,422.278,392.203,383.331,435.804,412.096,213.462,57.272,24.954,-213.460,49.209,31.231,-76.448,18.259,102.645,28.900,-164.446,-315.522,-161.686,-231.250,-333.134,-418.242,-553.385,-681.447,-697.225,-544.720,-402.234,-494.618,-570.786,-707.280,-815.391,-893.615,-801.653,-874.078,-935.175,-921.906,-1000.317,-1089.933,-1136.225,-914.724,-775.719,-637.022,-394.889,-366.858,-224.309,-239.045
-38.201,-153.736,155.403,280.092,-130.494,-173.241,-329.086,-342.871,-176.824,-147.991,-521.673,-523.690,-446.745,-402.453,-326.494,-507.814,-529.865,-453.959,-197.930,-216.025,-256.044,-314.153,-516.710,-309.993,-370.951,-240.341,-379.071,-262.724,-283.625,-333.872,-10.616,55.546,27.589,-69.488,-123.041,-84.927,57.278,68.201,52.970,106.181,253.902,497.539,168.491,222.206,290.210,193.588,263.180,299.258,386.107,226.241,151.649,160.975,-11.336,186.753,249.862,102.509,173.754,236.969,161.381,101.793,-82.319,67.201,20.694,75.364,-5.375,-97.667,-253.167,-116.684,44.749,62.630,11.376,-58.543,-232.135,-417.065,-537.256,-392.023,-424.392,-521.601,-477.881,-605.784,-741.204,-710.083,-651.001,-611.312,-633.726,-567.794,-536.927,-437.469,-502.675
-39.793,-137.936,165.863,367.094,60.033,-21.149,-210.875,-182.911,39.958,81.878,-216.492,-253.553,-256.136,-219.539,-244.761,-464.627,-444.826,-409.272,-131.574,-29.351,-158.128,-295.954,-310.248,-210.374,-329.310,-100.776,-244.202,-137.259,-252.838,-362.403,-130.072,-39.022,-110.217,-238.402,-295.409,-332.996,-52.389,-60.442,-107.419,-216.103,29.478,230.171,-129.856,2.486,50.739,-78.136,108.624,140.578,311.124,214.970,226.534,284.009,224.193,333.715,490.469,307.867,356.936,391.161,312.095,426.971,278.240,402.359,374.149,514.416,393.867,376.943,187.595,448.638,571.182,550.001,551.124,458.414,266.413,76.481,-17.922,146.889,166.779,73.419,122.933,-39.452,-194.128,-60.272,-129.888,-230.034,-428.707,-549.430,-537.386,-480.129,-614.132
-64.718,-135.895,102.647,339.574,227.942,143.778,-63.591,-18.165,219.732,269.649,158.494,68.521,-14.624,44.403,-97.537,-320.544,-288.720,-289.114,-41.630,161.433,11.530,-163.573,5.300,-45.856,-207.575,62.301,-64.480,-0.105,-226.399,-357.605,-271.298,-173.432,-200.956,-323.805,-390.120,-455.547,-129.922,-157.929,-246.885,-495.996,-268.542,-144.750,-476.942,-276.938,-209.007,-323.750,-26.699,24.391,228.015,191.490,227.726,325.319,359.122,371.842,584.663,407.201,434.976,426.384,313.678,579.403,529.092,647.017,648.463,789.645,615.286,668.333,453.209,755.853,809.002,855.537,918.343,780.951,612.327,504.500,471.521,628.056,696.539,666.399,693.613,530.582,376.338,593.911,455.820,219.417,-73.746,-301.561,-318.855,-286.156,-478.145
-125.246,-146.518,-9.483,204.509,305.566,253.589,34.564,80.738,287.780,338.396,463.280,329.484,210.270,299.060,71.585,-101.375,-78.610,-117.850,66.390,310.602,190.014,18.345,294.445,95.991,-73.443,171.151,58.899,63.207,-231.945,-353.625,-416.546,-338.097,-248.883,-325.913,-399.661,-450.349,-187.644,-196.668,-306.285,-622.672,-513.900,-471.154,-734.518,-515.732,-403.784,-468.032,-117.003,-20.520,163.960,156.771,134.646,248.685,306.082,231.049,428.748,315.400,311.509,236.356,63.777,400.421,466.809,617.240,668.831,759.435,562.892,640.928,416.254,662.488,636.644,821.581,945.581,773.441,681.869,709.141,735.890,879.977,982.136,1058.236,1046.691,927.565,778.952,1021.647,874.312,556.227,304.340,106.045,65.692,98.358,-113.982
-190.972,-146.139,-113.739,30.429,269.001,261.030,31.117,77.385,209.414,247.701,571.107,438.777,351.023,442.384,196.267,123.034,130.920,41.300,164.233,376.712,289.903,152.100,425.147,141.406,19.533,194.522,83.759,34.902,-230.544,-336.822,-506.155,-476.178,-260.385,-266.311,-338.385,-363.906,-235.403,-163.407,-258.538,-553.507,-594.408,-610.202,-793.845,-624.555,-484.460,-483.333,-162.927,-8.088,125.406,106.309,-20.006,75.375,81.964,-54.712,57.526,51.869,-8.935,-178.004,-399.528,-93.542,49.446,259.510,374.910,421.544,262.179,298.886,84.651,207.971,109.656,431.086,598.763,439.761,464.305,617.106,682.682,836.557,955.733,1135.631,1089.304,1052.800,906.364,1102.335,977.116,663.304,571.041,530.555,484.158,536.915,351.237
-207.372,-107.819,-155.720,-91.868,148.879,165.241,-68.879,-10.865,14.701,24.723,438.639,374.575,371.604,415.641,222.152,265.805,263.514,116.437,209.796,337.071,242.712,161.705,339.284,69.211,49.026,149.569,36.453,-38.346,-158.465,-271.776,-483.729,-521.826,-246.046,-182.139,-238.286,-262.898,-271.923,-64.801,-119.558,-329.843,-469.587,-510.336,-629.733,-566.539,-451.944,-389.384,-175.719,23.299,105.463,42.579,-160.545,-121.528,-194.758,-356.322,-366.060,-264.689,-411.998,-691.183,-903.846,-706.090,-564.318,-300.625,-128.236,-71.092,-146.952,-209.073,-388.732,-396.083,-552.048,-165.412,11.059,-67.962,71.759,286.210,375.052,571.733,697.710,928.789,868.583,929.266,785.436,883.246,771.527,542.668,651.399,824.178,785.005,865.674,740.642
-134.551,-23.974,-115.941,-101.007,14.473,14.552,-204.282,-122.937,-209.722,-239.239,134.486,192.865,284.226,237.407,137.238,263.287,255.096,64.182,164.116,195.043,36.917,32.888,83.106,-83.171,18.324,73.961,-23.463,-92.069,5.708,-149.397,-348.607,-451.794,-226.881,-116.473,-139.105,-199.193,-287.256,71.981,59.613,-52.720,-193.844,-232.757,-314.628,-374.492,-347.177,-235.268,-161.800,39.224,95.997,-17.464,-206.306,-252.489,-368.884,-521.105,-641.653,-482.266,-728.461,-1107.161,-1229.756,-1160.007,-1092.622,-813.691,-613.720,-482.253,-477.917,-661.027,-776.239,-868.146,-1064.422,-714.442,-571.594,-519.574,-312.002,-116.373,-2.141,255.832,386.569,589.527,538.387,676.424,548.081,539.328,403.214,300.514,559.274,899.248,863.513,965.872,907.933
18.059,82.172,-22.029,0.154,-62.603,-118.420,-293.606,-190.115,-362.398,-431.735,-195.293,-8.129,139.082,-6.967,-22.751,105.081,86.462,-109.463,7.116,-23.938,-272.581,-184.649,-220.924,-248.936,-62.266,-8.715,-55.186,-98.294,200.334,-16.962,-175.041,-312.198,-233.573,-104.446,-74.696,-186.936,-272.796,205.975,214.775,166.182,107.928,81.137,15.034,-135.033,-225.883,-75.911,-119.322,28.744,93.596,-47.952,-117.530,-257.863,-338.561,-463.822,-647.284,-502.324,-822.965,-1256.957,-1229.646,-1245.721,-1282.762,-1038.319,-851.799,-617.093,-591.872,-874.141,-892.946,-999.841,-1218.422,-986.688,-910.224,-722.339,-520.876,-398.526,-246.708,57.257,193.701,302.175,267.173,433.387,343.643,262.890,64.620,76.217,376.340,759.432,704.338,812.260,801.279
184.867,164.047,65.830,145.882,-47.333,-177.282,-284.443,-177.901,-381.335,-480.156,-407.112,-147.222,-7.818,-215.800,-198.309,-163.489,-205.193,-356.210,-254.167,-284.503,-590.434,-411.277,-444.357,-376.239,-190.031,-105.359,-68.994,-89.163,300.389,36.569,-79.411,-198.644,-293.283,-158.778,-60.882,-202.955,-230.777,295.584,294.207,252.583,300.307,282.039,222.978,52.180,-132.735,46.174,-47.267,4.522,96.050,-30.486,77.616,-139.222,-116.624,-219.800,-408.523,-334.393,-665.704,-1085.585,-909.080,-934.661,-1050.930,-875.536,-737.706,-430.213,-468.205,-797.418,-697.591,-762.321,-983.984,-897.078,-894.178,-619.398,-487.973,-445.528,-253.850,46.903,185.573,180.664,143.481,279.183,249.837,153.488,-112.112,-37.874,198.906,486.411,383.446,478.123,481.832
