-47.51674414970802,-126.7660673518605,13.77035700338224,53.72237484151727,-34.47396304118205,-75.520732115496,-69.57897360895689,-60.95870719020414,101.832696742381,32.6687169403453,-51.97934512091498,-65.58971229762416,13.71326482145137,77.880632115249,50.23450556220187,-7.466205934471041,-53.54439778411034,-1.636625631510636,58.86025840051411,64.10234090531135,-8.816650211885932,-39.47723503397272,2.363473724329683,88.2933032592812,-20.29614660605233,0.5558438550740554,14.09612948946496,-38.31301776972235,-45.28652693060996,-22.92318510295783,-2.319092658408038,68.72246914111243,27.00717921236601,-65.23768861069243,-0.309152571007841,17.68304632362254,-22.46564844715136,-80.31404519158532,-7.873051386578993,-12.34092881890486,32.59746904592484,-32.53054132466437,-138.0068306748402,-110.8515523105961,-27.47571474965223,65.26787846013252,77.54832345809359,-12.58802530482964,-93.48459832304144,-2.031103215520565,82.50138679922686,102.0486033309826,-3.918475696439983,-113.9331699318925,-44.95556387118451,157.8515521087406,164.6002317293772,10.47763116666405,-101.3415555097072,-107.9033920328602,-75.56244555363082,67.8749202851812,195.8767993416478,22.05918356581736,-117.5058439295706,-205.0715726821784,-20.32244891509597,224.363666047321,124.9870451386696,-124.1816321109669,-225.1638838469194,-29.94698428747695,227.8301344004682,284.3014638213219,-51.17603512341055,-325.5799197645572,-158.9116252910241,181.3126304296575,322.3217213960207,47.16253997331851,-263.8912384055672,-275.3074008931566,114.6568425675513,278.4580043958874,2.263168279662734,-148.4742519410358,-92.44817623979526,48.45893871275737,66.72312846840347,27.7067469975553,-99.33552162619962,-126.9218936143861
-12.55403301761009,-97.33840416360785,0.8025531868437953,43.77864573593954,-30.64711782725216,-50.40875926467279,-61.03130301959189,-107.0357629308271,76.40760707231705,52.91940901204189,-24.47926496602429,-52.01143209522868,9.786187051378366,69.89059770132381,46.46053862210812,14.22037673321049,-15.8979724885367,-18.29594326866174,9.486219812372134,44.78080788375859,8.97822936022208,-10.94132514133719,-14.70620529259901,57.34959403164445,-26.79127745560845,14.6528121311624,38.72753568609551,-29.17543751121364,-38.96322451102698,-30.81414220049346,-17.5085234164239,73.06784061964419,50.53682016534813,-50.72183118553578,-20.16246634362556,24.92042730904482,4.146441692391689,-87.95891011120514,-36.19960299057079,-30.43354977586702,47.08158149271794,5.391334929975196,-128.356992741975,-142.8841551871257,-61.07366085722321,64.94272924965227,103.380182368124,17.17658367548332,-100.3426360359913,-47.75100626527205,77.35198659572677,111.387983121733,18.54209120138309,-115.4291188875352,-80.33732575717899,111.2059745212492,180.0166984513014,38.05179085895187,-70.38361543427061,-90.42252235139503,-96.92646029206382,25.91178176220882,167.5609307059847,50.4817575218643,-70.23603257303832,-194.8690321107076,-86.45623462143546,169.7371892488587,176.6461933150004,-39.15256538887742,-204.536609295885,-105.375124465893,134.3381354646583,295.9574600557626,38.46631060461501,-270.066383357759,-220.7860087699373,93.53473738380868,322.0954851808204,131.4236262175956,-204.3449919170252,-314.0853346197649,36.30949871306914,273.0251021884539,58.2455512182414,-123.3160490661756,-109.6212424123089,35.59437675932914,79.72935788313124,45.91288265498096,-77.60118105736032,-145.4761814907817
7.539879771923373,-68.57354763014743,-3.105377458779303,38.5207372049281,-30.32898343997437,-26.02169520818769,-41.24516831803611,-126.6043717287888,48.90827692283481,64.1215764021477,-8.211199274747905,-46.01497348521158,10.19581924201503,68.19984202420562,30.9427237124848,21.75793958039432,27.31238565567019,-16.09849326723305,-29.72282352482458,10.73023922876318,14.02377097602174,18.308734157386,-15.70994896206894,32.95964887884998,-38.01838613120418,21.07244172663424,58.20914500023709,-13.2720114017817,-23.3859052367624,-31.68635792518768,-40.07508992035886,56.91810236108168,70.60941280406841,-21.06559564996272,-40.62695035440375,22.53808245481699,32.95030441247764,-75.13591769969439,-63.57766926711205,-52.87247870132951,51.0261427872094,44.2944939565656,-97.41342976227229,-153.852371194789,-94.1589414381712,50.86680277041625,127.6723131817208,51.39675688976373,-95.38007624287633,-96.13672607866437,57.15044179192452,104.0775344309206,41.57655042679795,-104.3926903273894,-106.2894593429448,53.19683623032756,166.852055900031,50.82215805533784,-38.1011530232859,-61.33721803136449,-93.7675018500948,-12.32529814653783,115.8784930196335,58.85863801113803,-22.24307136829344,-151.0018627770741,-135.4973889657542,84.04117545143787,192.5058289737252,44.20287850915452,-148.9279025801757,-149.4934225798248,32.1386951015114,266.5961121061283,110.3665258869011,-191.7074773586495,-254.4153465499467,0.2190291015724666,290.769634012358,197.9609195522466,-118.9991904721407,-319.1096188342715,-37.58591583039849,242.9549614737036,102.8691904696909,-81.04977405729674,-113.6860182371946,18.22161824425672,88.34537944734259,60.99052642228672,-50.62565268492609,-147.7954558973304
15.48271181367431,-50.53917768554479,-4.403098645016957,38.35802273304871,-27.77710275289635,-5.582148417946016,-18.29238757811659,-121.736338206846,23.96164217157434,70.31025781358865,-0.7349338320103688,-49.63583264317086,8.32399862885455,71.21360229945046,12.8307941460342,14.34823883922052,63.36760876910865,-0.8992414078942517,-50.93689335565518,-25.93252213995563,9.922957331389968,41.53194876193649,-6.633821220793794,19.31339533827429,-45.8550922327837,21.21729771989972,68.36495408553043,1.620181938247717,-4.575107492792937,-24.08119281423055,-60.59104000783402,23.16232512648276,78.19194952383025,15.68988600265429,-55.42703314741576,12.95978900746627,59.09097157534259,-44.97044246583138,-86.14633237103845,-77.54094293558246,42.80417189128632,77.29040716378756,-52.10474671607255,-140.1980039023558,-119.746319090459,25.26103837066063,145.3590142739307,84.75725603442241,-80.80784411384592,-136.7152106997977,25.63393342433649,83.7097067289567,58.62340994276323,-83.20873414760217,-117.1143052935093,-1.512069407451935,130.0830726897827,46.73173169887052,-11.72441992988107,-26.62613881633404,-66.09718754172397,-36.92193509022139,53.28021085880123,45.17469518049482,15.63037008334203,-84.55975753737272,-155.1781793928799,-13.38796215224101,169.3210771665546,108.9993337321971,-73.06473230221715,-155.0995313451677,-56.88113128824742,206.463206972603,154.5942140111249,-106.4910519967263,-256.9453362536415,-85.42767745017434,233.083082848724,238.5871083264026,-22.04702090160679,-294.37249096728,-98.75080793189737,196.5162031759119,132.2739569175004,-29.52089680750186,-106.2403539888432,-1.318491643398211,90.28154241572152,74.15182791673286,-20.45501579483125,-134.9766697430425
18.76005333156373,-46.93318026850169,-9.867832174864773,39.37181607418928,-19.62758149627027,10.29001320310204,2.127871127707745,-100.4981837063907,2.570651237679266,73.81246801401407,3.567823764883106,-59.35772697796292,-0.3448090946134864,74.37343047727477,-0.1718178641166462,-5.0039881596407,82.8414743094276,19.3344910381482,-51.93078438766739,-54.42619775634004,1.539843161411093,55.48141822439787,5.814868998135383,16.1176661930133,-44.79357635554035,18.25087339030023,68.92651626578326,9.172291176416968,10.67166149619929,-9.622186159616342,-69.86748050420654,-19.35721406091225,67.83745102931059,48.61113876040091,-61.12651988373191,-0.1842805122832338,79.37627380733228,-3.854032576727918,-100.2243872321986,-101.8702936142839,22.98636444905993,99.36570586189157,-2.186180922241514,-105.1782367211089,-133.3951486408077,-7.120579616928833,152.9433166493732,113.350329033619,-59.85293772283183,-161.1350046356172,-11.84498253661235,57.81387070429129,65.80309526568806,-56.83404982670969,-112.7595324080846,-40.65032195716892,81.16966826849257,29.43087171285698,3.438607097915932,4.950606898555453,-21.17200839029523,-41.15289739534821,-4.497605982240429,13.95080405761111,35.72696779671602,-12.95805113361668,-141.0659848025737,-100.344561668935,113.6202604964513,143.5814641784802,4.931512997706732,-124.7413851821213,-115.583580442841,131.7694826420818,168.8950639519151,-29.25357442405085,-231.8771096277054,-153.0640298170251,157.5628444464524,250.7076936050617,71.48740379029242,-247.994313721888,-143.4030186251049,142.867252943077,146.2018696917173,22.54599806873822,-90.18778406643082,-20.48652930325031,82.85483522343606,85.22246194672461,10.93369864174684,-109.6801825106197
25.9726615407548,-53.91171697217694,-23.34891337236385,35.26061978756899,-6.893281652278347,22.63970823595464,18.33435051216451,-73.25662071455345,-17.05089036496395,73.88314889167671,10.37103192267029,-67.76840128157687,-16.165335032368,72.31649098291516,-4.165000315410884,-30.73819412759928,81.68956181864229,37.15528123714228,-35.70312713966602,-68.14817035682587,-7.230154868308308,60.32021558756389,16.70073782197915,19.73986611688813,-33.49208115282791,15.71762951475203,63.25222722566073,6.507781529794761,17.04076566673155,7.637566506871871,-61.95523023961429,-58.39684085243412,39.83849013210158,67.17555771421969,-58.32936793669307,-13.60043375927153,92.62619174156066,40.52424582726545,-102.8917235970653,-123.2047710370717,-5.988884124135574,108.3990476504631,42.78332145886642,-57.74067871856965,-134.5425290327686,-40.87326709214797,149.0466654841995,135.6188748103146,-35.20184967263278,-164.907136688888,-50.07062659975835,34.45249112124563,63.19631292014575,-30.64131545965543,-98.03481679754503,-58.03716627019863,33.94205108549193,7.049103886671447,6.024099743570899,24.75791751538867,28.44702020749185,-24.12773772836859,-43.3021318941397,-25.03578918211344,35.92901766820078,45.41110591170608,-97.93470723282203,-158.0592932316316,39.49546917938294,144.1364110609315,68.6471611836312,-69.47804835051197,-135.812583835463,59.99316462624002,158.1167586554128,29.82621784360914,-187.3523432613355,-196.7852424402343,74.85815664010562,236.7947070853312,148.6001871490799,-189.4628003539744,-171.6645081378242,89.66607727101665,146.9385254223623,67.38853747783483,-68.66769071489864,-36.67560356839243,64.31933443150898,92.25881627386237,41.39368722353654,-75.88654560132116
42.81648099114764,-61.80729244862372,-43.6306497610042,20.43311132104746,4.896725150684418,32.64712812884977,32.50720649397206,-48.71105166890242,-37.56546855813371,66.99845723012083,22.48959059986092,-66.70950222970131,-35.04235749961848,61.25033549385962,0.1900686639723833,-56.40188535712922,61.6203148537416,47.55397729071019,-8.781665723537335,-65.86321097547793,-14.82772755282054,58.40591030681809,24.17882734631407,25.24799882165744,-14.79218367116646,16.18276984439393,56.8295674493862,-5.007950214514056,12.29854416174393,22.52925898356033,-36.16106178212286,-82.02438175368241,0.6380453368064966,64.68179643287104,-51.38172737689177,-25.63592635328322,99.21458930298975,81.28859385341579,-92.40432991792386,-139.0729108190296,-40.61277720001181,105.1292735868957,76.21305414572869,-9.468378354815727,-126.4055558513994,-71.83195910763958,134.1727015121326,152.181348589751,-8.027930599348428,-147.8531334741716,-85.11500596658365,18.73230984070622,54.32088495699325,-8.430811801191476,-80.01816754534525,-54.88349123436943,-0.1131332588435065,-10.8514103884032,-0.859252004625497,27.46627220653649,68.79495060110463,8.496282907261305,-55.05384192512156,-59.93686616969752,20.12522364010891,76.90780988326247,-38.17893543365782,-176.2947751413619,-35.71855042887973,114.9215916382719,107.5190710518148,-5.27245847225536,-119.7963388649062,5.264992324974963,131.7443025216422,66.97212146142056,-133.488476050215,-215.5121394690601,-4.164530414068913,202.8597736557796,200.3901125570454,-127.3026771739672,-185.9583030919124,41.60968022450133,137.85059386334,99.7041644105351,-44.2584217752767,-47.52707962501863,35.08376644494007,92.08628516692238,68.54839513325034,-38.50573392760055
69.21805877250438,-59.11035654250156,-64.27264607740206,-6.959935018954638,7.538720257029147,40.20661594101185,48.90549157353837,-31.02139885030251,-60.39032231570222,48.64011664900947,38.30404192452946,-50.72576010360943,-49.961755911938,40.66131783171098,8.593357230686552,-76.24650126577156,28.88910065356126,48.72341917369403,21.07799512522595,-51.0957027620178,-22.10250893688664,52.58320853923364,29.32465961272756,28.53764087221303,5.671852461400911,20.33180403121997,55.09664854861087,-20.40536698925456,-2.221906796992613,30.31666715117775,2.544008732521917,-82.36968543527288,-38.75225691973304,40.66507878010069,-46.62334363322297,-36.83159127552255,100.0688660687215,113.9054043725906,-68.4409077835121,-147.295522852342,-77.19674774785086,92.1730843528134,96.01986079564402,29.34231434520741,-114.4569642190793,-98.22084954437005,109.9106056535591,164.643609216049,21.96490827862713,-113.338716320278,-114.5282089215666,10.68270789219275,44.09935474238641,8.574097300254017,-64.82055924282612,-38.37416536972988,-15.45380842176466,-17.00164913124782,-10.8817331365539,13.24264036656338,89.06514313605192,46.13732957014072,-40.27831548695281,-80.83990059163679,-3.411159404778579,76.81773364987355,22.20983824864722,-155.6505944681263,-96.44614870315841,66.18692335226305,118.8443915566743,51.79894455181151,-78.46668703689021,-24.86326730071671,100.4680069461604,84.45217387229737,-79.60452605089395,-212.2647204680163,-70.23046187995371,156.497759489472,223.0795232644388,-67.7321193808142,-189.1187678297455,0.1883066870447448,122.0225326100005,117.4492665347185,-18.61958772530097,-51.35281185186201,-1.703277513702933,81.51615520521432,89.9792966554421,-2.753957242449599
98.72836763187816,-37.27478460005437,-75.57321977320849,-43.26549822899725,-6.644353511388015,43.24291619457401,71.21746486007559,-18.93493779338815,-84.25603414000828,15.81655235064011,52.11868124638648,-19.5397528581505,-53.72016907414594,13.75418243986885,15.2164041097059,-86.38810632655702,-7.915120668965539,41.68714776928832,47.03035352718967,-30.17239222390636,-31.20408070764642,44.72271412709727,34.74552317076908,27.7914478075119,21.68970856892016,26.79914734368213,61.34110705895151,-32.9272022109208,-22.29962104487748,28.02921540466896,44.8571015218205,-58.2391743928613,-65.94067016499373,1.46595222445635,-49.77152147834069,-49.47798760060493,95.61733509211105,136.6624662476965,-32.23901473754083,-145.9837669539614,-112.4829761910589,72.56289710693663,104.4188994533983,53.06715430259347,-104.030289061782,-120.6232856888859,78.0228309027399,173.9416119745489,55.49837519790606,-66.77351936150669,-136.6779440975513,5.413043648273144,36.24525525045081,21.39870577020984,-55.08499578920915,-18.22220309603284,-13.71258000353436,-9.370834904956784,-17.09808947674268,-11.9957492257338,85.23438577120429,76.78875649592763,-7.746442543192281,-83.17225944356953,-25.18384257462407,50.53381870599821,68.74983280524198,-106.4366765120337,-132.9565658046768,10.58705399754713,107.2293356348679,90.01456580339431,-27.40392341785873,-30.47028992078197,72.90878629896348,88.44931481950849,-32.13762408855699,-192.6470128245343,-117.052569374252,105.0687607676222,217.9307202274243,-14.43329533436795,-182.9256153169178,-35.45009845802506,101.3907311660342,121.7497470984602,7.414178417358236,-47.5001558156452,-40.4787802863902,58.76114921698422,103.6000846615054,26.67152883982798
120.4628553914953,5.399420253818072,-68.02553599467612,-79.60929443513768,-41.39057151779727,38.09263598030239,100.1044289227469,-7.074822964896519,-105.0293289124658,-30.72552787411083,56.30889360867649,21.35182647477169,-41.8060183946432,-13.50326499743803,15.1448005057505,-85.35796879762223,-40.32404809532976,29.19132457869916,64.53426984251621,-9.744621742514504,-43.87183134884538,35.06439340912655,42.68161151505372,23.82500475074876,28.70034244300644,32.74263370127535,75.40193527195268,-36.39791757176396,-42.35155694951762,15.23386605368284,79.81729949019,-15.74058781433696,-71.01943289257534,-41.34858925242414,-63.37108662089704,-66.307436069636,85.20065284305991,150.0559518048815,13.33115826928644,-133.5766220312314,-143.7729836900992,48.45660370549106,106.1148688703326,62.36724735860232,-97.97325800023332,-140.8226429916275,39.88268666030993,178.9896995104652,92.15127578802615,-14.0378834434958,-149.7492700950716,-4.454277671933902,31.24705023829975,31.90442808725972,-49.24915613760435,-2.61691255382453,-2.209392361671918,7.885667490014022,-14.91028209618371,-38.50442266910633,61.42364980300758,91.20643300167676,28.71256759373016,-69.25128736369521,-38.05397784385392,11.32101688289438,92.92898424320805,-44.61622724966289,-143.3015130769921,-40.68800020726786,81.88887834005298,104.8130452479865,18.18898561092559,-18.04545894642438,53.46963969949906,86.02422894378304,6.223242718284163,-163.0286325809785,-142.0664321841602,54.43450867300521,190.2297415333922,30.82205583471348,-167.5344498350572,-66.95330203075845,76.57551739688483,115.9735931570953,33.40798873515163,-36.49487488252623,-74.44448073391816,24.51834310061453,108.06980932509,46.45464595276264
122.952405322976,62.24613705699513,-36.07214791669343,-104.258116232353,-94.14870115418547,20.85891770237139,131.9213757384729,11.20566473255088,-116.8799840484049,-85.54247036926921,44.44200545796608,62.18637979829273,-14.34816795984872,-34.35583440739825,6.251893186974961,-74.06200068245229,-61.98110120682544,14.4327686418627,71.7696703838365,5.315047069330276,-59.92453209650511,22.5502959725941,53.44976299987005,19.31326386279101,25.26164265414053,34.93001931738391,93.62180835129161,-27.3505620679706,-57.24319991641426,-5.913894309152769,98.0114181788754,33.33530804228597,-49.90267270577998,-74.32831277642055,-85.27248013525366,-88.8042750591294,67.27297773084291,155.471282458384,63.7777174461829,-109.0760626565694,-168.6366400761473,20.58382782117381,105.6570377315993,63.42495191403916,-95.29245505296828,-160.0425940187643,-3.459638182418041,176.3283562451929,129.0232540099265,39.59362141148311,-151.079677311302,-25.0170182346328,25.89213624193426,41.0210420693133,-42.84344384272353,4.835101260987499,9.576208521251285,25.95890431267119,-4.193259403420799,-56.21271662036476,28.43098125485544,86.27748442142469,55.16000214150972,-47.36276889771454,-39.93789305199935,-24.58465804032665,94.51040215294418,13.7236197813162,-132.6322164652431,-80.81904622869224,52.8664614635285,99.17667313798864,47.86228152444294,2.414972520787094,41.84466054129356,82.26148098543996,36.07451884841245,-128.9343526827038,-146.3793975246406,8.433787695293015,147.6614478121955,67.17593927178302,-141.9140446879904,-95.13857475194195,47.38132298304842,104.2687146723334,58.77222115635947,-19.88040497221522,-97.2394808082022,-17.67679304415662,103.0853864097358,55.31028612318173
98.5638660267892,119.7014116045079,19.18721304389964,-106.3438677661116,-155.7375331960444,-10.74122260547253,159.1725296858263,40.52183509967587,-114.3560826914169,-139.2769545184265,14.18806630403387,92.02929009937685,23.5979877029612,-43.53062958234067,-10.12815744792804,-55.30530976024388,-69.72839139397719,0.1310905360704639,69.20973713301559,12.99178171836285,-76.64967891018152,5.910635337563103,64.89423941032594,17.30431791153802,13.3100742357979,30.93708917388102,110.0653773352699,-6.2076943612845,-63.77830132829985,-31.29182460798382,94.34004829496476,74.93045048388691,-6.043081143758853,-86.26698901973965,-108.7807018724227,-115.8048237833026,40.37798680074251,153.8086061617144,113.1896701586686,-72.54133844402426,-184.498797314474,-11.33255337992887,105.0495466305252,65.06839291111329,-91.39225063024315,-177.390819001204,-50.6210855550674,161.0876828609452,160.3659380398991,89.76966976656568,-137.3580411605487,-57.52950761278782,14.63833793556217,47.51767018192781,-31.23195832080237,6.012486895445673,14.14250122451473,34.92554965993069,10.34129046052535,-58.55493346057481,-0.132082164677821,66.29355276332518,62.5469736774311,-28.62778046192384,-34.60586565469917,-43.85764174541668,80.92005244315622,57.46685097958299,-110.3140096222102,-108.4476141690796,27.51274245694431,81.63378929868996,58.33627245103235,20.96152299610476,34.15404326899156,78.55529279631131,59.81899677830533,-94.0464016226187,-133.9753337144533,-30.95367304016904,98.47756350319301,93.81769987749526,-105.0384002183687,-118.8768729246545,13.73188599774146,90.05053697823115,82.3015989625889,0.2001211234478307,-104.5803109201946,-61.96271630550326,89.45101336923369,54.18621554790342
46.90904489414079,161.3457141018944,89.35997548990832,-79.70750540823035,-212.2965150000326,-55.7375098687447,172.6353876377785,80.94894161709354,-94.58797822762475,-181.0335779887329,-31.10140126594607,102.3811241173313,63.54907932610248,-38.98685530620547,-29.88735491230127,-33.09157683107802,-63.69825409555701,-11.79638126490404,58.73992008055205,13.97831386869074,-89.41754621146342,-15.04112939350402,73.07229850866509,19.66841468844427,-2.793664401547292,20.03006489568568,118.578418169591,22.86211636119055,-61.41750775875624,-55.88603372217268,69.50864548190317,96.91062118474989,50.10097722309035,-71.82819783715719,-124.5485225867793,-143.0047243035615,4.525925763560151,144.7006774214418,154.7754758445998,-25.734656276245,-188.4934392534853,-47.3782984743771,102.6185668419619,74.84600932773019,-79.91866836483156,-189.2664764002705,-98.99182486627386,129.0419648903455,178.5802886596183,132.7437228068939,-105.8128056552081,-96.58603371951307,-7.644291808298058,47.98450968568909,-12.57788360658183,6.737005945492766,9.077467658172155,28.00096658493925,20.81746333783986,-45.18174021864471,-12.79539468490373,41.56233446977147,49.99967585683967,-22.727179116277,-30.22681985091862,-40.89856782055091,63.96576785979247,83.42979444608358,-85.97386166723246,-126.7522895208286,8.377226366809973,62.6750366781488,53.3644226375899,30.76274933411608,25.16833156711876,72.55180921371367,79.78647243988556,-60.01683599259422,-110.3929933243849,-62.98254411948264,49.86035651420413,109.5908244523756,-57.3310259182294,-134.8917501948842,-23.32253891114415,74.95955009481089,101.9924348382568,21.52102012987781,-95.36424397370175,-101.3829116162025,68.91521799563158,45.90020371974281
-24.02567731092167,173.2004668614753,160.538199859493,-25.52311264130446,-249.0283916105302,-109.1486977392713,164.4776255794708,127.2381780683846,-58.78519565938688,-201.6032183812516,-82.80363796610291,90.04941582717112,96.35629530761638,-22.52992271005946,-47.84815757291301,-11.88328656378125,-46.62789660098849,-20.01377353889334,42.78715676809725,10.56484522237584,-93.34179122952629,-38.53268963139279,73.88897534809931,26.12162197540474,-18.00704730100755,3.426420666627972,114.9651187791686,53.34045092501116,-52.06556391258754,-75.00563118038247,29.80169830218058,92.74401731718829,103.7866020714805,-33.48756190558323,-123.6612343215385,-163.6979210267667,-37.63280094723321,126.7011280154608,181.8266702052616,27.35456186808436,-177.8717273732275,-86.04371244798301,93.65434098669492,95.53513438056505,-55.58785450111675,-190.1325260086802,-144.1285926181525,79.03219425156944,176.4413049209924,164.842264570619,-56.01771557476214,-130.9892912629636,-42.66003505034912,38.17370734008115,10.31933680294927,13.47723813879972,-2.072324298450981,4.854494291316126,19.38230283269828,-22.44415524487493,-4.536746516507556,24.73885006749028,25.19574459459808,-34.00048963973283,-36.11265800236401,-19.88378100181035,55.06623290444166,96.2728759023281,-65.92222977930673,-141.0064089615819,-6.888537111381561,50.84549449547936,41.31363341957974,29.81510531129296,10.78843007157984,59.67384940065076,96.66304947400286,-27.03551846981935,-81.2340348344417,-87.36914840581206,6.812110120523992,113.1671549067427,-1.785841880992956,-138.5764577067419,-60.91702890686302,58.66649243647367,115.2386432465539,42.1907898976184,-71.92078734106983,-129.4721113852797,43.85106781595096,34.27889144929892
-99.53606840554616,148.5012835042093,217.0140344975417,47.27172057771465,-254.6035858759206,-162.5120721163684,131.3058611687185,170.0689288890521,-12.43392968973853,-196.4537580349699,-129.3782941351745,58.29025917016055,115.2597901188436,0.918391303375003,-59.78659575643595,4.060712396687863,-22.79183098927578,-23.30645356494518,23.80483380304691,5.169384502214119,-85.36814512573599,-60.83725451667292,65.0007849056101,34.2172287216063,-28.44972689815154,-16.1437507922811,98.51176577909835,78.51093078753395,-39.08790738612272,-85.3203122556436,-14.77383914187838,63.51708174303606,140.1378065257754,18.89431579005593,-100.8993049394605,-170.6314902635793,-80.43998761056575,98.39040579762688,189.0455019836723,80.45347754470504,-150.9823622332987,-123.3324747703499,72.64391631197819,123.451049537805,-16.94770612982646,-174.5067326501144,-179.9083801494896,14.77903744414077,149.8720703477356,182.2316109807323,8.438877075812121,-147.233238700026,-86.70337032688542,15.23191677701649,30.24685263739019,29.69599364004415,-11.51243035128858,-27.40422081339627,1.747017917631877,-1.323133527334707,21.12593660096271,26.1043851144038,1.639226199283869,-59.35243080947386,-58.78670337341358,6.709553587789006,60.69187320209399,105.531650139384,-51.19247105888435,-155.6072181248731,-23.73939273940304,49.81551717143,31.45918005098993,20.90994598640703,-10.06575899050122,35.6092274293446,108.7975848715785,5.128469308673179,-50.90725057466548,-103.6713390193635,-28.23582642425855,103.6451796679742,55.69891372359736,-125.6023508412108,-94.31318987171281,39.61102525349504,119.3964980176628,60.8196841822334,-39.37581774938119,-141.7483941704536,16.89585923807669,23.04331246832865
-162.2022045706619,90.31849334603503,245.7892077597593,124.0035256756288,-224.8292349129358,-205.6834341458447,76.05711258325518,198.9318177487548,35.94592813917297,-167.4401535282614,-159.9248430095967,15.81551279700592,118.1566418523321,25.12908859461557,-63.98491553656653,11.2294357565503,3.045655704462933,-20.27539691917677,4.217293503287458,-0.8137490260998972,-65.96115298409718,-77.26324425425675,47.18004586272297,40.30941702843415,-32.65788487104201,-35.3982903024947,72.30670279984388,93.6141688951721,-25.9632017911198,-85.48236697304962,-53.39117738194523,17.64396761898658,148.4920599452415,70.81309528241526,-57.04192464283339,-158.4273747094628,-116.017508661188,59.92633285767544,173.9786523225964,125.6877357048269,-108.5191894370007,-152.9517167235475,36.25280853804901,149.2930547349411,32.03539426289737,-139.4962016998333,-199.64249695935,-54.78156857476655,100.2619467122131,181.3377932770729,79.27014372538332,-134.4888431963957,-130.6895122620741,-20.09840749712681,37.97142576703794,53.40260300270956,-10.81578876299839,-56.14922466738965,-30.30565555745424,6.577577809801752,53.08551099443194,49.45547668502524,-6.269743365373461,-88.80308763701308,-98.79079083471595,22.64178581967186,79.65271460475192,120.9433619914985,-37.81999662414886,-171.7043108318224,-47.82008745474758,57.35111078836327,30.34741396690471,10.04519050184874,-34.75440689875725,-1.178382055638777,112.6308799074306,36.03373095689408,-21.94896656494585,-111.0315584920848,-55.08025232930677,81.28209672714347,106.9862035848031,-93.82386660000599,-117.6061019057377,16.40810314154724,112.5938613664228,76.41230995207975,-4.360966722730272,-136.7184576614198,-9.348903842320071,14.78772084219051
-196.9857781983597,11.09966964512428,240.4424968465034,188.198557728757,-164.3752451534192,-229.4537286136521,7.987169876118556,205.6657445100439,77.12603099008493,-122.5856783130968,-167.7591351110862,-26.01629788960514,108.2744006812686,44.8136155955761,-61.72181042313373,7.294280816668968,26.38792684828276,-9.479110002916263,-13.33057415640177,-7.360627652360147,-39.65805581514676,-83.82564682121729,24.51839515724036,41.10742344951154,-31.80380917064979,-51.6157961519574,42.22694679319046,97.25620453974113,-15.07289581479565,-76.22442379692107,-77.45473557043813,-31.65432336150665,125.6105335286762,107.3728718266683,0.6529132089847803,-125.7566667890023,-136.1367814510128,14.32708109076448,138.1399251108261,155.0448264241624,-54.49608223667396,-167.7437549568292,-14.1445988761038,161.3392613150556,82.31260021937037,-86.89855141245222,-197.9523397314409,-117.0466847752982,35.35441992552165,159.9360168702679,144.3831717689411,-89.30472255562054,-162.4524138962931,-62.33032836522582,26.00510778214361,77.02289186262182,4.993003671664007,-67.57508472150656,-68.54258465443576,-6.405073356782883,76.41404556249941,90.11768343567144,11.31932033078039,-108.607130956062,-149.4423141205375,13.97496603400365,103.2312732863378,147.8283595270836,-19.16357491277815,-186.3000675397562,-82.03696389919763,66.44029675854432,39.46592592633463,3.929357727019583,-57.58380138346546,-47.8561543809177,104.0950962559686,63.85291294186949,4.91760671617601,-108.3575696325131,-74.84388477008713,48.04650296147656,143.2673027781292,-44.85578187880654,-125.1041257880193,-10.6309727316674,94.56695279706888,88.09951432084901,26.53062818854048,-116.1668519461782,-32.51387491852676,10.37915320942512
-195.7792085074464,-70.77101486247236,203.1047035931935,226.2322637400043,-85.93600180931202,-228.2219808745601,-59.38424667841201,187.4350966678957,103.8428077903463,-73.91364630634597,-152.7820281033052,-56.89764584194427,92.99102878511502,57.51548837234366,-56.51692149652636,-8.548654520381476,43.40119274770309,9.923610294464396,-25.74058113208495,-15.24914139939517,-14.13839137151528,-78.98616754419291,3.281872032683445,35.19644461674545,-28.83956477003053,-63.47297885572649,14.93772200015386,91.58538965525945,-7.049505536238201,-59.96777732223699,-82.87226610749777,-70.32079948572682,76.7470734213518,117.7390889134594,60.06800662526829,-76.46363096284844,-134.6550748334953,-32.18014172252618,87.36991438624413,162.3535020260969,3.617367687269104,-162.0020549998852,-71.49584000335658,149.9136857465759,122.093701621365,-23.95011672493585,-172.837072041741,-158.9194184011128,-31.86255846105496,118.5499602953382,190.3988170824557,-18.19663479191118,-170.6799695170016,-101.8373989659126,-7.690451881041753,89.80330497527949,34.53946615141246,-51.9941865193883,-100.3938388502567,-40.54359261539218,77.71647797743978,135.9042310968256,55.65301695071179,-105.9580391022555,-198.1152831156172,-25.43470527240069,118.1688308053497,184.2462462989677,10.65974058791132,-193.1450734131521,-124.6881577959902,68.11148542290105,54.94064556254777,7.44660280260687,-71.5760188389727,-97.16944698127764,80.48710250452844,85.34215022564308,30.06205881696371,-94.86984455233772,-88.83965974592101,7.764453071473911,157.1524393566424,15.25184717122781,-113.0596435037592,-38.52277352038802,67.26151366889971,94.91498202148698,48.11687189100401,-84.70706729782611,-50.57806547766092,8.966506830835336
-159.9214959983444,-136.3123455873935,143.8926468513511,231.2422902868734,-6.999987101556915,-201.8924466287759,-111.8404813021214,148.1053543649431,112.9561769615374,-33.95402717171579,-121.7888061461726,-70.93478396635139,81.17842339903449,64.46886732301735,-52.41802135537313,-35.33621751900985,51.05182948265539,37.25160948728934,-29.57614257384947,-24.87678148559677,2.013504126392776,-64.7593718112221,-10.24820843066867,23.89382693554693,-26.93737925508622,-71.27984666021629,-4.385168664095328,81.19115692891991,-0.8864961283739816,-40.09649554319112,-70.88250611091206,-87.64219602496981,14.22382766663837,98.39195760267222,107.5144524189638,-19.13951680926781,-109.7169062752371,-71.08712120179615,31.11945674825447,145.2386384245857,55.94176683718999,-133.8869977032112,-124.2478721147456,111.5247680743441,140.534928938372,37.7806562468651,-127.1733088515179,-170.7121607560706,-86.16944506570795,61.54938442994494,206.2175894308621,63.05458487398048,-149.1575420340642,-127.2762732581935,-57.59772164659469,81.95668509346847,69.63101557050948,-8.17460593653173,-113.0060660530616,-87.74283606806492,50.23445540615572,170.829511095211,118.1757396850338,-73.7038601241815,-229.760735500791,-90.95809301714122,111.5110176216411,221.0033603322927,53.54535274081771,-185.1021345840883,-169.3208279140015,54.93863664892692,69.24709787736214,21.88804738755385,-70.74710150930642,-139.028805517038,42.14108307538819,96.56643569813163,53.87142537209266,-70.82350853279291,-97.59617902485817,-34.22290061055105,144.7312675154763,76.59203437687373,-81.26414341390524,-61.70606834957093,34.95506515804259,95.81620030040945,57.51194016779323,-48.75686398364505,-61.96994273705507,8.577612880968296
-99.85201548690274,-171.4754108631123,77.97022650843437,205.0729949045166,54.85497151295295,-156.3561644909279,-138.4991755139372,97.49550912021002,106.3893144768364,-11.99701023803767,-86.536714242675,-68.56327045314008,79.95434373516548,70.09445523262795,-51.98669068836433,-70.24240311522264,47.17799037904936,69.51531374089555,-21.7017450205949,-35.05451798203858,2.18383607852908,-46.65403419696039,-12.1971373341623,11.0417215249307,-27.87191071611327,-76.5147024528291,-13.78230086831451,71.14016054869296,5.267731606405952,-20.12178294169355,-47.24125856817975,-79.3316474072402,-46.06451708623946,54.14753776727719,131.6721916152624,34.85070703657478,-64.90905011326157,-93.66453277300279,-19.36007115585936,106.3898649503121,92.3434708014702,-86.99906088595327,-159.4765784750393,51.11631784631126,131.5678868750687,85.21306598386705,-68.97140853504442,-149.5184180443856,-114.2469631006474,-2.674606986272557,186.5627347577434,133.4549184023912,-99.75434939664535,-129.1687109249827,-111.1750262423479,49.01870486500859,97.56578989542915,54.98371782218582,-97.91239903503487,-133.571533882502,-3.111756230359546,180.4107417886084,182.6957507680295,-13.44284922429179,-231.5949425705728,-167.8445651358357,75.64885926605928,244.5681729577113,105.6176445844242,-157.1270060199398,-206.3739311431786,24.03328968308492,74.23470654181901,44.4533614212009,-52.16859178897083,-163.2790870738677,-6.72955757841576,94.18695955181899,75.75967906880803,-38.14317254729777,-100.3933800503095,-71.8249412941496,107.0220161435757,127.2385659387674,-33.97824083920379,-73.37645117259767,3.750349703312341,90.03965665319998,54.39664212697758,-15.21494668292752,-65.71402156851667,7.077059118958975
-32.00539576985781,-171.1007645395854,21.16297907566544,157.6397080746678,86.76295394899701,-102.3185757546816,-135.0686030184008,48.68041913891891,90.53240524754248,-11.2681803964512,-60.1268443261897,-56.37877728494974,91.93755920025808,80.26418325120164,-54.77168145560839,-108.7027136501879,30.66237179981811,101.2104571395104,-0.3673279881015756,-42.41739110214516,-15.70695470499463,-32.30265574892866,-2.874828943337226,1.730146401693351,-31.02014063214003,-80.8376106367799,-15.0379150302746,64.8878055390702,12.9564054402732,-2.965539521023412,-20.0926836625918,-48.56469404468805,-89.14969977363261,-3.374185988143727,126.9183580515004,74.35124016390569,-8.850832574224638,-93.54243762559575,-53.56848545619785,53.59128319654882,105.1699103764684,-30.36316557560605,-167.0178708078501,-18.51810907442488,96.52021360492272,107.5028214123469,-10.06626093569532,-100.8475404341925,-108.6745417262855,-62.81852457189008,134.28883290477,173.0493537204758,-32.92614267454753,-103.4539026680991,-152.1325662335552,-5.29594011648139,105.5102574891218,120.2804001312071,-54.66413218029194,-161.7803375866793,-69.89977309917371,156.7922271083357,230.2799577214837,64.13082284048222,-197.4413351227535,-235.401246878658,11.78641664029991,241.9101731422611,157.617058069308,-108.7882914461408,-226.0585534102878,-21.47626474608866,64.34697411936089,69.10108975412608,-17.18149772338514,-162.7858531218368,-58.39680921807614,76.89701830691011,93.68590948507624,-0.7084487650345132,-95.49721910321031,-99.22097388320955,50.35442269580181,155.9724912287973,20.22117163371963,-67.76542644202303,-19.55419872276183,77.70627717750435,40.7374543058794,9.855744081809474,-61.63559351514711,3.132104448614403
26.05573105583902,-140.0724556971359,-14.4979394692904,103.9175110164078,84.05751398592604,-52.72401529501512,-105.2914824203539,14.15746169331442,74.27991448764598,-27.92475014646007,-52.82142122439463,-44.92384145096153,113.946811705278,99.88939828761191,-56.90999316002873,-144.8277867211941,1.757860616598878,124.9776261142407,33.5992707586205,-41.88037352237316,-47.86558134720805,-29.10036622410611,12.82387000597393,0.3580143536533781,-33.42855924632634,-84.98397457597012,-12.78109668612912,62.8666082706329,22.35879370212415,9.465843580030803,2.737490564123203,-4.683014246448428,-105.1160596721297,-59.32971343203764,94.95654676016296,91.49421753849411,46.79052021971764,-68.93733133798526,-64.38943322682096,-1.706737038716441,91.71452087011757,23.41798992486189,-143.2007480453525,-80.13217909023713,44.51028784708683,99.52970641483527,36.56607929572736,-37.80481809330432,-70.48044897703612,-106.9759612781138,60.52886622262015,169.3674608770641,34.67631453015665,-53.69992308965512,-165.5228184712498,-68.9850840791385,85.41439330537253,167.1862902067836,7.978542450777906,-159.8633983182926,-131.6816495834549,101.9236976256649,245.3007240899357,141.8636399980735,-130.2712783045698,-273.3972969158922,-69.43465083030154,205.5763727573236,197.4137265629184,-45.39399654930742,-221.5240860050047,-72.96400224997205,38.90192874621093,88.41583992331658,28.59545199398853,-135.8471937231752,-103.1817127622509,46.49564599708017,104.4320415592144,35.89863152421878,-81.04471714259864,-111.9195310039771,-14.51914548030319,155.2239003184539,69.83645672018991,-42.65300900282114,-29.02561250127251,60.42842898782947,20.14684872069488,22.279118528672,-50.56925355474137,-3.164662014278196
60.71611156742382,-91.36759960197239,-23.93001796370411,59.50351523210176,51.43517433258852,-19.45478926725972,-60.073980598662,2.071844369562347,66.29885729081428,-52.20954440478541,-68.6228731605817,-45.13009374944181,137.6204121196807,130.6348668142051,-52.11218050132872,-172.1324194404209,-37.52893634053184,133.1197780287221,75.97979914780758,-28.16467400513934,-85.07573482596773,-41.56535637309059,26.67976038319093,8.723853282237734,-30.99219765473675,-88.02099387643194,-12.45797425482021,62.32476580485449,31.7648684630834,16.34885206955506,16.12668298823417,39.96441513598683,-91.610204781259,-100.1129927225037,44.21411137317271,83.88419998099585,90.32113090726895,-23.70385970543789,-50.01824700159601,-47.0286486669464,55.52343056624794,61.4388023757113,-92.81920532631453,-117.2112480881262,-9.690999099694084,63.92734939852773,60.17684180376698,22.12631227314899,-9.319128968963346,-125.5916330998227,-17.60566530328564,121.8720622262821,84.88987005595961,8.977039804631589,-142.9628528493405,-124.6924052392641,37.65330077161659,178.4406093989948,73.92579727342114,-123.7712789497311,-169.7108864203727,27.63089724274615,220.6427240931792,201.0023249386597,-42.03704607600994,-268.6158891595163,-150.4859166165961,137.1993947628729,213.8480685357383,22.74702121611389,-191.2794023546113,-118.6573675808393,2.661831169663676,95.88434041776082,76.46307595159472,-87.13151300599201,-131.8185820060586,8.154081422881429,104.6109526557435,65.23632782135377,-56.28630761590424,-107.6518042564953,-74.47621854564999,123.4199069263555,102.8979243949989,-1.200008850083037,-21.23247309080577,41.59179392969479,-2.887123695855687,20.38344451730097,-34.46599675099417,-10.23974920928088
65.99787206383212,-41.7117917922896,-9.927228195260675,36.13263206264231,1.484758513251771,-10.21572763029088,-14.50068616740298,13.69241890779439,72.36081814520163,-71.43050094240661,-103.7203258728495,-64.54459190141772,151.8144015637592,169.5521267440414,-33.7989036826237,-184.5322777690851,-83.20115303547436,119.6428161279117,119.1939940203906,2.030397265977211,-114.9439485514657,-69.30494095028615,29.77534370256636,24.88376842297161,-20.34993182412719,-87.34745747583159,-17.910887948885,58.53866189416976,37.83778847332238,17.70030887701921,18.95295668532828,73.97540985352308,-54.02010333500239,-117.2521188344844,-12.7825036492598,55.16238067820416,113.1505727305178,33.24855614144825,-14.53371246407692,-72.04430505790791,5.948982335483247,74.23625298612482,-28.5103427931639,-119.2531118321929,-49.78472973479869,10.87237968535188,55.30812971741429,61.83873981658764,58.9181511006955,-114.1857986383159,-81.26367709696908,42.80188988372035,103.5610307385638,68.49914494385145,-86.13151466653008,-154.8708606216914,-28.03665314092198,146.0917228427373,124.29425384393,-60.0820633361228,-171.0706417513819,-47.5648030692349,160.3307352722238,226.76606843447,49.25112360649687,-219.3914590284989,-211.9495154485284,48.13320008571687,200.6147085098682,82.78248952735939,-140.0927517311089,-147.0782648951933,-35.47339050021894,87.89609525158581,116.7083441544389,-26.79003162203615,-137.9467103480283,-30.34858299000779,92.08284125877552,81.31573222020114,-22.72439908852747,-86.93276587729738,-116.8277845327384,66.01582780180591,109.9293727629658,47.70462394769859,3.490865701867099,26.04283906945951,-23.72333321938049,5.120712707260932,-16.28851341160608,-15.56751508709606
44.75460361561839,-6.30576812735219,18.32820141150964,38.51073961365972,-48.94851111169461,-26.48191029266181,16.41306376870584,42.94724925350516,93.54442374938162,-73.87028140505954,-147.3341437546308,-104.5365471454309,146.0642431824405,209.1611440669,2.274193935124244,-177.4752675177412,-129.4082103858115,82.24278153887563,153.414834330218,47.96403823179782,-125.3661326187863,-106.3517587557275,15.68340337848787,43.29327812558383,-0.7862920401307054,-79.55506865537342,-29.49013718983175,47.004061933935,36.65199980166015,13.97193298925981,13.92715599365632,90.33535492057609,-3.362219007177078,-109.5031085941371,-63.16935774638193,13.74956572256269,112.0239713349203,90.08459152868228,33.16015190006483,-71.33673072214333,-44.09764811901158,58.79544300242404,32.44037855042573,-85.36171490905345,-62.80624174001132,-44.44201680857009,23.57763726730955,69.47550494533355,116.4208910750345,-74.94366120220914,-114.8505595110959,-46.03574162805342,85.0862373576869,108.2655521693412,-7.17857826597832,-147.5080275894091,-94.84384535692639,74.87045454458112,143.2349980455358,15.263170139802,-133.165282475468,-103.9325901767261,78.67512520164287,212.8636732686735,124.3668153913785,-136.604651323776,-238.4033309921154,-43.13470767782412,158.8564752593589,122.7778987624992,-78.08316281472985,-150.5069732688788,-65.18301057198772,64.90727236551537,140.9805484446305,32.04689500040296,-119.9860349779615,-60.32708582311665,67.25895332443896,80.09743099113928,15.3361668135694,-53.1748732325479,-132.2392783625341,-5.210492625721154,86.65915572034568,90.96935434938743,40.57053215213603,19.10199248691089,-38.15674999842197,-20.2845621666234,0.3648705967601779,-16.59059328643593
7.09406695460769,5.658234440647965,48.58592105863488,63.38117750334101,-83.47657829545429,-63.09584658875658,21.98615930530403,78.18884492296382,125.8428090355471,-52.44753217131912,-184.7444383922975,-159.3732129181076,114.0495481002241,239.069278842369,55.78854581694296,-149.0028545276965,-169.0982377985616,23.59961493788897,168.6721490959413,103.7298368033031,-108.2187571448553,-142.24659423837,-16.84133870305979,56.32637398437507,24.63678782702814,-61.93221903951255,-43.48114053907585,25.80727118170137,25.21533235682628,5.676728015111997,6.090023049210719,88.23207077858584,47.35758100044881,-82.52397547297399,-97.38796220303951,-29.82326147190383,89.62395342327406,135.0884127119004,81.78518306410952,-45.88494075760592,-81.62193596264899,19.76556204171194,72.96143588308674,-24.89710725130272,-43.17676522489624,-85.95854702466275,-26.44413792010189,41.90079329217257,148.4161245665815,-16.55357143830889,-110.2860962967604,-119.6100054800063,34.40822244326745,116.1009555058032,74.30600323908331,-100.4564107715506,-143.7744753503,-18.40324654943126,123.1672490082085,81.41526530388214,-65.03353529660254,-126.5900970815336,-3.831479025747062,163.5102851267993,168.1711301063814,-40.75078257168664,-223.3135960118417,-116.0656290471164,97.53449643284419,135.1308102313982,-18.27212609424161,-127.4177003307095,-77.940142275534,31.47137866957544,144.3555173481212,76.6847643224267,-81.81098439933072,-74.41803452186986,33.74937503677915,60.77729452910898,51.16220747580925,-12.29499667560161,-117.057009611186,-74.56998750587192,35.67309644431522,114.4796252809252,81.76873944054067,25.08450211790935,-42.87478198889151,-51.05908383390054,11.87531266968178,-11.7021159669847
-33.34354985636186,-6.707594427522038,69.53787069395341,101.0161990516216,-90.59508791269528,-109.6364974885485,-1.105110726443751,105.6660781394143,161.2826436686708,-7.031299778324444,-201.6111623064564,-217.4750654975661,55.98841609089246,248.7356316613684,120.8501383297174,-100.5023384115111,-195.1666210456672,-48.51498735266358,157.4823605982899,158.6783037456997,-62.15912449102336,-164.7019964239833,-62.6336839932321,56.77747446629258,49.276390267524,-34.09906523570092,-53.18677037553008,-2.756814324453217,2.984257864801869,-6.778665781736676,0.5626900252234798,72.69955308919391,87.08188106484243,-46.3390939879751,-111.5196564545013,-66.10648445432014,53.35359403045371,159.6662635571807,120.8220295843403,-2.737912596744372,-97.20674562477127,-31.62202238087217,81.21615557832807,45.10465257501438,5.387011326324493,-101.2868594018513,-81.32105254576039,-14.35470232539511,147.2356465533001,47.79530668955457,-69.2003949254707,-157.1587209244231,-34.2792052171862,88.11599306546844,136.931798770975,-22.81015507003869,-159.5918405864945,-109.384759992616,67.63943451454382,118.923582283355,15.03636946899848,-110.1789211662684,-66.57618392967343,92.29177252233437,173.7687887602917,44.0309804804998,-171.3464060376764,-154.0736759338919,31.35292892207129,118.8887952055991,26.68948230443579,-83.16743437696451,-69.6862876908594,-4.841176066291794,126.5674208637245,98.20826241292892,-31.97590636801545,-68.70888792812751,-2.009966584925847,26.45604025302612,76.9395569403103,28.17987982309058,-74.42238226684222,-126.0670628619647,-33.58516137348758,107.1127019419196,116.8032971665472,45.74861488123091,-35.82094997374789,-81.8306597631419,15.32740286947074,-0.9431859486274704
-63.95586519314656,-36.50530865545817,74.21203134340136,138.5652446325589,-66.5920920139376,-153.1829014793843,-47.93403477314412,113.6511096502479,190.2114546811537,55.27840884387813,-188.2930361822359,-264.4953988426607,-20.79421784544479,230.6138077903267,186.6670474501982,-36.93049646746567,-201.8957809629126,-122.4872633221495,117.2850960804768,199.5257586307409,6.355866411634202,-163.1545824943999,-110.8932265511563,40.56661199633585,64.5496507046086,0.8694590450472927,-51.40373807457608,-32.05174759167568,-27.16995612372064,-22.96821980925785,0.3905192374712093,52.29217882618758,109.6645337774187,-11.55184151721682,-107.6013187893908,-89.37603427452946,12.73572550662583,160.3515711560381,143.3505152669858,47.08093598186765,-87.68037498113507,-80.69366255796042,54.16960079986347,104.9468721274501,70.76585032637264,-85.21193550820352,-126.247079695306,-85.01319239513424,114.2286819794943,103.753560058567,-2.359241220395436,-148.4158836832564,-101.7694019770399,30.16765877300481,163.9880967253847,67.2706549416413,-135.821904076819,-173.4021820943271,-9.238791974230264,115.8852893319909,84.89915823455979,-60.63013732628705,-94.92917012944764,18.22480430618897,144.2673297150762,97.10105511053438,-97.3175140757476,-149.5513622218045,-23.19449536260469,80.25086013202116,47.6961256936314,-28.75155964045742,-42.14459639923113,-35.32946756310453,92.11122579203047,93.79177734925554,18.3364398745601,-44.10913253633925,-32.18358763029579,-16.10308236784678,85.7998183081735,60.42023859743292,-13.81446611863989,-147.3127215813672,-106.6439188791393,64.3887761332503,135.7025453025719,79.20555751790907,-16.48896441472009,-107.6289493194955,9.148664508866775,13.82430850788993
-77.08035152847363,-72.06035185121061,61.70941587299297,164.141060799304,-16.19480396161358,-181.705923440705,-106.8091668154806,95.96891322227786,204.0730473168984,121.9801345965065,-142.8710166563693,-287.3229836242439,-103.3352667104347,182.752124198023,239.8735562841269,33.63334520194375,-186.3407636649935,-185.2430787657464,51.91666434312467,213.7219917300878,84.21887063074699,-132.176066548749,-147.8762787927018,8.724864757672766,62.61519084511725,36.38160178327031,-33.48149353489319,-52.69665675812342,-58.96533736625482,-42.06801694759718,5.278156267792452,35.6628795396703,114.9629456012292,14.32628719734954,-91.93631836776899,-98.85482115791348,-23.655377702608,139.2016062497378,147.6807099129956,91.81645545605537,-56.88645199455909,-113.5919807158971,-1.467787823605501,138.1106268079818,135.8905052719236,-41.08842762490628,-148.9458886855421,-152.2604869664144,58.94196192387892,139.5346628494994,73.52641674595202,-96.55397930112456,-149.6769277716831,-43.64481807708049,148.6438054371455,147.6938561580222,-77.10975392900203,-193.0200446281656,-86.74436630355551,71.91961540708679,125.2674403821321,6.575401010231652,-84.47410969677594,-39.76144744385901,91.63956337605872,107.3996273826267,-22.05768081512482,-106.3109508674973,-52.48183990253418,31.07774248679943,41.41408501799982,21.99994426225998,-2.415412613900024,-52.36679620559169,49.20006183365039,67.32517549964696,58.10079147658634,-6.477800152833638,-49.66908976891343,-57.70670297190163,73.9498073055223,77.82769270644101,50.96711239107672,-132.7143502229372,-167.322482123386,-9.448718712480433,131.3344755883573,119.7562096666722,13.88386211203452,-124.7532881953599,-6.526999972550982,29.32181580898957
-71.99803834150264,-101.2895182774318,36.83807128250817,170.3504600769058,49.11168660912479,-187.1546823129295,-162.6766857635289,53.86369819286433,197.8620329944785,178.5652594029909,-71.97404800345066,-277.8398491553674,-176.1488001200307,110.046782693819,267.9263453119461,101.1200521428969,-149.2732401903249,-225.1866381041106,-28.45592295062506,193.1700223900089,154.7445709763574,-73.68219033687473,-160.7878562536208,-32.10025752254047,39.27067333854239,63.56488759391485,0.1442096677307451,-55.52028958031098,-83.83759897571471,-62.3927181380141,11.69028271765823,28.28531143771054,107.8325431149519,29.13316567600589,-72.12392010315894,-98.14202222365734,-50.65597590664927,102.5357494101655,137.2387187287801,122.3513201771642,-14.2569303980741,-121.3111607901682,-71.24273597042686,136.0332603113984,183.6802600482955,20.29732720305301,-142.8361592417694,-199.9374921427642,-4.128126741219613,148.9112146874787,140.6261090117053,-16.8972285206312,-165.9694295501561,-115.0500367792704,96.11797846536271,198.9211317583277,1.924503121021658,-163.5167823811834,-143.6976581676233,-1.38298763802279,125.6163247401112,71.11834301429975,-42.07233025542899,-68.22224645605996,33.08064445680654,76.5811510884788,33.56438030338883,-38.64874850453217,-49.70551293839834,-14.17676182172479,11.01746496742767,55.98855581616097,38.9577158914386,-51.38319757162443,7.831310583558785,28.19955232833386,79.21354424893465,34.63907084017338,-50.29548334665381,-88.75578172644246,42.21031001658395,76.50990820471928,104.9678029297694,-85.04910291953671,-201.7307057122849,-101.7323580012787,101.43222979077,158.8681423919833,52.30725309199988,-131.3416134363263,-29.89157328600429,41.68927430949839
-54.48989654201196,-115.8971194080182,7.908761089799527,156.2178922645687,114.4999758464567,-167.4046634024043,-201.4140968257297,-4.35089540790653,171.5576826582274,212.4850177490356,10.83583587898989,-235.3503435682839,-225.1203915377798,23.70041606240527,262.623519202309,155.1510882578557,-95.3749105646645,-234.9303683037876,-109.1183551644928,137.169573538522,201.8540795764652,2.82038995573189,-141.7321845195619,-70.94736099321534,-3.922827946289101,73.5976175508645,42.9670931834836,-34.96118694356858,-93.00596025557871,-81.09254182905242,14.29747101227685,30.49398548268956,95.52163193731842,36.1323098642513,-53.96951174884526,-93.12311291395508,-67.52482766568555,58.539723954655,118.758573895814,134.6188466820988,28.37013001558305,-102.2120409157249,-137.2683932729928,100.3122859323157,201.9172025559206,84.00601407713654,-108.5532432759687,-218.089747006727,-60.1257402528237,132.5815973328179,184.9578000207671,68.14106693397393,-148.3930353320646,-166.98927014235,22.05282387299165,209.7233329477139,81.0142016546508,-94.45775137979686,-164.9007648849466,-83.75823500377652,87.39333981915597,114.0377678179747,16.50974385067373,-62.84619130959686,-14.00256991738361,18.26985711785248,54.65423635936319,32.69995255511604,-16.93901518925253,-42.25236373203293,-34.67882892965553,64.20313742872433,70.81936127924843,-32.15554424906323,-22.58440662115787,-11.37212791530099,78.48435729063966,68.3973290960712,-34.35103915030693,-101.605261325604,-3.620483988078407,56.35138063478754,135.6567564421285,-14.930457862857,-201.8749840899678,-194.1586854218674,49.51121983309326,187.1456902256431,94.30811776413688,-127.5255900431907,-57.89066459214094,47.46818962178057
-34.23174873729825,-113.9973524985144,-16.45568870976977,127.0098939803017,165.906009188065,-126.5687830109615,-213.743913770199,-65.7340257062619,130.1441237632737,216.5525671324363,88.64018714932894,-166.9958247780351,-241.0971830387995,-61.06470898833803,222.7023146490415,186.9809848891355,-32.55234524781671,-213.0799410408305,-173.9940066833792,53.584639130121,214.227352581581,82.15637615812113,-90.50361041418142,-95.40613508977194,-59.11406959755232,60.50913559785518,83.53674496300793,8.256184849623713,-79.97350082094786,-94.24719473072065,8.250766218892418,37.53886001285759,84.49728701581505,41.94200137881945,-39.44756797767123,-89.18248644983852,-77.20357307366847,14.63676487580017,99.42612195379184,130.284097300161,60.63198372661163,-62.20876616743856,-183.4515568671551,41.69609411613829,186.5438656258997,135.3001162834005,-53.43248701937731,-205.4715766381807,-98.26761357220725,97.50931807874272,199.9793620706901,136.2035061227833,-104.6962922564028,-188.6163178175245,-52.41964876510554,180.3492654726891,140.3741596613214,-6.797931552202471,-145.7996454746936,-152.3174256426181,23.51075202557604,123.4625128920058,71.59749671756705,-29.30992149500927,-36.86097231088605,-46.27077512690713,36.53731859042544,86.48548494562813,35.33240767599523,-44.54175082299366,-83.38495484700907,43.99518303978784,84.28609527053025,0.9013197431102052,-35.48235036739106,-39.71901343760027,58.32380019293424,85.54999408611093,-6.858021052752915,-92.64404967558572,-53.84312887723282,21.35141517249797,136.0274965805138,61.75831796283585,-167.8361624126006,-267.3889947147767,-15.66523585435083,196.7943865908054,134.5282568033898,-115.1418533985226,-86.92118469596063,44.41938126174152
-21.0178675228251,-100.3541739323809,-30.37076010863143,92.15163124260641,193.6563419430096,-73.63999078180453,-197.6368460784983,-116.4970240900659,82.23337139041875,190.8304808741784,145.6575686783379,-86.05409602525739,-222.190543251973,-128.4939800585057,154.694604238356,191.311932901426,29.52254133123799,-164.5829300503835,-209.4727598723085,-42.30275627393464,188.2790956307974,147.1376397638795,-15.30554942020278,-95.26696966538711,-113.5961739662657,23.56711533028815,108.5514903350627,66.20727087697527,-42.76601140014321,-97.48552238950195,-8.55304705887786,41.62629821557018,77.89068434219958,53.14222045263303,-26.46497418933047,-88.79447719431873,-84.18324859753149,-24.43324127887049,84.00806160236921,115.503634861925,76.90360594398679,-12.59029069257141,-199.9690533492625,-23.70007768125813,142.4076048504184,163.6987424952312,10.81146175364721,-169.2791843916621,-114.7060250462009,54.4748563171704,187.7522944868244,171.8604097628463,-49.63839890530609,-178.3252672060804,-107.3202818367505,122.1050125077407,166.6420344945336,73.59667250840788,-93.86112718370121,-188.4555420439856,-45.71323600327329,98.09269326581304,105.6245601011244,18.82163596415628,-30.72710304172635,-94.65828990274048,-14.00348502008895,106.9591524790963,91.06232325383948,-19.29862990630964,-122.2053868872284,-0.2709231018946341,74.89932169787234,39.53264408890033,-28.76550614566221,-48.81374445024144,25.96127670810266,81.04098893274885,23.61939072658126,-63.48675746905686,-97.19377310266455,-20.97938117561403,106.4012364291265,127.8218740070898,-107.8416246099037,-306.1747630037581,-82.02629229985914,183.8656759280096,167.6007002302644,-97.07541457566688,-113.5891931494486,31.94351286042997
-21.14731801123972,-84.27060523863317,-32.5877273916886,62.00833390414714,194.6628330342774,-19.89752254369815,-158.5513161680343,-145.9712175786352,37.7005315462314,142.5089246358851,171.3629066784095,-8.618068856830574,-174.1843164664955,-166.0907360339576,71.70095764865157,167.5630984084542,81.32755458273289,-99.53752844007779,-207.8766228639185,-131.1230807112788,129.1421583411193,182.9798122317595,68.91479927054259,-65.86389298372283,-152.9461449959698,-31.60802410233941,107.0573396763872,125.1452556221827,14.78829862548131,-87.07670012923742,-34.08294494605426,35.19885287346333,74.48363442751165,72.88072181732876,-10.46895958251728,-90.42835689612325,-91.86700186130781,-57.19562655742929,73.02838407327613,98.2375958324547,77.8201052013833,33.7695394933455,-185.606527216597,-79.6098880615627,81.32155159132701,165.5047859285147,71.43916821959751,-122.294520629986,-112.9704052720173,14.63821320545862,157.4276887082581,170.9895637464768,0.1545616689396245,-143.8585071847138,-130.006171036049,53.52615830882781,156.7166030893001,123.9493351430308,-26.20583032950173,-183.4414056542548,-98.87090590161044,47.38172714477583,108.3047754016587,64.41048529093148,0.2862422059466236,-110.0721105868147,-80.81439136787893,88.19988283503696,133.0470660468033,27.95801053970179,-140.5093630206806,-58.29520112072177,43.54715894266857,73.3926266151645,-5.397541741189066,-36.27395903788276,-8.569124877602716,55.53680374510483,47.37471408884691,-20.85895176090253,-123.8364821222747,-61.15618365723454,54.4122849244279,169.0549762535366,-36.13878847413979,-303.4930918532655,-137.087482776486,149.5754423008158,189.1452911117096,-76.41246932207754,-135.3072289326281,11.02837759098438
-35.19053759359019,-75.95443791200395,-26.67036514274861,44.60514347446416,172.696520400828,24.16347046197648,-107.5171496480941,-149.5766247131612,5.007787511077665,83.86018828834418,163.0800540286155,50.41618984747971,-108.9760416366233,-167.7041546241582,-9.656618495416939,120.2475889850514,115.4089825750179,-30.77532086264361,-169.5876202697103,-194.1318219029693,49.40018815123008,181.243923791726,144.1164586202997,-10.03903045542318,-165.031783577805,-93.74113712131634,74.41736478285708,168.965288139729,83.22874164274501,-61.23616647156777,-62.24758331228126,14.2458602222084,69.56638519758474,98.81866427597029,12.77905249721057,-89.211052978615,-100.5207106726068,-84.59453437060246,62.69746598211668,85.09466178356038,69.53898954834027,66.52490604010474,-147.3145464534506,-114.4960597909619,18.17819610040582,144.1230678393823,118.0333133646864,-78.45367628406416,-101.9662079037946,-13.79514760919701,121.668221004917,141.3230105725144,31.71815747268337,-99.49879719685099,-118.8856298626386,-5.563488875207725,118.2886052021321,131.540541671041,35.75736282510388,-140.9373885362575,-120.0454337171784,-11.5775077257009,79.42959967119791,91.90698278304059,44.83354060524744,-86.08667112596849,-143.1051787130552,35.52819557550008,147.6207567364017,85.89443277830867,-132.1749780031074,-116.3187732181399,-3.954930127203577,92.40052254201507,27.20613609943216,-5.767597724242405,-35.11129779142298,15.41454893853151,56.4852220723262,24.90473806024353,-128.1419210898072,-89.91621731952978,-6.883509455814104,177.7273368913524,30.77895878818141,-262.4292615576097,-171.0443529948789,100.23436811506,196.6475231005523,-55.64253313832592,-150.5775840167688,-16.18543672512844
-57.83538558732375,-82.67038684718447,-19.49209087598173,43.30108677946917,136.8171859707061,51.51663780616862,-57.71055342832152,-129.9256762493151,-11.03381499497441,28.890183992178,126.3640501977208,80.96174178097431,-41.51419548720025,-135.079308136828,-73.30515859098291,58.27755528131925,127.8407481490694,29.14154276008415,-103.1851040695022,-218.0355283214145,-34.06631050093992,142.167042002782,193.7961583034299,61.97935618892361,-143.7016806389018,-148.4137832946687,14.66661024029793,183.8231014589306,149.1995468859668,-21.24000392155437,-84.51392687040943,-19.59801865333604,57.29374462909676,123.2828452896448,44.41417635543566,-79.12126118859761,-106.6884419424904,-108.1953573848568,46.66827250858617,78.8552649126074,61.02180689870252,80.91430468487196,-97.27732099232483,-124.5184563753442,-33.55476563145072,108.2355462176469,144.8675322628448,-48.33298642080417,-92.32456633783295,-27.77591911968549,92.2577749087105,99.12818009637103,39.80502938228815,-61.29228279062726,-83.48915244229323,-40.15158086806283,66.96418648382526,97.43438351819317,72.98902698782445,-75.68387662152125,-103.6073224019893,-59.43231190757005,28.55390011533896,91.80836097703354,87.90598257536681,-28.28892914661372,-181.4009075711961,-36.30963896645421,128.3313203536353,140.2356367527539,-96.78335740304553,-160.3584907670958,-58.37369759848228,89.21059956900008,58.89770912746963,34.21281894668727,-46.01435845155875,-28.84099517964848,47.36003122051175,62.43391316562726,-110.3836518381598,-100.5621834936531,-62.33015115840577,154.3071137694713,78.53947482739393,-195.2085246576019,-179.2170279709474,45.74071949026526,189.9802102302425,-36.1455136567002,-158.9280199905271,-47.01278666150587
-79.7833375734664,-106.0094675758479,-18.65500062956089,56.05984556199059,98.53103893446101,60.18534553395234,-20.5915526579824,-95.77425985144683,-10.45141235811267,-10.35273706411226,73.14119651751886,80.01022847321055,13.91770289127279,-77.4372672348847,-107.702779127047,-6.744220479321668,118.8747999217615,70.72497477252287,-23.46969978190135,-198.5592007041191,-104.2484240494294,74.68734751845712,207.2898418415363,134.8846610482235,-90.98995389219928,-181.7959272923198,-59.7064259406264,162.5083693424818,198.430018010784,28.0890999256865,-92.59823765831196,-58.99868775852659,33.60512133928715,135.6869416469566,80.85219019966109,-55.88477396044965,-104.3872717753731,-128.2860736229931,19.00828669379651,77.57343719461082,60.32939685915,78.76567741362101,-48.60204237013174,-113.7362831338222,-65.49780867246315,68.58748489777986,151.6998546137459,-36.01938353704849,-92.41698437611217,-29.84524422120428,76.35569720469366,63.27493342364002,28.1540314681058,-41.86911858689427,-40.9400603585656,-44.34327213980523,20.99749611418761,35.81894528912947,74.66134945594014,-8.806326987795645,-55.77473336081872,-80.51212905799844,-28.18880758705584,63.16355231716209,115.1934266876929,47.65815319954629,-182.9805778026991,-107.5419868536366,77.61692105220706,177.2933970364074,-39.59867744785812,-179.4229946232719,-109.1769300950184,61.23685336848862,79.27372911579859,72.79772724924116,-38.02231282832199,-65.41659853467385,22.06917679074015,82.31304580924844,-76.76743056131421,-90.81899875579633,-98.56632752591173,106.9738383425991,98.59993708397865,-119.6517773878411,-163.1505299417114,-2.964207763502435,171.4073392446377,-18.11808661616848,-160.5934821729091,-78.77358311681154
-90.98140129474154,-141.176897156676,-29.75816733516347,76.41405850704267,68.5436592553399,53.34247667300344,-2.761873992776158,-59.1864926970958,2.066824933510462,-26.79364600297207,18.21268080734884,52.01369877760816,47.07926253099909,-9.179591760890808,-108.6286748332183,-62.9313434893801,92.64120615053778,89.45937873199435,52.15833239020338,-141.6902035048479,-148.0669841693713,-5.873606319703467,182.5164084620367,192.2143740335365,-17.06111221199253,-184.5509820598527,-130.7219005214848,107.1413431366949,219.2450484657045,78.83958307150891,-81.34518990508053,-93.02644598069328,-1.443189343186358,126.431825988959,114.1158784832783,-19.4312235519541,-87.6888479118561,-142.7607713161952,-22.7150324712558,75.58260026051707,71.29340856548032,67.1822163785225,-11.14531342210047,-91.67779427633586,-76.08638888677383,34.53538683104735,142.9289826997041,-38.31962788014651,-105.4049985495271,-26.75351610833332,74.57055284272685,48.76399808687754,7.641067648770744,-46.52336490975168,-10.05520997386207,-22.57164630628445,-4.599004150676751,-30.7588188771091,41.36105565450681,38.7404958366242,7.474583979718251,-67.51001641935206,-73.05404170329427,13.5250844333189,116.9770571992374,120.7680399212543,-145.2927447098181,-158.9906909667219,6.091720702043367,187.2638321112952,29.58328582852978,-167.9852192979668,-146.7236210962198,11.7159791489374,80.35264766612987,99.69699533773041,-12.96589881986861,-84.36055691070773,-12.04172336171831,79.66544005392029,-37.70175195025765,-63.62727079400477,-107.4494485774474,49.10071248521716,90.22538890710818,-54.1289083274265,-130.0440857514185,-36.74092281356423,145.0523053955323,-0.9525105498440531,-156.1224794292718,-109.1194947597065
-84.06114114952163,-178.4841984981129,-54.43814253073015,95.68896530556256,54.00650137323922,37.98463220789895,-4.435936446811609,-31.80950630261649,18.64655889304139,-19.88106529484085,-24.83320373476197,7.361359726975525,53.95639970841396,53.68399763412927,-80.0083849417998,-100.6958598180549,55.9993006933161,86.35327077856358,108.0200875539193,-62.17413586899352,-159.2614312079164,-81.82986892935065,126.386897374027,220.7931469955417,62.2162507758306,-154.7182710112038,-179.8776979348486,29.2050662157219,205.6797378967352,121.4708045421755,-50.7926074442994,-110.7525684262546,-42.87819786054001,90.90254176689804,134.1397248168992,25.11605755815931,-53.70891792877882,-147.3450727030824,-75.44244398356356,66.02748976798038,91.8065701393695,55.45220136671403,11.13288959482853,-69.30896660387285,-69.97608042633763,11.49213661836098,125.5627443546885,-46.45109996947526,-128.2800859987691,-26.79599466132536,81.37023136102489,61.88823821469411,-7.950220267239442,-71.76332789947367,-5.059288697560063,12.53064757983237,-2.65352176940692,-78.67290686168315,-15.30346822279637,52.52410369486367,65.41168270621509,-23.53100739208788,-91.88805028464832,-43.47232600874626,90.53600350211404,170.7737671250208,-76.48217445262617,-177.2667651482419,-70.28541076587435,166.5191424193158,98.4437762843785,-127.1890972178813,-164.0791020220569,-50.54531376802773,58.80212905556583,107.8623583659932,22.87200818230615,-80.28652970159841,-44.41865664745488,55.57168702426461,-4.769522166394761,-26.54457882277741,-88.06613660969226,-4.536826071769891,60.18343228595816,-12.54697806396715,-90.66218848808172,-50.55257883808714,115.9710410999613,16.07785513763202,-146.0971149862457,-136.0996680692633
-56.83814626789343,-206.4832581937817,-89.79133064579474,105.7035808298387,56.94090036510278,22.63388586128564,-19.8937171983215,-21.40174327292936,30.57833758252815,4.683482451552112,-47.13293271420801,-40.56023513241094,37.24902495334814,97.44340930084235,-32.55983926250914,-114.8856976482994,16.85257344582088,67.08129901198824,134.0114769461641,20.37281202311189,-139.4053889831313,-137.7134501756529,52.78343274017114,214.3981231646436,129.4462893255135,-98.60722361779206,-193.665225957792,-53.27433523015672,159.3095553559986,147.0097006612916,-6.648198394776268,-105.1100500249575,-81.92841087106248,32.06907086713631,132.3102178901575,68.43739322173676,-4.791714676421882,-137.1637410344669,-130.5928877944946,43.967866118095,114.3979403366052,51.33673405706897,20.49819944717878,-54.92945047560598,-55.54044792388579,0.005039425635901489,106.7675260810077,-49.52757017745392,-153.1229931550496,-36.78156333082656,87.54692050483831,98.55686710239557,-7.011949184910854,-106.7109220585233,-30.97071897820601,44.74469426157267,24.27743886874801,-90.65465025948122,-76.49076728588904,28.83193981367478,98.88049527325752,39.01199360892735,-78.05200727604289,-92.06707741988635,40.56079594066588,183.6616787751838,6.987294337175666,-158.1235614466005,-134.3370361315231,118.4016866076023,154.6105968055852,-64.56195922662195,-158.180164218549,-112.8212241413485,17.11773931833705,95.18315618803879,60.49979893196105,-53.82493656644402,-64.47134321446566,16.86206603621372,12.70714695244526,10.18996994378934,-46.76279835493971,-41.71836029693048,20.29538528449357,-0.883159789042791,-56.32698683024889,-44.54177853055278,89.08793320737382,33.09317533003929,-131.0876942718216,-158.0549119127292
-13.08877663003984,-215.6532266641753,-129.2909773326666,101.0978820690485,74.14780814788195,14.77062746533829,-39.67142254171718,-29.65360144769435,30.88695102495014,36.87738531152607,-46.53287217809353,-78.88585566416479,5.134657918986105,113.9049756084782,19.33296480471683,-105.9172009711442,-17.63655910105329,40.03291226182547,127.9330167772254,86.66830736726068,-96.87940502353234,-164.1199319246871,-21.28314789691015,175.5381262813696,170.443932000729,-29.29964441329523,-167.8885548410748,-120.6763449280388,89.20619409328987,149.4320292196286,41.08514220697614,-75.64730428130878,-108.7336892789111,-39.37488694233421,104.9661311770357,99.79004974228951,51.09883534748742,-109.071011823183,-176.1825734590322,8.864652247161128,128.9272886416303,58.0843881331386,23.51516191423816,-51.45907544990659,-41.48444813632038,-3.419902537705937,91.80496350303007,-38.58731108969668,-170.0375995174847,-59.62127897302464,83.79129307740875,146.1795550097245,15.71720578057806,-136.8011969047118,-82.10540866734004,59.74472017319963,65.21241003975635,-61.04174048559948,-122.0467024619939,-24.50524257058915,95.98664204982271,102.2035058104102,-34.04068057642934,-118.6657556460883,-22.34131900581989,155.1778288316429,84.8314904086177,-107.1639894375567,-171.9746070339729,52.3988798091442,188.1353407549185,7.677027348722349,-130.249402026307,-161.2613679651093,-36.63686212260244,64.83873244156412,90.58225065303482,-11.41137583688617,-64.89130590610995,-25.72224693229444,10.45235646117503,36.46006598661783,4.81703006649285,-55.77462702747824,-16.36065242534229,-16.26148911989834,-35.86631451787316,-23.58931221773685,68.28561237457831,49.14329338833169,-111.8439917668964,-173.5040080168976
