-187.183027036366,64.12060565775626,128.9882190851235,-27.74207167562852,-55.59940227908906,25.89944969951181,26.73091388493458,30.30330097907143,-30.46069172846731,-127.9782253328369,-1.033726448044111,56.16908461204378,55.96658296230932,-22.73017841960243,-115.9980648483781,-83.47344206790399,21.57150270224463,126.8408008855519,74.58063007678055,-61.59117697333988,-26.13404077620192,58.00704481354702,7.444547705072978,-34.84747941407149,55.09142817272033,86.8813055607534,-86.81584524084759,-122.1584991529358,0.0841614241816226,54.81583705847799,66.33783114615846,40.53721747768081,-11.21516079592556,-75.65325037277819,-57.37229602006288,4.939647518393245,87.81836505078921,16.81857381828637,-36.60271710435036,-69.82655595129633,-6.591057921815077,90.55725550413338,80.2477100269778,14.12860826226629,-39.77453040114718,-53.70940665917351,-64.57534245438343,31.74862954918447,157.4589781668831,16.63818979958444,-69.59366353130763,-26.47258666700344,44.31567222024064,39.25028790391719,49.13011022308734,74.80939386369158,74.13417003205019,-54.0808558655891,-32.12799911924409,21.83406379932196,19.70984379908436,12.41364380145467,-43.55070291997107,25.24249918868465,50.06113272293865,-13.53064232121317,-72.07846068820791,-52.89151163080043,55.59890951738216,41.97117035200773,-8.05544670908407,-77.94286425147226,-133.3811919584136,16.31791017282945,137.9049397727107,173.8594264753809,-49.9736185851921,-246.9058118840451,-90.74977760750836,195.9211044539578,274.4493678341454,11.30969122101836,-201.1078858909629,-139.7989814629517,62.50112115152133,180.5524731260753,157.8785203421696,3.341601836139688,-157.8970740220857,-84.17714386252756,-59.16252502859945,113.5746078819305
-176.8889761737455,14.09870920032521,92.278319402073,-35.23028759000929,-68.02501916351132,28.50867933886388,52.52212055271054,34.53746424422648,-32.19876725081501,-143.9422939352515,-12.41629470697798,64.98114579715734,70.28448324805898,-6.002478021188931,-110.4378834605001,-112.3226098039371,2.951766002678974,133.4460839849563,99.26972162476365,-64.19681851860835,-50.798776231747,41.7687659503027,37.7718342052946,-35.646936600763,23.61399198442663,84.93319398457488,-33.85772360765634,-100.4622247563103,-6.691705084961652,34.52885595147466,45.24241379848731,61.11734448385826,46.16556200713283,-30.21724237170841,-72.58576206707289,-44.69912868610674,68.05558559061618,43.90898346730793,24.76381729062602,-42.83957904714971,-46.0676604574364,47.22492373390148,76.41182112592975,48.79053386058838,-2.072353041039647,-54.33960645168604,-107.6318439848606,-20.68679969865982,159.8881751884657,74.96006108599269,-78.2021143059718,-66.73540826791846,34.21751444957823,47.91137857225134,41.91902821844948,64.22508579659684,81.93402037093875,-14.55803457118019,-20.31095880605366,5.952548726149121,5.117096259965042,-1.583783407126214,-35.25493271682015,27.42681053111523,51.48195285541695,-34.35452034797961,-95.5048070736549,-67.03024252031507,55.49023023373068,55.19375944944819,9.572076036620818,-74.60810689050867,-132.103215025816,7.718274930496205,140.7516518220035,189.2276863918265,-11.05000024029792,-227.5566441109944,-138.6433650323568,141.5091829586688,280.4051249098679,70.39647218775237,-176.0318214368787,-177.1473884526388,3.750524112001678,166.1893515709047,189.8990941409525,66.20544382668515,-138.6854855444799,-106.4266305963453,-92.06982614656826,107.0419681396558
-131.6871175148812,-18.95122215398773,52.71391198333413,-45.68306579417894,-84.32775571585233,23.27200426092513,78.93462018608474,51.12361892130446,-22.78076634709615,-150.317807860048,-36.06407298218063,64.15899512679637,79.94841810422044,15.295986549995,-92.06640952627077,-131.0777820937152,-19.39218140693422,128.9241525314571,116.6041896624391,-56.80887978634619,-75.98464291447262,10.65699173014885,56.75364725323026,-24.29437100431064,-1.748751640255981,60.21460228818867,4.191985152985575,-62.16503770529192,0.8742168504578001,22.51150501668423,10.79372261037004,55.23918256346365,94.35725919283585,29.50233420932088,-60.27109004174498,-87.70396816408945,23.35356130904317,51.34291144279316,72.91471128899965,-6.856958079033987,-54.55726149436779,3.36068867040692,49.64509725786922,61.65601297412828,46.20316518489637,-26.3408960889106,-130.1271032994171,-73.56197629183521,128.9652220322664,115.3650335502301,-66.6462045068416,-90.25814185728416,15.19515285726834,49.06359281825236,30.91071654463115,50.90709432260086,74.31791927486752,18.78677043757608,-2.659135838282021,-2.759165636848659,-8.345911842620184,-28.73395297518675,-37.16268267713105,33.21734519179904,63.92917057164718,-36.26803039682362,-112.3934985122961,-93.08003934275284,46.92704837482676,72.74596232586363,34.32423211265737,-65.35309315931663,-126.1561480574716,-5.196663094745914,138.4867493162653,191.3502615818182,22.24627413838404,-187.9725910595198,-162.5751151163446,74.14233167413809,255.378794326005,119.5197994511678,-130.2201243526348,-197.4074798320767,-61.94686709476017,126.8133317840363,200.3756521067081,129.6710258755439,-86.22380143862821,-107.5907892195694,-131.7086118114598,71.08397667664462
-65.14227388043848,-27.74921028358019,18.50184736984042,-57.16430797251361,-100.7145842157834,11.74553484167619,99.38621179693504,73.83099524847471,-4.02302705416894,-142.1739610596019,-62.80387237108044,55.69364598122112,80.72508637455218,36.24996439548885,-65.56535558068359,-136.4286910116684,-41.98525658630816,115.8094053852822,124.626406077397,-41.46730185876997,-99.98167513930919,-28.51704698020174,61.17749000504783,-3.139978783314395,-13.30712208186725,18.79370433293583,16.2582514113375,-21.24151073576214,21.06012918242009,26.58468681823402,-26.11506962254671,20.97427218995795,117.0189681214972,90.87227537921757,-19.3039069458348,-110.5012029884098,-35.16619647804592,37.4263620664022,95.14695416817295,26.20957948694457,-31.71768133682103,-28.21825869676881,11.30234422849218,48.90738166207179,87.42147924907044,22.35130562466723,-123.2042133728312,-111.3871280817673,73.77745985005987,126.2072703999359,-40.97139373405564,-91.68851696140665,-6.107397899481601,44.55994032854484,19.09000447593283,35.85601296150606,54.57147682861513,39.62022824951797,16.03279385255558,-2.711518021241621,-15.52062058297937,-60.26863008310721,-51.15225424780395,36.51886012110496,81.25856651016453,-16.11623585900159,-112.9329587980808,-125.4311542821044,25.94393786185311,89.65806178187039,62.49347886768738,-50.36751545387104,-116.4563794768591,-20.43687854175992,131.1325372876659,180.2516523899731,40.28460069775922,-139.8447121300614,-157.8037610416619,10.8420220683536,207.0783409492756,146.9814791277666,-75.11885113610816,-195.6583455342853,-116.7151034143604,69.76077160834109,182.8539224610049,176.0943349114961,-12.06562219595635,-80.65531388298912,-162.3166473648474,10.30059724253219
4.689186501848305,-10.99687205182599,-3.268127142449456,-68.23004335774048,-115.1122570996467,-3.450608315234944,110.7458552084667,96.07213156149965,18.60907667032335,-120.7543647521067,-83.37123531400148,44.67604548781631,72.00140492804239,52.6325080921523,-37.30112576832684,-129.1237581698906,-62.4702081359876,98.37547450750432,124.6209100142366,-20.44326464379472,-121.3486860122451,-68.47349748977412,51.10084285305805,24.02745807112309,-6.657308755505686,-28.32288195854905,-0.4988876051578992,7.382516289464935,47.22198129290341,49.76899859271496,-53.090439719412,-35.57405134731652,102.5618292926225,139.2444179947146,44.30889916327965,-104.1729101340226,-93.01329375187679,6.059696926228937,86.63166997744189,46.25881707994822,13.51395990764366,-39.16447564873823,-24.62337163278862,14.87816963294629,106.5863069559421,76.98913857116705,-87.0015446092422,-122.7376670374037,10.17580041943674,105.3311224468238,-10.13764587675427,-72.21572216253814,-24.29195127681121,37.09331579506915,10.43434966327715,21.44064306021131,29.0980308578031,44.41593550289655,29.09992785883138,4.89107331079104,-12.37327677638709,-84.81651436542155,-75.73295859922651,30.93171959483719,94.48212647445975,23.04524990730962,-91.19518974126416,-154.3809964917045,-8.815727201271352,99.60066747587513,88.79054792898843,-30.07734564507476,-104.8765957204275,-36.59386744931937,119.6896287870271,160.1207040593837,38.6112336233771,-97.52917246378709,-128.7353343189509,-32.86042320648196,150.7770894169871,148.3082259475781,-25.17135661254984,-174.6380022878804,-145.5581639904095,8.631428412267237,139.5341705620152,191.5090608129968,64.10347657950993,-27.99008668034826,-169.4154862285823,-61.28510065285701
60.04695247970655,26.12268886416552,-7.794541559585278,-77.49008204361145,-127.5630180598224,-20.19346565186753,113.5130004263777,113.2900209181104,38.4488131802205,-92.94786458540652,-92.20529519316977,36.76596643352744,56.98874745796205,62.32070778460403,-13.21048776457181,-113.3174192315209,-80.18370104869679,80.94056474364979,120.1275482901475,4.627718079298605,-138.3413374364197,-103.3112475752834,29.18484225536896,52.63455278378328,18.16738494876336,-67.98077393321331,-40.00093716509171,12.22841930458384,69.56411199973101,89.03432674152954,-59.59964015020149,-101.3426894950141,47.9309366833885,161.4943592427302,118.6849759397905,-66.79047982693264,-136.1256668654918,-34.90731142502833,51.1481456799611,48.13152739319786,66.22837136408531,-27.86466274389627,-46.04916319856582,-29.71829621271297,96.12140449299292,120.6867896858825,-30.46273727776527,-103.6988021806429,-44.2397201538045,59.99720699888601,17.10153028053796,-38.40772386898226,-36.26843547874557,28.81366792698984,7.935352178581633,10.87391632863704,6.284638491162183,34.08481519085507,30.04473207020401,15.54185543389291,2.223335339383736,-91.61027695157063,-105.5050954669076,12.28146050803547,94.17967365867015,72.16201865603414,-47.12943919921621,-168.5030118661946,-54.87656604105699,96.25233483026429,107.259136478614,-5.199915585564303,-93.29830339178849,-53.11388413860868,105.3941821780595,137.8404088631298,19.99816630274833,-73.33510549428449,-87.81349811877182,-48.0460456547297,104.4553802123492,127.9610444041433,6.976186351903654,-143.670738234382,-141.4384708699773,-40.83440778575758,81.08800052635334,170.2180764933755,120.4516894923878,38.9404127131376,-144.8790003855506,-124.3387497135373
88.00184097922612,73.09573717137198,6.537489946236696,-83.11166380465046,-139.5332418003754,-37.87362897322701,110.5621121343357,124.1924049484452,50.47778617313831,-68.4297413116428,-89.52387359485211,35.53142838203264,41.4112418076225,65.81538611615085,3.022178302333024,-94.81368202012315,-95.91776961019343,66.29804804871581,115.1654609517142,33.0381563645228,-148.5385177676098,-129.644007325944,-0.4994383972758679,77.95293527338499,56.68783912480595,-88.30288741232491,-89.19565770501437,-11.33964099077265,77.96377594895054,135.8205738478929,-39.80548460075254,-159.3423765949512,-39.76137004101571,149.2975046744875,188.797108095648,-3.800219268455372,-154.2433793762559,-76.19684780544424,-0.9041025612258891,32.78987536192867,110.5398583598233,0.6241067565000307,-46.37977631023332,-71.46196006126381,58.07284511277316,139.6176374270171,31.57707856801876,-58.88714820573259,-75.42751172790018,3.775679498752047,34.68517936992997,0.3964737411674694,-41.19249339612381,20.54015474107271,11.85825030202132,6.934811939011615,-5.495802453443829,14.48053769827536,15.11890993596721,22.15188306169568,25.28155313354598,-73.91518767129148,-131.7374275974879,-19.14120745937258,73.37224152509674,117.9563591288316,12.99860644083653,-157.753524134942,-105.4164709290508,75.07856799667827,112.3043254622538,22.85782873355531,-82.62635587162421,-69.80772243548718,89.11956277206748,120.4651502286511,-6.09931625554051,-73.31585064828839,-51.58943556448116,-35.37237536885011,82.73070802095647,97.89150287089923,14.71563904349169,-115.235060709349,-107.7405898417608,-65.77251923892858,23.58828399388925,116.9163226184618,139.8795591685382,102.9523831954882,-89.91860087935737,-160.1712449118995
83.5413120621118,116.6755447013017,37.69345574510083,-82.66591354110638,-152.5037047472854,-57.41075783736804,105.1289711752921,130.4581859867492,53.43337254694962,-55.59768262243708,-80.91327605824904,40.74978501418692,31.18953923593778,65.70108627659239,10.89452521492485,-78.85305234931292,-110.9918642184678,54.85492937531139,112.3793415050674,64.64738966751116,-148.9397596222124,-146.7598682774481,-33.73599673297114,95.63866294087676,101.095192691987,-81.79351701285363,-131.9731160010344,-59.71553641265091,65.00831620939667,178.1845599505472,5.84643110957125,-192.8992141805388,-144.3158703521201,101.2874223307711,239.9245486426898,73.51007827415286,-143.0035426859985,-109.5969709292918,-56.31749191632699,6.255296508965778,134.5302954310788,36.78654872913889,-26.0146198165081,-98.46540327834369,3.138654179364889,127.0818632537328,82.99089639201341,0.2087135800533376,-76.7926877356972,-48.33431090809368,40.34136950993749,35.112476864502,-39.56859306872726,11.86862876599798,19.03700644929188,10.44788700004399,-0.3177818532324962,-4.660750546671991,-14.46350730863645,17.02455775007414,49.64047184420954,-31.66891322137696,-144.1831103332902,-57.49891190190773,30.10136836317069,145.9563233375197,77.79763068056793,-116.561651543264,-149.8376082830116,35.16537690177223,99.741374645943,51.43086926876826,-72.30155574149752,-85.90573432051632,71.26545280272647,112.601813745725,-26.64278871754708,-95.10079812362909,-35.21350761431788,-4.784245739464994,91.68050177069917,73.39674521997688,-0.3253658430596029,-100.4220001957356,-57.27867867241797,-60.4163177722917,-16.47034369797238,45.59347066239613,115.5221206842401,146.4673548353261,-14.99711455256969,-156.6033437640098
50.42746643512709,144.3060895180242,80.13637546902807,-73.55249435464241,-166.5090934238773,-80.27371948477636,98.9637751666492,135.1641388677702,50.33088799511295,-57.9080340035357,-74.65065019946974,48.36751444063005,30.01086589546295,65.28503361514191,12.85059998168054,-68.23409032042588,-126.0445772158137,44.7798443358248,111.8318962397116,99.06060744397597,-136.6045937264153,-155.8801889179461,-67.09215357271857,102.1712895401571,142.1627090873432,-47.26295735435779,-153.8232215095965,-122.0362193453277,28.32435850804434,203.9512138807117,70.64127345619033,-190.0009160401849,-244.0418417088266,23.5529900050264,260.9324464082083,150.9012490535578,-104.368499411823,-129.6677833033937,-103.2774311737683,-23.15415858339819,133.5154801603633,70.10504214841289,8.534016418363528,-103.7553831148644,-52.99408611395508,85.2298110756404,111.1108213921195,58.93194941331798,-50.4944638341473,-84.76559331938979,35.14581984107659,59.31296207397636,-32.10793028519267,2.060334910086358,23.62418321994225,19.21174956491721,23.12525929085739,-12.28615964633637,-51.61572093535905,-5.389486328508484,65.33690570287079,27.53784403060099,-133.8532546347213,-92.08373065294208,-31.05609811937056,144.1423588170559,133.2334415494485,-46.11026656244675,-175.6020502726942,-19.42413802498804,67.8059837758134,76.22764748091481,-60.64951119225051,-99.25295779911694,52.19923931714668,114.7218367806193,-29.65943540516095,-128.6263233444541,-47.21212592159078,27.98813648416187,126.4293713616892,67.71080538919624,-28.89348752800449,-104.9179640650732,-8.196154705159014,-28.08759651969697,-27.40558636446477,-24.47430150784666,53.04974787204269,156.9847988504669,63.25296793703846,-111.8481625602942
-0.3272955491604024,147.4760332089475,125.6959312981028,-53.94873705124284,-179.3196596526034,-106.9684213268176,91.44836653174617,140.6837347063965,47.17835502646505,-72.0897212148128,-77.86325190127559,52.15653642898354,37.72416904309426,66.96168225342046,13.01876945181372,-62.42921621999069,-140.0783865455008,33.0734791165309,110.9081616026205,134.7349701331421,-109.6648282448535,-158.8879060716589,-98.27829452135562,95.21192732282202,171.4135475966602,9.93421912206073,-145.8302164809276,-183.2228638928231,-28.51001721506335,203.9651756687485,143.1297380154829,-146.5912189081282,-316.9495992081787,-71.6220883670409,246.5966999117317,214.5518429828186,-45.51633412828637,-134.2902530222497,-134.5165516352547,-48.14889541361598,110.6744284341007,92.48507068362352,47.39169365652283,-86.77819389621841,-94.67219054853268,24.03365673112646,110.1282119634208,103.9167788217727,-5.928152132999097,-100.5548515694501,21.99420806248646,70.3151957103187,-18.95748713956124,-8.75694462157132,19.14918235349747,27.96511048435744,60.36960416081946,0.5209933031521203,-84.37024480452456,-45.82720585060873,62.23263335317007,89.59869821093852,-96.0738989952012,-109.8314402177645,-99.11012529605291,106.3671142543732,165.7793561691209,44.84484360921914,-171.1671922142814,-79.35054653434237,18.03033259868118,91.57363800491341,-46.02095612329222,-106.2446119229288,32.98911951116309,123.0946174459901,-8.78619340711475,-159.5970565887924,-86.38739678595263,46.95572422965651,172.4561980574189,87.24567367819706,-57.29749594332545,-126.9350629229736,21.84187904110312,19.72460285625015,-6.081272985431807,-74.36987979461497,-30.98476118835817,130.873743281259,127.0149301571819,-35.20065501150046
-53.86901707678395,124.0714120138032,165.1235895089094,-23.93978510030989,-186.7015095221678,-135.7234385857278,80.03486814897553,147.0057959087077,50.36826418963819,-89.01972912618936,-93.08657893511766,46.43113172833552,50.19952179535229,70.95276626116214,15.410677569387,-57.99598094889671,-150.205701570246,17.125021336861,105.3675027905414,168.4424369251385,-68.35615352444489,-157.0481221626463,-125.9406673963142,73.89597489564848,182.9568693137698,79.35825488972604,-106.8651884440997,-228.1466900958584,-96.74412683157334,174.5310411120103,209.7295399337334,-67.91670017327881,-346.159380061979,-168.4220961210719,198.4932441392843,254.0015600136684,23.280149041323,-124.1565756706108,-148.4890335858252,-65.0664660166259,75.04350809279063,100.4768327065714,80.82471026380988,-52.73686918070012,-110.9664110005842,-42.00615063937076,82.16768423834294,126.8231101987981,43.90851551336301,-97.86630584899132,3.805425639507482,68.81768422747513,0.3200942934471398,-18.69565874036756,1.197659671384184,29.61962215436453,101.6045422889822,37.23218937670671,-98.77026550510885,-98.63520512020536,33.2573526634179,137.026093755744,-32.9097146943646,-99.13626812411245,-158.6043919289114,34.67368199567928,165.5017404090918,140.9741790851789,-129.4461713751886,-131.1826679798253,-44.2058954266491,91.51096574023863,-28.27018763912652,-102.8016074097328,15.95346093584025,131.4076608198552,33.99544818541225,-174.5036804708454,-141.9884936479695,41.49219364807083,210.2883027014894,129.1830079046005,-72.04138577291185,-157.7913277787312,21.21411571922695,66.88983241429918,41.10069537228371,-91.01104431537938,-114.1783013812647,74.26748075287048,162.4739292935828,55.60936102988497
-95.79565958500346,79.03100347405818,190.0927127446032,13.67723288195136,-183.753447625654,-162.0681887068066,61.79124693277986,151.239220223529,63.7583102221913,-97.03899135062861,-116.6420387594691,28.75528916263996,60.75294510334239,74.93626933021456,22.23761121939863,-50.12598478873257,-152.2800054645535,-3.86133965241916,91.13956745838897,195.3961755759658,-15.65940982407389,-150.2110432626695,-149.0952299565899,39.04785945273329,174.5319965581939,148.1664610822215,-43.44317231000277,-245.6815656025855,-164.680720622674,118.3891343214719,257.7146122638567,32.46348275951654,-324.0744317946865,-250.8756086793661,124.3607649739246,263.9973935892476,91.08823647441254,-101.663490545369,-148.4250034008747,-74.79323100013998,37.78304812841198,95.63220502636945,102.2196686629817,-10.23681395303489,-98.56007214684264,-98.2504324234164,35.87976997242129,126.1863956927435,86.79390049666318,-83.9247963886671,-17.71952998911579,57.49290308551184,26.02469135180733,-24.0306695773939,-30.28193654244611,17.50026152117221,133.7897036334973,93.83879202019698,-82.97763566574773,-152.0535653010841,-22.69141543983728,153.3739993709252,45.93997736458208,-53.91127591503901,-193.0876009661813,-60.18397772531818,128.4131706952494,223.1438050283224,-50.87861809369974,-160.1242894779262,-109.7303429361199,71.65540807064222,-9.86807888003746,-86.19053175883292,4.562044737706167,133.4634294078572,88.55041194146227,-165.4168707735861,-197.179663677326,10.0627923502386,222.0453382046858,182.2887244772865,-64.28468224288173,-184.8849579925003,-12.14900262675827,97.5868936727996,100.2494935800748,-70.72938720516055,-174.995802052758,0.8709402282265275,163.5010459746038,139.4622992806754
-116.1212923379167,23.06431215139572,195.2101441176011,53.37936374503339,-166.8666226648535,-179.6667258734873,35.36260285359094,148.5838355139907,86.60335542101083,-86.54215955131438,-139.5675359873312,1.53982005559482,62.65611648343144,74.75210904423007,32.9387518355974,-34.77275718399753,-142.2503425836661,-28.13109774658736,66.17537254374342,210.1044526446353,42.7598847956811,-136.7882636451009,-166.5222754603514,-6.729026184351453,147.5589446662877,204.2187670743827,32.54908067433568,-231.4827569924301,-220.6714001778361,44.01054279345019,277.879166324887,135.7786894117923,-254.205762500912,-306.1210497286686,36.21116159002249,244.9570290650973,148.4335527912558,-69.79907011118466,-139.902412586738,-81.74455795899306,8.157825544281298,83.05580197085152,109.5726779626813,31.75022770893626,-62.06540440070717,-133.9772271529373,-16.78290306192917,106.9251281518152,114.8828963453924,-67.35707649669503,-42.28821395184035,39.27473628725345,57.23616836090357,-20.11064138117894,-69.98403229042796,-12.09986761903131,144.0455688699546,158.9356998911473,-31.39664271415553,-190.6010415044094,-99.18672067953477,127.8151541104619,124.3412702082949,23.38891450616589,-189.3425875263691,-160.3411182055322,57.61860687921362,272.4690093873904,54.92251005735089,-153.8368742147447,-166.5196331810743,31.31659301569234,4.014619781542627,-57.01102677370861,2.480928145940798,125.8842753092727,139.7878218531406,-132.8090908687178,-234.6640047146836,-39.27034100398302,197.6091304976327,230.6758828703337,-32.61087240602267,-195.9639802298368,-70.38020916075256,101.0457895898308,154.3409936115834,-19.88501411302295,-198.9592152941378,-72.44605599864498,132.7264532579269,197.6265126622594
-111.824379489191,-30.25605128095531,179.5068890588728,87.91002120905237,-135.5633071870299,-182.2647860841467,2.461767752501929,134.4432383976523,113.2137090699159,-54.14186864675935,-150.8563078192436,-28.18325495586439,51.83510454758229,65.97469461135172,44.25302931872597,-10.59386987214316,-117.780905349812,-51.63155361340922,31.63963704694872,207.7411371457763,99.40392480860287,-114.5017176639304,-176.4282215507703,-59.15327891051871,106.2984946580107,238.735578639573,107.4159251731219,-188.7565548644272,-255.9904928392978,-36.52772850596769,266.3047394003525,222.4734064333004,-150.185564900499,-326.8186129176822,-52.28557151909222,202.1640119886307,188.7074087513549,-31.48352199445801,-128.0521040433273,-91.40525359845398,-9.335827053265229,68.86323388702729,105.1544013403123,66.47156092795856,-11.89985650947572,-144.8947171332093,-64.40021416760551,77.8731708017819,126.3918676916699,-54.46425999901982,-70.17717636148625,16.09419515821295,90.95225632455558,-3.009341960904741,-108.0900237084722,-57.95142072163201,123.4283207844157,216.1590017475503,52.54455699810957,-199.1099471586137,-182.7497125168181,58.61233662810346,183.0214117862865,120.8964950043985,-141.2998887646917,-244.3628262082654,-36.96016104593726,274.7930408629168,169.7768799710981,-106.4278683793191,-201.6574091650823,-24.89426923087553,6.770983451186036,-20.42763794385173,11.96123235283483,109.7069776349763,172.8333349688359,-85.33597678241027,-242.534767529861,-91.75399787410994,138.282851238602,259.1912415754178,16.77936427190133,-183.1687139974154,-138.394431703666,74.56255722635562,188.3860468665474,47.54725229267714,-182.3377634369235,-130.67673848737,79.84864320963601,218.4640252886202
-87.32062557923653,-68.23171383986363,146.9313973419111,110.1212436256314,-93.458371164436,-166.1221454931666,-31.83449507746346,106.8641607202519,134.5902411065717,-4.793226849780662,-141.8538697448094,-50.85406983128028,28.76398558503586,45.81413142022267,51.29985532970625,20.00020564294042,-79.54321122845238,-69.17484072946242,-8.026484816519234,185.6148954406023,146.4101924412008,-81.62204024258349,-176.5567726654392,-112.613589309273,56.47765840866641,247.8316014874953,169.3375307511422,-126.915097950168,-266.7666883088115,-110.4515064030582,224.9155460291122,276.8225473770386,-32.27646311940163,-312.2227111005101,-128.5189704149872,144.1017710605785,208.7574490569683,10.48458175662032,-115.5331495633524,-107.4848599345673,-15.78331822555255,57.61110667980352,93.72142722244314,90.6987912878767,39.3583309708559,-133.4959881370871,-99.23103975951406,48.35597342294279,124.990803595161,-46.87799698223122,-100.8633298409326,-11.46414363570974,121.9720324129386,28.67631972626484,-132.8419100252379,-113.2964971026266,69.97466398735156,248.4614994866105,156.0210795458769,-167.3383020777704,-255.5021853084209,-45.55117004498162,204.3022441666388,219.1692922810756,-52.5252320936145,-292.0262481544476,-140.2253094201058,224.5225049230797,270.0885755454646,-21.39809220592841,-204.1370552129873,-86.76547663012558,-7.257321411815803,14.1450071284582,32.16140043044907,90.1454421605945,178.3651858718545,-36.6045110664254,-218.3100464364632,-131.2280253256323,56.64454705619865,258.5276707691226,72.40348045536513,-145.4614401443466,-198.6653455529617,23.89724546343201,193.6952643712502,114.4920395948901,-132.283462239571,-164.6075768534467,17.98756109530489,199.7281571540472
-52.80200525245111,-82.54538368152517,105.591507565456,115.1523992351585,-47.86417696251949,-132.0288048124019,-60.24808873687349,68.29836800485955,141.5491218393418,49.05067348994391,-110.1685848867378,-57.68680999687441,-1.183765726224912,14.66455188425092,49.29195602856672,51.09916562156441,-31.67022383108781,-76.09581286297831,-46.22395412233318,144.2546491484978,177.2400528733332,-38.23446309552936,-164.7472778311376,-160.7790979834897,3.857863886964727,232.6356370237208,211.0689400790795,-58.64170007714976,-254.47411390532,-167.1756832601802,160.8031016994988,290.5496473063938,77.646022412544,-267.7797492965926,-183.1896703604994,80.45383832990332,208.7857344763386,53.06574348798359,-102.0009665424152,-129.8745385759595,-16.50908236631765,50.69504387095159,80.1528319589783,104.5067875961621,80.80583825037859,-107.3838628487078,-118.7303405350992,25.08507673966836,117.3703137711833,-41.43606602580645,-131.8756335295081,-43.55787043815621,143.7596926514269,72.59868287686517,-134.1023921150852,-167.0101153858387,-9.980168800880291,243.0609535218716,259.2342577427431,-93.75987248267595,-299.4544521539804,-166.8834187863403,177.0727700264288,295.5051421136321,63.55291992066684,-289.2478505658664,-234.6094994655884,126.7863927507739,332.0881152817145,87.57674056360592,-167.9670546339509,-139.9892429958363,-40.0336880727198,35.19054293793,58.17995120582664,74.50737550235887,156.1626862549504,-0.07144867227216209,-169.7182706585877,-145.8986266504753,-27.39386100741411,228.2742557481735,121.4340252703623,-88.68778147545686,-236.3965524063706,-38.92793281973873,169.9030835015891,165.8208458351207,-63.5999139201266,-172.4264234340855,-40.49253334162741,147.9986009085895
-20.9861757048483,-71.52293749323853,65.83114437504248,102.2286721944433,-8.031711303273635,-86.0597951608232,-75.60443387950492,25.87617328051244,128.2660548028809,91.13317810012981,-61.55827767800311,-44.03763547624553,-29.1380561689912,-23.28936943484497,35.29960761765198,74.8188733782704,18.86590645922577,-69.80869695677582,-76.10945812450464,87.73068746998607,188.104734370715,12.94742345507529,-139.7607607764043,-197.4250138468425,-46.81993049619008,198.1517631679093,230.9546875519211,3.670925716965033,-224.9468786832139,-200.4301271018844,84.5625790308587,264.5291413824008,161.2767610437511,-203.464624665206,-211.6913278009241,20.2495010180705,191.7857015410569,92.60924566162285,-85.12449946742565,-154.2585885507128,-18.2819945753216,46.26802118584894,67.52319888117873,109.9018500956712,105.9901641531453,-76.32710110384221,-125.1484015993442,10.43065253543577,110.0723030647721,-32.20019703376585,-158.5321343958432,-79.92997190354188,150.1145830906718,122.5652713804943,-106.7555051689124,-206.3151181747712,-102.7567570602286,195.5771216941862,340.1514162098756,12.75970942021703,-301.3163019936603,-282.2354037082537,100.5716236587963,329.6996246031076,185.9633628733445,-231.9094883520154,-303.3584846240185,-2.803515153863513,337.9673664556784,198.6715804131723,-94.73793314924356,-169.4001057326195,-87.77809162732486,32.6457960462185,81.44655562055648,69.00319970136725,115.4904184250446,16.06160479706751,-111.9343550557374,-132.5321231738717,-92.99931344620336,176.8652989424125,153.7962388967003,-23.38982187651398,-243.4130966575442,-99.55489394030275,124.2411581148132,192.2893484983335,6.540404474502592,-158.6975726606958,-87.2005113206102,75.76402973916424
-3.254198165825265,-40.48933843818023,37.58584838135003,75.40507334023958,17.48080167484394,-38.60691219303473,-73.48285309678835,-10.10624337658678,94.95724956706476,106.7797636362141,-8.935647927806759,-11.61366459611154,-45.48939209051032,-60.69878288119676,9.481353842740219,83.64234791731448,63.82401996005482,-50.70988914980683,-92.62498751206356,23.06387703532652,178.7168213734569,66.55517378601412,-102.0839747024404,-217.3623999214842,-92.26369895902845,151.3760621547585,232.1613124664381,51.02963695572457,-186.3297739568681,-209.1558319391664,8.060467181669601,208.1651460562082,207.8719730727931,-131.3336181400343,-214.4391054358914,-29.52386053860977,162.7348755109161,124.888109892343,-62.56253712093571,-173.5673651420457,-26.26412328762889,40.5955083976729,56.35068535413807,109.0906840515729,113.8739272833088,-49.12937312455044,-123.6204398093132,2.546408316533834,106.8557814150849,-13.68573984946244,-174.8470315645645,-118.8263439085939,137.1114528265032,169.7573570513041,-52.78472610836413,-220.3027651815487,-190.442648469468,112.0154925938046,380.3070896641815,134.1476521764873,-256.4479415009175,-368.4085531355154,-14.25799922886114,309.672945592321,290.6626612700685,-127.5102654932406,-333.7812420624736,-140.9675362332155,281.2329501930878,286.596609221538,5.268622704283173,-163.2273907474281,-140.589911096853,1.780127294090189,91.68162202317636,75.68793417802318,72.04509310785586,12.04022598868467,-62.22106001772613,-97.56597932901821,-125.1255688223679,118.5029608465488,165.010222957068,38.71880192467456,-219.6613662840703,-145.5524189951759,68.51654631580782,192.2112296171322,63.99937190029866,-131.3719077751815,-118.9741079080915,-2.632241796686242
-6.299940045454965,-0.1162833516627467,27.71871186344102,42.87421227872944,23.47685769433868,-1.811279195698164,-54.22273053038593,-29.13091194561209,48.6576259445229,88.15953486368117,31.34761407757075,31.34622813165826,-43.11492462947005,-88.79784017939214,-24.6168010924733,72.83961139231572,95.75340906116844,-22.1202377471023,-93.92533565320484,-41.14096678346819,152.164346203516,115.4065249394971,-54.41262077764785,-217.3154794483052,-130.4384505560002,99.34502882244988,220.6135015356432,79.63803855759139,-146.669767887249,-197.0750215973703,-57.87553368164765,136.6569425610154,216.0665545298243,-62.90059847792731,-196.1834601372038,-64.70764868794693,127.6776404204694,145.7433653777416,-33.93557047211598,-180.7189834763284,-41.9124884782287,30.18763817200534,45.20855032362436,103.2402720931851,107.9445530207365,-31.31989873004505,-119.642869158547,-2.903788170446644,107.5673037076057,16.09483902304953,-175.3731977048719,-156.5696948426723,104.6082295847603,204.9638977844803,18.74497494642505,-203.189657930816,-255.376406272263,7.841008085445932,369.9869892916884,247.0800369704017,-170.7134398690706,-407.6715874754033,-146.4793054838612,235.3001356520334,356.124392080162,5.942083089875723,-319.830362712807,-261.6611978221521,169.597621792489,328.9225066694838,114.1114821155666,-117.1395907043223,-184.2298804694298,-54.00594687386689,80.0285910603607,90.81754838986085,42.43747079391682,-3.41909311620877,-33.8581564329371,-54.74222186639564,-119.2456997703509,68.1999868117333,156.8947150985815,88.28859785868303,-172.1066053948585,-169.6223283952588,15.00363699867544,170.5728033175599,101.3618068796223,-98.17687807184105,-137.0030934071425,-74.7505097426336
-30.2364872578463,36.74328383361247,38.09917052781051,14.91130871088322,9.932224907311372,13.89635995475234,-23.47043307959383,-23.92161912731243,1.680109142795363,37.57553721673003,44.78525978218726,72.1128312654689,-19.99683456214834,-99.78556896842476,-60.78520565771762,42.19231893934371,109.9084871833046,10.68804070203208,-81.71368410369506,-96.46420958485886,113.978072015856,152.0151199489852,-1.604829586994632,-196.5779220933431,-159.9929913246662,47.71776262924765,202.4930526022485,90.99299382997771,-111.9027152753315,-171.1998838893366,-105.3837783288662,66.91885331603575,193.168923850682,-6.925158854678489,-164.5355678373935,-84.17284894083254,92.75539755556538,152.2148669198821,-1.865857616153176,-171.5713396166462,-62.59801991346033,13.75409543461484,32.29136163282205,92.27496486621808,94.07406936978069,-24.27171681756275,-116.9501146721889,-10.25780843403882,108.8335825813182,54.08059701455438,-157.3022284886339,-188.078695437046,56.72116057732519,221.1417578810242,93.90157146590013,-156.2673091829711,-284.7612153858163,-95.75215658139366,311.2053503986372,328.7462793015868,-59.54675355072378,-392.0374512071629,-269.721425831402,119.2001272477141,368.6233604617951,143.6905804564155,-263.4564281334821,-341.9704050614445,24.26587997437067,312.3651600590463,209.5069914470843,-36.715986870115,-203.8065318905278,-122.6884277933701,42.41574274948201,105.4379846165771,38.11672784532905,-16.38255390980559,-31.50662040603842,-20.11918168118983,-82.5349550887173,36.73190808736631,136.073230077963,120.6478696596674,-111.7138158989458,-170.8316348856807,-27.26054194471327,136.1949243210241,118.8183302905523,-63.85946932364427,-144.4909283712222,-132.3916200390984
-68.66132303414672,58.78790522189676,65.01396211793076,0.9964838771395377,-17.69877691384211,3.07166651292496,9.060954921702235,6.741431344282541,-31.86796300228623,-32.44606673529763,23.80480181215868,97.16223779278367,19.67136470391794,-89.1344311382221,-91.66906973800171,-3.5398019698267,105.4259887047024,42.01129432468424,-60.40349851164137,-136.3573854750209,70.70568210018035,170.356968109936,49.94842843206357,-157.3062989626598,-179.6714844322622,0.2260247534243735,182.2126043624862,90.44726876480817,-84.79533774610863,-139.7918539455002,-130.7639304594514,13.26828660023432,152.2866335058864,31.94338183316145,-128.0615145266719,-89.52936779981732,63.22451654988573,143.7394978084288,28.42280161428358,-146.8983374259021,-82.98877703322854,-6.876219178214934,17.12475320288375,75.73139558759733,78.09259698066924,-25.79210442358999,-116.5364483483375,-21.68418171945592,106.1522299363817,92.7986809915494,-121.9634789463464,-208.2052291857333,1.008586162907589,215.4556759880943,157.6669208560665,-87.8771128320389,-274.0720393739916,-177.3946994729977,217.4854486187606,362.8322251545621,55.65826503763761,-325.1506311960545,-358.5065829395272,-15.92594955835559,325.7794660094106,259.8046371883262,-174.3809524534105,-367.5327924980814,-124.5573441936192,237.1481289157263,269.8690218244574,62.69846783554205,-188.3696447664408,-185.9869807301295,-18.054864198032,108.208505511912,60.91724286098987,-13.11828240538976,-49.65523448229186,-6.257930221164385,-31.16684593356293,27.27591846112002,111.0203711159412,136.2079522619233,-49.7689194819656,-153.7107138220611,-54.55805024479285,98.16923539575431,122.2460997518947,-29.30455981844008,-144.051716297207,-172.0620608852393
-110.6060572444676,59.45870945429655,100.1314258433879,6.968820149278862,-49.84753686986085,-32.74043515389955,32.31937258250209,56.87825399203254,-40.44774996158534,-102.4379042111032,-29.11103973832326,96.37343329975484,66.31598589573902,-57.11905807154638,-110.62339065302,-55.5858188404019,85.41421342349466,67.23790915842604,-35.45791548639939,-157.3061233185054,28.43643173702928,167.3994335957014,93.4198028191789,-104.3682132951878,-188.0533742472185,-41.03002213893345,161.5120932869009,84.8646081724076,-65.04247275409845,-110.3597202446245,-134.7555828912664,-15.96386704644627,108.2088444162441,53.44937828974788,-94.36533058033838,-84.45966124698055,42.5542427367643,122.8702113888651,50.83003264167292,-112.5595286063589,-97.53998511355076,-27.28552211507916,1.559233718802726,54.17093311069014,64.00422575192405,-31.7222591552775,-117.0390329877773,-36.21548195966607,96.41145821883549,122.9960510244732,-75.03011707735813,-213.3959694590613,-53.43889451885359,190.0947371922,198.1177219644954,-11.35270680898119,-228.2384335127663,-221.3361922082616,110.3911542472763,343.9702523850847,152.908395559521,-221.2643599514304,-394.6649953320468,-142.8079762922259,237.3282563249731,333.1932337960402,-68.23940092735909,-336.0283803055169,-244.9682752655021,117.9489741054133,279.8600138520001,159.0703277598705,-134.9506220907502,-224.1808108360427,-90.72448823093585,89.58601872952644,101.8982955461058,14.27604084335799,-74.70640023550382,-17.66984103958541,15.27771143926645,34.86190927406061,88.86134667813705,139.0435494177085,5.138144255222353,-125.8068957813601,-68.42199942559269,62.92551042971733,119.5191596777747,7.286283347256292,-136.0532888704265,-193.8731997491499
-143.7569052719333,38.65662422166874,132.7841563362255,33.11156063357188,-75.48608289634356,-85.00425156001252,37.28656451112384,114.350122729599,-18.92482292427085,-151.6743459143786,-101.4281106577902,66.37265347011068,107.5509204705726,-9.081207946916905,-113.3715924590001,-103.3013430065046,55.95930464637718,83.86627706296308,-11.55156665765496,-159.2110727291864,-8.304682607337741,143.9669248498496,122.860632167421,-44.74038455837152,-183.8038553514518,-74.77623669387393,139.8567894803064,80.21657916938922,-50.32288550182236,-88.18971534634383,-121.9035872992032,-20.0226221066491,73.26040573780455,60.98069851929936,-68.57010435177166,-73.79026380821279,31.77726984694565,95.08096894667065,60.73902356963963,-77.7180486620711,-103.0123368674676,-42.25107360016796,-10.49027495909564,30.35513406938332,53.39419418190103,-37.80420452141117,-116.129818889533,-50.33987091514027,79.72520900604073,137.2527677707332,-25.20105151926859,-203.0171234779374,-98.40320012548017,151.5626669840746,209.6856219742008,58.48627105954293,-160.2260197252843,-221.7646840962286,13.74613309201389,279.2851330873189,215.2290056829607,-101.5749179634551,-372.0310762102856,-236.4976955061155,122.8107824921357,352.4890288469338,36.58984112009104,-257.7115074943158,-311.5643605800962,-19.15214822247524,234.8886013493671,229.0757112339179,-50.60715022083429,-222.0383937147828,-159.4496552087961,45.89600826336706,144.0179803325635,64.14177226733213,-89.96463850617117,-49.14836708883951,40.32319771502432,48.71900272233509,73.12888454145724,134.4192805885585,48.5690485995377,-94.75348379094162,-73.72776005896755,32.90694793225423,116.6626567682641,47.85442285459135,-118.6290856855268,-199.7219479777814
-157.9839284435488,2.514293435924699,152.9329058488455,73.81487912370164,-85.26688600414839,-140.297494513377,19.89300993588805,163.8926533244027,29.40277381635135,-164.4587735789468,-173.821786721248,11.91983808891447,131.7160118406946,45.68226415264969,-99.02599062133733,-136.8661045489822,24.3961599915489,91.73030981343503,8.756607322096158,-144.9756109422567,-37.03787483973517,104.7078001776609,134.4268877877551,13.46892189124203,-166.3785182812009,-99.74611034884857,115.817436458472,79.90146154877566,-37.81770347427388,-75.68365461104541,-99.19505807034447,-5.156839112459825,54.27756461197095,60.05510298165048,-52.51942733045787,-62.42481560761619,29.3084765905204,67.54310863479535,57.03036927194105,-51.71747648850646,-99.95761377419478,-48.0510272728333,-14.53958579326756,9.45023894050645,46.02645457090689,-41.09795304283784,-112.1781721605271,-59.84377872266091,59.77387069107094,133.1310555032729,18.2891892923499,-179.7821230358784,-128.6471777188314,108.6581008522985,194.4618579323937,109.2438460845917,-87.40884995593936,-184.3374450003098,-52.79733171290602,186.4904876111202,234.9176011515225,11.0957682563437,-298.0305649716031,-280.703753546417,6.727539446364131,318.4870747564269,122.8150812451622,-152.7198359116067,-312.2077829877587,-143.1171864543206,143.1042059222042,254.3867372431274,48.43536722919151,-173.9874354592068,-206.7536616928784,-18.26610485497753,167.8256476894699,124.9042036776282,-81.75829288148283,-87.56278263314206,35.80926628527097,56.55645562483922,63.21682002575864,126.3758602502566,79.9404652640313,-65.95436604517806,-75.90985831463924,7.113327139834946,115.401444106787,91.85675559568142,-89.30002503228411,-191.7321812588739
-148.1566371923236,-38.64925789742829,153.9570986823386,118.9854858625079,-74.18099954515529,-183.9455559410657,-17.50851887519841,191.2846160138584,93.30776742421199,-134.9909752924054,-225.7370069696495,-55.1472065395973,131.3022302351024,96.12004860600491,-70.23999738824396,-149.7756112609291,-2.596998026547992,92.46234775026895,25.37287934248163,-119.5156662427645,-57.16711559690626,57.17490954723255,127.2313572269907,62.23317931995594,-136.9006178371051,-114.3038898789762,88.76236218181617,84.24689122088439,-25.58782168364083,-72.52059134145365,-74.29832666986009,17.86277470048512,51.47011904308932,56.47450801288981,-44.86373474222721,-54.29726274437004,31.39533038460425,47.16703702654024,42.87669381863903,-40.76433162943207,-92.55039523228747,-44.31584200035437,-7.679415645393473,-2.074887156212262,41.13825051452265,-40.51888979802074,-105.3856390950959,-62.07255687363818,42.46738419894713,114.5445321740061,48.50073505968606,-149.0533889566693,-143.0273540475607,69.81333992449601,161.1459371878098,134.0889632830972,-26.78319907565966,-124.4254835466851,-78.95307504956601,89.01691925686123,215.1802633208376,97.82705509354764,-191.6272408303686,-271.7530408500515,-87.56837351226096,243.4637390260676,177.8472653488517,-45.79502256665514,-251.2998829798312,-226.0918485866119,24.04541343422073,226.9922000378102,140.5500356365741,-86.72906887585221,-218.9021515126566,-90.36064692632031,158.2562151713701,178.3856700257562,-44.52331652305332,-116.446819698886,4.094653914995471,49.15319629987917,55.55029840890567,116.3670748627511,100.9819463312471,-41.61253419782769,-78.51006253396116,-16.98941462222589,112.9930702456715,134.8621056018417,-47.39779366532387,-171.6394296604905
-115.461479674314,-73.51429233617121,134.4590025858943,156.8235401306994,-42.92540170161537,-204.103984275694,-66.63246741563006,187.3997325996125,156.5856803641918,-69.24144287976047,-241.5088960992612,-119.114243836942,105.2111548508062,132.1175757865963,-32.51685067527356,-140.4399008225463,-20.50882049547727,88.50731836502713,39.97445587996879,-88.53767411215146,-69.38046691566001,10.26106357744641,103.6285564858086,94.87413051405977,-98.80478161245955,-116.7403467151695,60.10544635128138,91.21151318776106,-13.31486261975694,-76.43368481270096,-53.81432169247113,37.34828663523377,59.351050035002,54.63826430321728,-41.98812812033851,-51.54614315128793,33.20262837366872,38.5342450301485,24.91297816632965,-45.67010698645904,-86.82736685656029,-34.59706182756988,9.556781046447016,1.386178317998098,38.69378952962116,-36.47810683508359,-97.86912321647723,-57.59154610311614,33.44900323640791,90.68433885663445,62.94333591573895,-117.2217658520547,-144.2588278350655,40.68260954045432,122.0070725504195,133.2057153530725,9.585765321360956,-62.56001390228815,-66.22904438537086,9.560257586105953,168.6655339628291,147.8495892135628,-78.1529463702332,-219.0336998050275,-143.5802918690125,147.5636458141371,196.3191536256026,40.17992843663054,-148.4644766007777,-250.9174309897629,-95.95000356882795,151.8558583834976,204.4099061885355,21.78328962382114,-190.3036997268906,-153.088452496367,110.1665620541287,205.7472213733122,16.94817229620015,-121.7238148820177,-43.3470118332283,23.58063725558793,45.81118631078915,103.4196007510225,113.8694595068265,-21.220243283088,-82.01323686639817,-41.20272980820452,104.2535472735622,169.161995322386,3.924637824209408,-141.2313989350753
-66.89604948281979,-93.0827702244607,98.56154104677161,177.1476029043357,2.410376113208954,-195.0476251894715,-115.5892975226078,150.8961065413003,202.5860302201674,16.7654868003201,-215.1016156170633,-164.7602213847306,59.16214583076192,146.9522566187647,7.084277881891552,-112.4794967778449,-27.71837900169134,82.14199041727694,54.62784326745607,-57.43060228706261,-74.9404776574049,-27.62276599719471,68.86735284760006,107.1831614061827,-57.86947636241385,-106.1568847730984,33.55192234462966,97.8832786067596,-2.184513931161264,-84.26513061408258,-41.94340577930061,44.32912100479601,69.30599241703807,56.45112716855887,-39.51996388675751,-54.12101223810893,30.30813622996405,42.45544117865271,11.02084271744254,-61.53649530534264,-88.05073284130158,-25.31570843902218,32.49181961851995,22.11643509573338,39.94474343986919,-29.97527026017891,-92.65642008937797,-50.46119666096675,35.45836856358495,72.77271996970018,64.23737120007983,-89.73107327510874,-137.4569505320422,22.78138713095754,88.87185626146707,113.1703385044237,17.57593893878051,-18.41671729808555,-26.89154940409304,-36.06363401363286,113.3440896833737,160.4107335008065,17.52539774908485,-141.8104063853372,-155.4131675986667,53.27464544204432,180.8543316156873,90.02669130982483,-32.89272613732486,-215.7567438228202,-190.4541027853428,45.94423062351656,224.9411577567132,126.9329199803498,-125.7211530149051,-189.5349552727899,30.64153291424446,194.0270941279008,88.87805526331714,-96.5294280140493,-90.26894135965483,-16.0481070025868,31.18102380404771,85.59607793299955,119.943730224138,-3.033908859265549,-84.31320736103808,-65.04833833653609,84.77457748197649,186.3153182916296,57.19537155930287,-103.3763512963006
-13.15522143175063,-93.12816782218444,54.634206481654,174.265027413706,52.1916964393508,-158.6682635150531,-152.3238096735208,88.70926792015032,218.9452467820864,101.6908807451331,-151.9640051605812,-181.5607270129151,4.137364901840767,138.8691122560977,41.48469829246113,-73.68999618681823,-25.33797631117726,74.89808030149699,70.35410966190383,-30.50292351063155,-75.17716402082851,-50.20606593424726,30.17748501072901,98.20940008797714,-21.44069483958537,-83.56672735456532,14.18527247663359,102.1217134911961,5.972502869004998,-92.95007144025028,-39.86769384669913,35.13870545629034,72.91628362445228,61.09902442225908,-33.9818429439674,-59.97247293788143,20.18309882840979,55.71949451919288,7.529340613124087,-79.55215842681405,-98.28169293087235,-23.39956120573245,53.24973584354032,57.33045204062096,47.00821800191667,-21.67471773172083,-92.05406463223797,-46.89874623430848,46.67328982225416,69.77769428320805,58.97977883400049,-69.46648125908517,-128.0123224756905,13.60669271570544,69.45518865302529,84.52385050343587,1.649007645049634,-5.117869631614213,20.17966160237758,-42.94832286705734,66.99092163836151,143.8411199467419,77.53759761722918,-63.3835502351774,-128.5443406299548,-20.44098985536327,140.8664240373333,99.8294660985558,65.05517015142229,-134.3704356166487,-239.9191975910054,-66.25083123920962,197.6640102564182,204.3279988600832,-39.40470022874651,-188.6103128720728,-62.80821653756098,140.9614143848562,152.9868587789048,-43.45431671157368,-121.2733025778572,-60.44944255627976,11.63054074867295,61.96720416169202,119.5214787007771,14.28805183993117,-82.43302051565664,-85.63334495258363,53.85088792666127,180.6743613842499,102.1381256678572,-62.83969870693104
34.41529791071395,-75.07313086057042,12.85453843992889,148.5216187443743,96.00084114672607,-103.7489699643836,-168.074793643677,14.19468322750472,201.0805821535123,165.109954509617,-67.43435097163903,-166.4685637558008,-46.64654553078172,111.3925187231987,65.00076407403796,-34.01255853169155,-16.38107970110425,67.56687727383425,86.29569101480504,-10.62312319156025,-71.35345170143975,-54.50881109704866,-4.537760237485124,70.56138049708358,3.075155250515787,-52.69364009050812,6.693573746580515,103.6840608322936,9.888005768924801,-100.1702899240137,-45.96510408179984,12.20813178844946,64.96775435805125,65.72838703401017,-24.08684947278882,-65.83699582230608,3.150805145984697,72.19350617937877,16.89450643840387,-90.2742993598666,-115.1878387660285,-33.47109101121033,63.18588644255765,99.00259326266423,61.65094522498146,-11.43453345801227,-96.14684609388972,-52.76881608870162,60.80511161396544,84.68262868672151,55.16745372649643,-56.10188747906165,-119.583521596724,8.145853272261444,65.21413438732603,58.35693161192033,-26.98860522995572,-25.53380686430508,55.45095664411711,-17.83875184197445,41.95137083740072,112.2129801327811,95.35618641126014,-4.353368979939956,-77.47044665239824,-62.7026419174063,89.69885706201875,77.17581963015201,122.5025099291549,-31.87432609928058,-236.8559615542462,-159.4557794168886,129.9978280095827,236.8832627785239,48.76104305475081,-148.9190537734491,-147.6110903999918,56.3186509940715,192.4909799022184,26.50928173831744,-126.6996377290004,-98.82452231445976,-10.24848054963136,34.07908073743652,112.7131772297055,30.67897576296645,-74.59776481629775,-98.95800641943963,15.77100488729231,152.4250693304177,128.8430552387843,-26.15527608572961
66.87617694564317,-45.11417273873806,-17.64537262248138,106.0777953449754,125.439412714528,-43.28407097588243,-159.7767143060928,-56.50984716643398,153.4017114013581,193.2556012214914,17.76424080934424,-124.4901809580956,-81.32114960837011,72.3412371739814,74.36124186478037,-3.091964053218561,-4.654281013706478,60.67326164760112,99.88890848503888,0.8320870005028077,-64.86631547015394,-41.28382560010736,-28.16473224184816,30.1276971685147,10.09301074044331,-19.99969370610308,13.37873459115928,104.4013497304089,9.892917197176825,-104.5681720548005,-56.74731115435777,-17.12314136243751,45.21731356630944,66.80717770811712,-11.24742892814117,-68.43684061314056,-17.57965840101046,84.94111161634221,36.76670434094049,-87.19312913936774,-132.6360267218161,-55.68475369304962,56.01720908395288,135.6049103624406,83.8580557008562,1.500783785182472,-102.1663203700247,-70.86277523418326,69.05817099487268,112.7749545353676,59.07831004911244,-46.64703942437044,-112.9319823077064,1.194299786232048,71.37710524244073,42.99334762790089,-54.07648076533081,-71.65527502041681,64.68095433214566,23.58343089734947,41.77384016247569,80.65977801899524,76.72885458105283,23.0017848977606,-20.99046428109826,-72.70682693954635,40.8888368068265,38.03344518413992,130.3396935497238,62.79429852932046,-187.6163937878468,-214.6230387294863,39.04464587863001,219.8272050225779,118.9914206745785,-79.64876911848491,-203.2667977700588,-40.82486300069485,197.4963781584605,97.83151866096254,-105.1440523059934,-122.8255121257947,-30.70974218269128,6.128818742831784,100.6421687496323,44.71770872094918,-61.6346800000253,-102.0346153047615,-21.1839878163751,108.7433174839695,131.4717561421956,-0.2580945534885956
79.87535259000175,-11.9690967276677,-31.19374062652912,57.0139343628372,136.1359328952512,9.28347673374679,-130.6911067496643,-108.7978878420417,87.91874586270313,182.5188227154407,83.48378954574316,-66.98252563664823,-92.45205577182035,31.85250837510774,69.18751811001431,11.9335578656395,6.204955873285854,55.07464898764834,108.0184410568091,3.892489526013484,-57.56472021933671,-14.72010948426149,-35.73802563528537,-14.79686107790771,-2.433436496349565,6.286410521291153,32.70573713652251,107.3428758169004,8.329387588353711,-105.5683784165703,-68.20935542138166,-43.35649660734153,18.40175244146989,61.73548140068161,0.9125047294820657,-65.7402215330453,-36.92543483804734,88.63124892634667,60.84100767513441,-69.24364335956196,-142.9203009588712,-85.1284455637002,30.50747870322174,155.3841273038905,110.9023088708724,17.7694899579346,-105.1264828304095,-99.08236803333197,63.32963990372063,142.7298862127105,72.74231256547795,-36.98329481873083,-105.9982451910527,-10.37492218178164,79.06620019000542,41.77226777503284,-66.69000680321858,-127.1786330714041,43.06270996189532,61.98572018162447,60.69765691406818,60.77892927866256,37.0063584186444,17.59671479624091,23.43540338709184,-58.70023220436551,4.604715341605951,1.241110066050155,95.21383510663945,125.4246627254406,-110.1686496763992,-224.0581110873429,-53.50219911866397,161.9673667540437,157.4253927751602,1.954706201994217,-217.8197803131756,-128.0136740636362,167.9219935858804,155.6365326452355,-62.92271458038233,-129.3027789072252,-46.87820706029039,-16.35835776670907,86.24657441981776,54.63626137297762,-46.99863944452126,-94.80103623660064,-47.71937809186637,62.32200291672119,111.0182526169087,9.787816937637423
74.36303514833359,15.96222973217485,-26.86453288851932,12.38349841612517,128.4295466419939,43.7268324953527,-89.14768956407015,-133.3058322156025,20.732180279354,139.7335865096769,115.694951634784,-8.293445406796977,-78.7711644999266,-0.04561743252790389,51.92764158496819,7.886175402389561,13.26484730530834,52.26897797337396,108.6917256507479,-0.08569714939612746,-51.88724751467571,18.47991245422124,-25.45035515866436,-54.89383681054677,-32.01548784456195,18.01827077308113,58.99264283164367,115.293101002917,9.115191692418009,-102.9723834572363,-77.15764634752537,-58.23499548708605,-7.468865503094792,50.17530403885119,7.939833309023887,-57.84577134558633,-49.73309882577409,81.37113434539964,81.20545447833445,-41.29591074826202,-139.8136573993472,-113.1527480602733,-8.376972871468979,150.1768656861851,137.4559597188416,37.01527305948854,-99.60052806843417,-130.3625388420593,39.503103516517,160.2586476064393,92.95437775619418,-23.79984182588369,-95.14941510202755,-26.21755838562094,78.73888832970216,52.53076537182397,-57.01887684427774,-172.4862599296856,-3.638299414710698,80.58173265249222,86.08204243666327,57.46311600741218,-4.230394538660232,-11.10067369423065,44.57179489270302,-34.38928975267578,-14.73369676028303,-17.66413880022841,36.62915210695381,143.4712326105129,-28.48209903916491,-193.0714976881344,-127.7313547846872,82.73319435716142,160.1416169948821,75.78965696377895,-191.4648938491313,-186.5420723357361,113.0014224366409,190.3089771704452,-10.94362872110983,-120.8342802696903,-58.34325661894668,-28.86425799038684,74.03242567874284,59.70767099812251,-35.35191111331059,-80.86715055544289,-57.31018000689442,27.52940055348379,75.87208723984261,3.0956688784394
55.71471126344534,33.08820331940041,-8.315207687739697,-18.85813940868886,106.6579542366123,55.50151736441689,-45.88590915731546,-127.9749508615895,-32.47954760462582,79.34727378829929,109.9443893411016,38.16527716210045,-45.14305983634889,-15.70033054463119,27.32686387485472,-14.03059707730596,14.36692294182221,54.1227804832431,102.5006656140771,-8.460268006423942,-50.58631949612224,50.44154250876053,0.8815419374561839,-81.51955321526296,-71.74689777032447,9.394459213161184,83.47066112310856,129.1302816904365,16.54859088251791,-96.54101342949377,-82.09155720806007,-57.68164522484364,-23.95501182657959,34.62467691226831,6.410405030174714,-47.12436292281561,-52.78586463961,65.2807688739221,91.31703301496137,-12.39421936910113,-121.270959328206,-130.2693591583062,-50.44214589821225,118.4567256344866,156.8702008532439,57.33920133541672,-82.01216843244124,-154.5435163717461,-0.4160682391089845,153.1311869672319,112.2427882153449,-6.185015848769878,-77.08848795714918,-42.50292271470498,63.75778546777602,68.819716523625,-24.46751375781923,-190.5094710769348,-61.20142635198316,70.32735822524411,102.9397420982579,68.0294561290455,-29.53235518582627,-46.88306360779432,40.13426291665502,-14.01124655004475,-18.99180281491366,-11.34744851848925,-19.8925458296,119.2470208159531,34.78104458763875,-137.6435210549548,-171.1428602789537,5.901586455000079,134.0121253261609,125.0940257324062,-136.0701841314443,-207.3248221367161,47.65391145902353,199.8891941759471,39.62988395121021,-103.943162368986,-67.51017780498651,-30.22573473635254,68.65472551036082,61.2424399428648,-30.29920591616288,-66.61011710500827,-49.21668530670543,15.4363911642226,39.68110300471619,-15.7714042758885
31.62093779546017,37.9935702213328,17.68341769841088,-32.11524587805377,77.42445998702235,46.34335641359716,-10.90961583714956,-97.96544254768529,-60.60152617653832,18.57030967825233,71.79116589110275,63.22785774505201,-0.8956095098245156,-11.41413769630796,1.560588300367209,-48.8294879764,7.908196118473903,62.009263006894,93.15494571937307,-17.39666233094288,-55.99259580610045,73.62849221450682,38.01279048863216,-88.43184934060388,-111.6240275084399,-21.03953476602804,96.48429921721393,146.7517522781994,33.72662765914191,-85.75656474053909,-83.36063098528135,-43.30379817407515,-25.23663184824549,19.97101204631576,-4.366424899502631,-37.47400006092077,-46.2767837307603,45.57597679142248,88.47484788256004,7.643015727031233,-90.69481684908317,-129.6352500381695,-83.2256627228372,66.46394233848139,163.2533436885707,75.42490789654623,-52.54277055577547,-161.6599540163777,-48.21026143371268,115.8264974433305,121.5000114982005,13.74754946734932,-50.67017203708296,-53.276863970403,32.88783236955695,82.34243387957152,24.43705630560226,-171.7373440743953,-111.5710731852207,32.55014500744651,99.09179755819306,83.79020159693299,-28.95523051080457,-72.48215324280052,16.64953185660247,-7.660237771887942,-14.915971595746,17.23136445504016,-51.38328809159295,68.41523084741448,65.00811328578499,-78.86102185318478,-181.7460385112237,-47.97476384984906,94.06482672474361,141.5651314533399,-70.82320980697035,-193.4659679617766,-12.86926492623459,189.5138420461642,81.18568617174091,-85.83198706648773,-78.44743347720053,-23.88954971659104,72.81133375502134,62.58084587734583,-32.3066520825715,-58.84410531674754,-29.39269624884061,29.51135053084392,17.025350644728,-37.36639999169146
9.461447921067146,33.31721421010688,43.49006483424277,-27.96196040290067,47.50601685285156,22.95634224974369,9.134040062516194,-53.60124832113272,-59.6619988251744,-27.81934573878782,14.29206251739633,63.76675028914099,42.8892117916695,11.97411566985579,-18.83543937246145,-89.09411795735471,-7.359137387996635,75.66282458618414,86.68795125463579,-22.1831816772272,-69.01008573543258,82.27421757385238,78.14296324500647,-73.20085051624693,-140.804704977823,-69.3242081125758,90.20939889678525,163.0192208834596,61.11108688979738,-69.87393221867791,-82.56708545082351,-21.94686297749357,-10.36910613007791,12.0747395533174,-21.44439076893206,-32.85943585679771,-34.12453710190081,28.4819700339516,74.83142776844461,12.01967484849939,-56.18502988212698,-109.8530216314107,-96.04908158092917,6.85913004565395,153.6088089646605,87.38997782656288,-15.8313492735918,-145.5344322622413,-91.57780610961625,52.12496739896655,113.3640767129016,31.45543097173887,-17.9058627090129,-52.70373485890481,-9.088553068300053,85.7608626192757,78.16851730662792,-116.9376214396585,-138.4862690203624,-21.72619984400886,69.29359445245561,93.45976051911326,-2.821544815645648,-75.26607138114652,-13.35620412758799,-18.31834471411149,-11.29209029855796,56.1691686344793,-44.96938623290684,14.32057986858494,59.70746030048122,-35.92662634256825,-167.6762779219484,-67.96029468520781,58.19643669927262,127.6646083837742,-15.5544935499693,-158.6280546651835,-58.0736442551166,168.297667943445,111.5233559970924,-71.04283108129883,-94.65269861976793,-17.33461603031564,85.37018236308953,67.91993027215139,-37.82700341764097,-61.94149032263042,-8.736018051419228,63.68267932580582,18.30818491069058,-49.91529376486285
-5.992153147623285,24.27874350604787,62.86510100065206,-11.34657878305822,22.10552892690152,-5.640883002603095,12.28360896652669,-7.10742952256422,-33.20387372248511,-51.3463704445065,-46.46375834489472,42.61199676715657,76.27740341780846,49.55534193454381,-28.10367881833097,-126.6871699427702,-32.24508614041257,92.27227391260708,89.44744960067162,-17.91023835572777,-88.22093417272815,73.50930642829113,112.3583098061623,-37.96787417722398,-150.2482824190267,-126.403368222201,61.07189463200976,170.8569803650433,95.75991020111465,-48.25819021847219,-81.45466678346591,-3.409983545120119,16.00954612774387,15.7669320901619,-38.57837262056835,-35.60789384258249,-22.87678161381362,18.75219569309337,56.52889494161535,-0.2687666919320131,-27.94146357306035,-75.99365762295301,-83.80605236026734,-44.82462542849929,129.2021542050896,90.0890229904582,19.94537305388412,-106.3713011695486,-117.8483020028123,-25.36959880260916,85.13785211732322,41.57901954339648,16.25229664309951,-37.37149617489393,-52.7983210134334,74.96816363099326,123.609407775303,-36.87652552006337,-132.3718953093357,-75.45933919877618,17.04483391973012,87.25144337131474,38.89002580379292,-51.17097814113938,-35.83409873102584,-41.43882907175959,-15.61729597745764,88.93514148205816,-1.958832495017526,-19.97056089900843,28.64428360752066,-20.00410560818694,-143.5400334145755,-55.84745371522362,40.9899639009528,95.31366179391152,15.91251508399336,-121.7805092366645,-85.21051871354976,145.0136933547497,133.2062882780557,-59.46644750008311,-116.6967120113572,-19.63632138721225,100.7034802328878,80.36789903042552,-40.1986245252551,-75.60033363277022,0.8207438729591596,103.7092494083787,45.69081415060229,-43.21120061995877
-13.83851940675354,16.43229739983578,72.56593028388365,10.44800350452508,3.951805254759321,-31.14948509895864,1.016292757683215,30.79122497919392,9.483608939649368,-51.27406496157021,-96.21917593740922,6.853056685987905,92.75597649454758,93.66567174600372,-22.32968897557595,-154.3921368848144,-66.66805501298853,106.3439222339582,105.5005239311618,-0.5232965717047725,-109.5313584454179,47.9985584459961,132.4105455594172,10.69296830044056,-135.0385195555024,-179.8877036209858,11.11560046040786,163.2400383447081,131.5523342355546,-20.89807772147187,-80.72600892464739,2.95587811313856,44.79686414755672,32.8862736084064,-47.85624335853784,-45.09500476088256,-19.45494817817363,17.7414309883603,41.26381063279549,-23.77011929452614,-14.70142841761061,-38.34044700566806,-49.1288389422563,-74.87205503096007,95.56054289661155,82.36839590979764,45.4260667630293,-51.33345940937814,-118.0514040706718,-98.73474795944479,40.16848613329788,39.96871821964574,45.29679548662467,-7.82182443503897,-87.22458324507667,50.1728907972533,149.6771943876653,50.77085718891201,-93.04109331373961,-111.0436403967658,-46.43695441122849,60.34652838500279,80.20843211791183,-5.708030534546166,-39.87770544740423,-67.07048000596286,-31.37702279036993,100.2035469354647,62.81326687519624,-19.33148577445122,-9.96126935482636,-30.88586452025446,-124.7847006674016,-24.9694498240436,48.72181315610183,61.4205646740506,20.07189228122778,-100.1884574508596,-99.15633858800541,124.351145299058,150.8827008389815,-46.56577488522547,-140.8546344389005,-37.93541763375204,109.8168298339352,100.0359438368164,-32.15317453588261,-94.28873909218076,-9.019605072779754,131.6306503606023,91.65159228240252,-12.55430570621269
-16.91966564123995,13.45608690990286,72.82062378512714,30.34930575511305,-6.602363066717378,-48.39219606151425,-19.3139931897597,53.39307500223904,56.55800329415339,-33.3950664371605,-126.2530958569898,-34.75060828985146,90.32428210649124,135.683653654731,-0.2719658102957266,-167.1582504392426,-108.9794974388671,110.6393869563639,134.4024673996363,31.93465324068952,-126.6667842100404,9.95487002911775,132.4948000234958,62.88575189231538,-95.75055211602263,-216.8918941419355,-52.12918814661636,135.4886838175858,160.43374809368,11.0886525632793,-79.28319252052378,-8.342530992829479,65.07401300016497,61.03993034344617,-42.22324402782281,-57.39674052480489,-28.4635300960227,22.80117357751529,35.20044407423222,-48.33604063367638,-20.49600930816088,-9.16103965043412,-2.0643769448221,-75.70653914201395,60.98922333250773,65.7469520595736,53.09922149293075,7.237555161069539,-89.93291672907104,-150.1508064716604,-12.85988766740674,25.3587841106003,63.22461643949877,31.25506694162541,-103.1662304666031,15.57569325275924,150.1248757130257,126.3200260642049,-29.49350322223207,-115.8056772929086,-105.6831769392283,14.66248738139284,104.6151727373305,48.13819217047843,-21.11348997962645,-83.68515131557011,-56.80459967980251,81.25944536179716,126.1141291986245,18.52609953552399,-35.90196377139397,-57.53610237503799,-122.0352162525724,4.861730293882967,77.26445469856523,41.78098728261874,4.245687538555507,-103.1323403049026,-109.3569294531356,105.2576661557838,167.8695521824632,-25.76686361449633,-159.5141987495842,-74.11681777167242,103.1641795256664,123.0681471284005,-9.048329162967514,-108.7917003830221,-39.27778365270965,131.9114324004154,140.8949968935402,38.74791353760895
-20.40432102324869,15.73952457767473,66.62425270891519,43.68957264604583,-10.7032619879226,-56.35483277800148,-42.67768824903968,59.01612188040146,97.15027278413083,-6.87378313450681,-134.8719674629367,-74.33562800477277,71.25825921341099,167.8760065078195,36.21648178014444,-162.767198451471,-155.4072247973222,98.09818595309731,170.2612170034963,78.24840641092555,-132.5517827866082,-33.52498846105517,110.6393725401077,107.3295326817818,-38.47039528666583,-227.2266022206021,-117.2811807745153,87.14695826865584,174.3865671709052,45.16041870534644,-74.25820236259551,-36.67177594431573,67.49732154642793,93.6083654785005,-18.13155081248138,-66.19529960492008,-50.03266378214347,28.28507992715569,40.42815645164472,-62.73635217127948,-42.94556185690521,1.449545984833195,42.78454903591254,-48.38523507006937,34.04065203009712,44.18961717441503,39.95561834677672,55.46374568444552,-38.84260939552838,-167.4333566038128,-62.52588657119353,0.03862897546149123,66.51676110615144,72.24509255252991,-96.07027861969279,-22.11426700903392,124.8062323390097,173.3144041672671,42.98208786427003,-85.84825168704351,-145.7188268964676,-41.58066984475792,100.4791575938559,94.30547776177491,17.16723848574606,-82.34819086672528,-85.49696107293312,33.17783829263256,164.1859164440197,82.45019705027349,-33.98315809017133,-82.28227387278594,-137.322769161732,14.56527301084933,113.6186403826888,45.46379789171785,-16.80355294593562,-128.5951036708791,-125.1111295997112,82.01418323832615,183.5700350794678,7.939014638857161,-163.4633316980001,-123.0638291345979,74.29943109471391,142.2133001616188,28.46320296967829,-109.4614271930609,-82.58439436225592,97.18111173025297,175.1556837672836,99.43569938779262
-29.59105057201091,20.23238657400634,58.18796068545254,49.36184922302399,-9.813166279362207,-57.65151325948797,-64.3854903188826,50.36510969808141,124.1304897601239,19.55775909637166,-126.4583089932504,-106.6938203364534,40.8069343871236,184.8957733923401,82.32469547721431,-141.8956092323495,-200.0072612755373,64.23431674597749,202.6506980824059,133.5475095313759,-121.2779430963034,-73.74813020820234,69.35386688239835,133.7514909459041,26.55988199690951,-206.0807664873014,-171.8094293346334,22.81266168848053,167.5959791622236,77.42653224441973,-61.92276370748444,-74.95427672385581,47.39032288718874,121.1559894729789,22.59111266228105,-64.78988630729552,-79.06940179093844,27.84373018412108,53.98114670548502,-58.85075169355313,-73.79421454364712,-10.77983077002172,70.81695458390671,-2.375775858479821,20.78428808391362,22.98055112382079,8.768302201047865,82.25051826653582,23.85735194424917,-147.8005157559869,-98.28294082627718,-30.76027816819374,55.30377501090697,106.8361510512553,-67.34658323979056,-55.7358739951347,79.21038866582072,182.6158666715468,107.3790431049892,-27.12505836807715,-156.5520284162163,-96.28647362681269,64.76139967248562,118.8335268785683,65.34734509704948,-59.82028063034364,-108.6352390978157,-33.27855514898719,160.7434514587275,151.655135753419,0.7409206400357043,-87.22425271179364,-163.4611657264617,-7.298760426175116,140.5711539087849,71.63347716298765,-26.87085490108254,-164.1025009449914,-151.0769660613479,47.57995324277789,192.9282098397897,54.68449054478297,-145.3676012407525,-173.371941905291,23.0385083466944,148.9560516118316,73.52174536938386,-90.04735449158447,-125.202018193376,31.49155054662702,179.3634246324286,153.183534586462
-47.68079085433595,21.57978708033969,51.12713577177251,49.63671615543279,-4.748638690618096,-56.74942224036156,-82.24632883736753,32.69502902491973,135.3625246365143,40.64001501012325,-108.6832435562957,-129.8158304066488,5.3565412777778,184.6517088603267,131.0480583794446,-107.6679711729217,-235.3841177922187,9.2157720479519,219.3013405261011,189.7449985504992,-90.09220630534431,-102.1480751791534,15.31315243132403,135.207050877974,87.32184402853834,-155.4356664055371,-205.0553536088914,-48.41902907530179,138.1974988938455,103.154275338878,-39.23008848108714,-111.4983927106039,6.555639860768787,133.9578008783176,72.39754090400147,-48.62524122814718,-106.3630968211308,17.17682775246544,68.86526699585758,-34.90900268157465,-101.5875809279978,-42.47817843444118,72.2268593733468,47.38757871276231,22.83782723567338,7.058979970128958,-32.54362679433066,82.81000761481903,84.35030449053615,-98.58607592724225,-113.8231501365037,-60.56409225015135,33.2787390560252,128.4774418762944,-23.80729784693374,-79.60540169652704,22.59061106134924,154.2872919138915,149.7457172124224,46.47026333725756,-136.0105634707262,-137.0717301900376,3.89103932465913,114.1396877091586,110.7054755126222,-19.60338268932486,-118.024599295253,-100.9984652759905,112.4648229212632,202.6083447964918,61.19291315673857,-60.70675039000615,-186.7365024756948,-60.25966635810256,142.8953676247799,109.9156252050596,-14.71515729095436,-191.4239561392893,-184.7771354317612,-2.188402933699861,188.2615769095172,108.1675870078057,-103.1678661208903,-210.5348822296504,-43.18644378154443,136.5719631076571,114.5082359145662,-50.65249380784906,-151.6222610785244,-50.20767446797969,147.0596701552163,183.5709221404989
