-93.18006015084028,80.75562292902667,117.0323935289071,77.35933435749874,-60.35471320644983,-166.4562543715599,-78.08095405500802,31.59027121917614,177.0158504793455,87.54996197957739,-84.8704815722556,-202.4696601468796,-68.65947627891012,171.9305342834148,235.428029142353,-33.41124644893119,-242.8559128363461,-145.9758549225147,84.54106468658786,226.5913178931707,43.24229679801576,-253.4211634073995,-274.3511510234789,38.40164724088497,304.1042873914352,181.622225803952,-106.0709408724757,-253.5666944215852,-112.4025825715848,154.898937846983,200.5646020812807,39.47992199672429,-205.4280020877486,-222.1237548516044,-9.83794312793113,223.9093745445291,163.8480219137314,-38.51276379343944,-210.5210954633822,-103.1361581137516,129.6062341856615,162.7970224811733,22.23148688205438,-110.2626199640263,-164.6816813569502,-22.07210552838375,144.7847217317026,139.4634023265201,-50.38280371270613,-191.1806981779813,-83.9582650387086,132.0083510786227,66.01845341052059,-132.314504554292,-134.309489191488,11.3912772432651,159.2936749546613,138.4656755741647,-69.46901890555812,-231.349182820016,-123.4333551736916,118.2773505757887,230.7845471135725,120.3247152289126,-134.2735982833376,-251.6172037978909,-30.80618542171372,281.7647827897817,268.2900105308999,-17.16061134944643,-167.3548312624476,-59.83470517998154,95.2813031553143,63.85744778471877,-18.15616118667539,-111.5570781938308,-80.46737478216571,65.60328142846549,51.75178378139837,-67.12079194604699,2.772418506161046,90.26265467272212,20.28318298273696,-74.04113030113257,-40.71711408638606,-42.46870906206281,57.45971536110559,152.0023371775181,17.27295338172377,-162.9064180760702,-175.1847168115075,24.77692689657551
-121.5632125721885,51.5967858216829,115.1006471177128,83.3881931003079,-35.56610634596433,-140.6799101517197,-69.93916360365056,-3.40341867172131,145.7145296643131,89.94042467586731,-53.54974421524604,-179.6998628813074,-92.45655136632438,105.22912832178,203.936296602187,22.39620317688722,-180.0212241925301,-131.3124258435082,27.19882845977441,169.2327928643585,65.72159459573743,-170.5137869094931,-245.3719747167166,-38.88996641348462,243.4180627856799,207.1566843423562,-25.81549533340188,-224.5435127775093,-169.0138629148688,95.83769056243774,193.6367207307669,100.7492366202612,-140.6398676268185,-229.2649541521656,-101.7875499975684,175.4054033163131,201.3234674374818,20.38944817953496,-205.8461670279937,-157.8795409032325,81.58216271447296,181.9463549910365,78.55567417829147,-81.48701065796097,-160.913130496027,-65.41125718000313,103.9487971605235,152.1284790330096,6.715494116589733,-160.8682150672293,-112.9398965416665,84.960585921985,73.39734777806396,-96.13807137744956,-140.1103008368817,-15.10710525364527,132.5225293346007,146.9985795140727,3.722283559542521,-194.1162259987456,-176.7895916285847,44.75265129346539,208.9102061463856,161.0567817697428,-65.92828293369486,-244.0411076470581,-121.9544001823139,206.0180319965042,294.5162544408366,73.64480975565142,-128.0673012693022,-104.453707850248,52.82894285407754,87.77992761181585,26.88972235479807,-85.39953498852816,-112.2106928360001,0.479562807122648,64.47444785218461,-41.9604578509469,2.488464955429343,77.36801098597337,16.64202223739004,-74.09150138677906,-41.68574240520976,-42.2470185288494,21.2927728119011,135.1859481385714,51.36922172099359,-117.3852622583197,-187.2442269190199,-34.5808305599794
-136.1914285354228,20.46170416363944,106.8305532482275,82.04299245832473,-17.34052372372887,-112.7643680042924,-54.40610110682314,-17.82064405369722,118.44678555777,78.62655518061932,-30.13928429105956,-149.6682280228644,-97.51073220598906,52.33717002768272,152.004553561732,47.00487054519662,-126.7898705142809,-96.08798874412929,6.254871960362117,109.5514410911477,52.04303916025488,-111.6476411479431,-194.4973695345257,-80.06042406312324,180.7195882344036,205.0211024162261,42.05191297024707,-175.2366170947713,-202.5390783207048,32.56218495399221,163.1075238678686,137.6177435298503,-68.53264242116093,-207.076978964635,-166.9015144284334,106.9320043837905,206.4876022609778,75.66062659670897,-172.1835712743523,-194.5721480106489,18.57250223450486,177.1200883877813,125.3233896403563,-49.46972205188051,-144.7603839379893,-103.4011830040767,58.05987802674264,144.4820030378518,49.32194741228763,-118.6502295284086,-119.4396360055966,44.01678155336876,73.88306881762718,-62.79799543044046,-135.204404910625,-34.73172247800744,97.77254868270629,134.7347872482523,64.55251384484183,-137.4973529424574,-200.0099045118871,-25.44825929315503,158.2297177964449,170.9968747253446,3.281795450980537,-202.6288947450357,-185.0394734635485,105.6122730408012,268.4565821650858,145.5203569440303,-58.06221721427595,-121.4030728246088,-2.492484104667348,85.00560848534192,59.9175697645027,-32.61492168779831,-118.3530291036966,-63.9591744998542,49.7839437920259,-20.83721729949445,12.68321266927547,68.33091265076796,3.431219911043921,-76.4249921225146,-44.13584348936015,-24.96912622808283,5.172858787917463,105.5635653265668,59.49215196196985,-70.83100596412449,-168.9247424967249,-75.58368933601757
-132.596270267258,-7.071152557019445,91.31728043807442,72.62795302348803,-5.92392693297367,-86.07334657885411,-36.78705336016222,-12.60903806323321,99.74587415060313,59.90923183920699,-14.8789473148446,-118.5642885495449,-87.97659373739988,20.84825742539458,95.17868474781073,43.98031952471189,-94.52645544742749,-57.24485207109156,19.21542909860978,65.17985701535778,17.16531555155371,-85.31157247799017,-142.8029454041051,-87.21458028858754,128.1110864112976,184.1551497907317,89.88019751849197,-116.4667178961163,-213.0919430951727,-24.99711816370095,119.8165283415806,149.493888389936,-3.591451579169362,-168.1636380151503,-197.6486970417883,33.78078173600742,183.1205336809849,119.8651939336369,-118.7043650649453,-208.5477383406068,-49.8574116784841,149.5362105761678,155.6991061497253,-17.39157107570038,-120.9225949562781,-133.0566261026639,14.63225625108525,122.6261736986786,73.04167889798414,-74.15647978983672,-111.1141554963799,12.99294084857561,71.64462784692967,-32.02563966133441,-118.7917772279983,-47.49944399457573,59.93008016964337,105.0201661333726,102.7729835023171,-74.25584331693751,-189.8637380182714,-79.02466068920991,91.39613757767215,150.7432071040857,61.19693255903282,-138.7534056831002,-209.8204046040339,0.8860138253292196,199.2983555096866,181.6119318952068,24.53397796757423,-104.2540411390211,-52.17345975920075,58.10627265792441,70.93275239156077,31.76418531604019,-97.70927524530444,-112.1699614990201,12.58600852414034,-10.61947081362764,26.98196941188429,66.2785362469666,-13.91408344605821,-80.63369363632506,-51.67404050543883,1.199239359383807,13.55346235644617,77.34146515782668,43.07607925201643,-37.60003075764562,-132.4253052407916,-89.65412208746282
-109.8516099994293,-24.60941555974242,69.99588973661218,54.62674833553671,-1.450179155764012,-62.67014425989938,-20.70472369845039,7.5016574494514,90.51438139418975,40.24335221124441,-6.316461410888762,-90.77840464347801,-70.03130969137935,11.57570862440341,47.50751902792175,23.49045746636127,-85.95514838719545,-30.41855400246295,53.20050899965275,46.54068403107249,-19.54403153065329,-88.00558906489444,-107.6639996453221,-71.78800031987974,91.54952906822039,154.8930076132249,115.9951331710426,-57.92899247910704,-204.8264461839063,-70.9690620148022,74.53493098095379,142.3069127240974,44.81840773126105,-125.7282225581493,-195.4049137187532,-30.54228832640834,140.04121553551,149.3397003086237,-56.97419296636169,-198.9450322731145,-112.9264402016263,103.9012244899172,166.3365460271619,12.90641042961562,-92.96896938973613,-152.1052559983117,-21.4934559739139,94.14142883095992,79.10082054592667,-33.92963963687394,-96.59995305280484,-8.076851820431292,67.48658761866842,-3.951518886107114,-91.27659184640626,-53.45593290200738,24.49460171852817,64.3097829057822,113.5833073524075,-17.86147396069663,-150.2553313239276,-107.0858647487283,23.63547999083872,107.8207717225041,99.26292474586147,-67.48347157313459,-195.6783886223062,-88.2986870817724,105.7599658572996,175.3072290467296,98.61624574802865,-56.1830492451835,-80.19281039854863,16.49729859203373,56.92156165592115,90.04057999065499,-56.27462826707241,-134.1837615600475,-36.69128008493458,-14.3926624386424,38.39645053118529,71.72786454869286,-28.66051291750664,-85.14523805186869,-66.40940012625931,24.53355578084076,42.18268389033311,63.56303447688123,12.8617494835305,-25.93888318266134,-94.37399310031471,-77.90583171038452
-71.78645484916663,-26.7656724790866,47.06837668783039,28.70963105046777,-4.385466007175317,-44.00503953894912,-7.832479978561693,35.93348930639873,88.83421343745897,24.55713031816021,-2.406990816811518,-68.25876164447475,-49.7303597444625,19.13673767916218,17.93659568686571,-1.614347969502741,-95.21478899590288,-24.94414159166046,89.86701574250061,54.14607827355315,-40.8647919378069,-106.5091104245471,-97.5001400177098,-49.4990543712262,70.34068628378166,125.5457913675747,123.5692449318132,-6.16916250389758,-183.466298688911,-103.8765263008222,34.74946731337742,125.4017625930556,73.77840771753363,-89.50764497156926,-168.4805377517991,-77.12001631280616,87.87603524573279,163.7139285001518,1.915647467464268,-168.3315423186457,-160.4646018775954,47.64159254016687,157.4977814157132,40.27426380328183,-62.86396711860196,-158.4822852435235,-48.27201997049551,65.56390948717207,72.65076758648472,-0.8408478912333962,-82.13954604902258,-21.32618262506584,59.03619077489618,19.6285861003679,-55.18866773227531,-52.32146886824336,-3.258044578418355,20.59060490122445,98.33898612275038,20.76997622435274,-91.15131078196023,-106.9195280217143,-31.27052254198498,54.01437906684227,114.0192383822347,-3.311744001823139,-150.9161793796203,-147.1932725229085,10.42418875131395,131.3692027644436,146.1574047367689,10.99482153043994,-77.69569191615913,-26.66386159915932,22.42517844050285,126.9299481765887,-5.07921802108881,-127.6274680078086,-85.07592558855261,-30.82780427857336,41.51406241470882,82.717947857288,-34.5534218959746,-87.59503213202244,-87.8237258365298,33.48542494671793,79.33995343818769,71.43619779431317,-14.94010075775753,-35.25761234094175,-69.82381690099068,-50.29211531254598
-26.94853556025409,-11.16855514203954,28.78592705503794,-2.271210302196269,-15.26183434438692,-31.58293725637413,1.403366719725767,66.15314984095939,91.58138880124251,15.35795031097302,-1.553030812647244,-50.82508093774544,-31.3392485391279,34.34767258983555,8.636976432050599,-20.08187560755598,-110.8068652867087,-41.24739484253387,111.8752633152047,79.29157941240554,-37.19724421097845,-123.253203047534,-109.8237424390261,-34.38241419152023,58.90431882315027,100.3799074540389,118.2953649986303,35.93410491227378,-153.9740278504293,-125.4818016326692,3.147028553619783,107.7473026314654,85.98769667056024,-63.57719819470071,-128.5925538691998,-102.7024068398559,36.07275434890128,164.6171338022652,49.52519075728958,-121.9501512476286,-184.7727699585961,-10.2103766365032,132.5281180167652,63.3866493961262,-31.5361806511694,-150.3573277880009,-65.59080610110044,40.74476609688073,60.15592386482339,24.99392924764816,-69.74568355528099,-28.97360740396121,42.5753374708794,35.05155330942536,-15.61828279362256,-43.66828133284397,-19.08808598901099,-18.33096448760819,63.67203068998179,35.67326731545673,-26.06952717670156,-82.0706806861004,-64.22276608680052,1.757475227995639,107.0816841249791,43.46740767152224,-89.63894540408303,-169.0472508691575,-66.58173202002816,63.65650934184609,157.0809262958071,80.31699186525499,-45.3378225245551,-58.48843913443671,-22.16796923068432,133.7022591335936,43.19677903020981,-97.40684542540453,-120.5659557706337,-54.8100282446601,34.06673294514626,95.62334826797132,-27.56410669454208,-85.49593954025636,-112.4238913396892,20.58092448876501,109.6438702120223,99.58281509396795,-24.56684194524051,-56.5773228382864,-66.95428882347525,-21.69983581435471
12.96680126836743,20.07581307676288,21.66438929140714,-32.90523147957482,-33.82665850163085,-27.12193821446665,6.694657954938717,92.92554216419042,96.07149130661936,12.77654722369479,-3.162795945694313,-37.16374655627232,-16.63757549457913,47.53275513264845,15.55977196877262,-25.49401137090746,-120.2568512136446,-71.39046254399493,108.6719790371651,107.7691865642722,-9.182406620727708,-122.8590528469235,-133.0769559964258,-34.00144767895456,49.93817822011773,79.48807415295491,105.8545797057133,68.30618757970076,-119.2075680832348,-138.799524200792,-21.88711795925023,94.80034200929256,87.38524338818303,-46.50973541356333,-87.05501797904515,-109.056999890761,-8.960920785183253,154.2502140510677,81.11816776701068,-66.81079059691311,-182.1773642462083,-60.39408133416654,96.93132099589226,80.19618371610113,-0.06573260154260006,-126.80682359507,-73.99347397960756,20.54191321989481,46.87251181776308,44.44121191715857,-57.45532806483016,-31.7043220599368,15.72989741390575,37.83980998627234,20.19364324474974,-27.57892947307542,-20.49293557743556,-46.23406543186272,19.42238998741965,26.7934737687755,31.159051503255,-40.86055830135597,-72.40139689798136,-39.23841731109142,83.82134327882247,68.6845860452832,-27.34676603052459,-155.6180053792441,-112.6114400626142,-9.636597324547353,131.5337463576629,134.5916493215082,7.325169392880838,-70.04156464307778,-63.99857699476825,110.2310184905265,77.78665227929027,-53.38472453517998,-135.2009876026879,-79.11226894897293,17.43492139240151,106.3674062831883,-7.093996522584751,-77.04245031736744,-134.4009793126558,-14.79585913455707,119.2332715621502,138.2258228539986,-6.660428143449744,-76.01723664413196,-84.35460503367541,-6.384763371283666
35.99983745107325,60.13831823197962,30.16642512548469,-55.89541294940545,-58.07187301751548,-32.01729741909418,6.996170423900697,112.7024707024445,101.0322854290917,15.34779397315677,-7.53969279419318,-26.00548587449062,-5.280620327978485,51.61455608109376,30.76353463022985,-17.52263380537649,-114.7732804220196,-102.4345316615129,79.66710145116431,125.2149441022339,33.278600466268,-97.57500314989689,-151.4537885697406,-47.41433543256026,37.70240654953248,60.30436171340806,90.0992318035693,92.04570868253552,-79.94520205079986,-146.1446785589319,-44.19223835927611,87.04625703887488,84.25383333219162,-33.50781817364,-51.87617850533019,-101.1155595178824,-44.23952257367618,134.4402676178431,95.57306389031714,-10.7551554429025,-153.9294090592315,-94.9348560131594,57.28400962052856,88.07560836015833,29.19722401134729,-88.8767627855761,-73.65329048171051,3.771990957506299,35.30051464653761,57.628246658997,-41.39668110966393,-28.20666914085211,-20.13504933782889,24.6602938919762,44.20300011166405,-5.481120871046461,-7.222393148988681,-59.31493613277286,-23.93275928531434,-0.6137020274462377,69.49379613999213,6.096696978714334,-58.93895671554131,-64.09329087367347,51.32220324670363,74.12306978984532,23.31558335392239,-115.4450603698065,-124.8182997899449,-71.55773654848834,79.02461571405368,161.2396681470424,65.09274397252065,-58.6395748393799,-91.69537748870042,64.46999958081496,92.5526204998777,-6.959626379772129,-126.8793614807442,-96.62210444120051,-4.014491000133169,111.6690047898768,23.75677545212508,-61.8204983901399,-147.1974877778762,-65.71240825211318,100.6242752390709,172.350439894461,37.86287445099003,-80.10141691150874,-111.85390000514,-12.72740234504096
33.38935435102178,98.7567143970173,54.67740055563586,-63.80759590343789,-83.74012308967067,-46.32488922909476,0.480949656523972,123.3291241181982,106.5529123189103,21.08184181355154,-15.21932907357789,-16.96939402719691,4.105785346165921,44.01122818128506,45.53548928195051,-1.023225845575237,-92.27457033994581,-121.3267680714633,33.840903775318,122.19735561774,75.10160004272879,-49.79902959676987,-150.9276531644862,-66.42188842294014,20.22264782329607,39.9274599828838,72.47900596982319,107.8482097519335,-36.08333428068819,-147.9660224515319,-67.14964329493411,80.58773320671929,80.86770097472707,-19.47012475187374,-26.49419145616832,-84.72922791949702,-69.32912602327936,106.4971980457691,94.48720728237282,38.47337807964164,-106.1681845718551,-108.586101649276,20.16364574947785,84.68243540666907,52.2378361367557,-40.50611061046106,-64.08041697309216,-11.11641726816993,25.0651791658021,63.07922704487879,-18.6970412943306,-16.04832652433927,-58.89616602842209,-4.585186951520957,49.59616768920473,19.28705805171816,18.47426872424642,-56.40419029127909,-57.61640310077706,-37.82146574210559,82.88898540529084,48.60079545964252,-31.01192168442862,-73.08246157255391,16.35108235834203,65.5762421495624,55.38285425296978,-60.6719246349704,-109.3185433940451,-110.986158342047,14.89843281942153,155.6270773613943,111.9140213302569,-28.1774951223482,-98.70842840809293,9.656723678204884,87.1587580801051,32.31302033149939,-99.49038426449815,-102.4916242866371,-24.50145693830698,109.9756284630666,58.9948878831839,-41.18549112582862,-145.5597985667869,-119.4315165539835,55.59962383305292,186.8524519486937,97.48907250658448,-60.99566645295044,-134.5994754510089,-40.17568072362091
2.560375814006182,124.8635416503726,90.60440728376173,-51.45105818247393,-104.7652871496714,-67.79403316216903,-14.57087313210648,123.5232846222397,113.1443523106155,28.33046121866628,-26.12037522294494,-10.74343058036415,12.67489797853042,26.84262613756788,53.18323592179219,16.46037919226154,-57.80987847402647,-119.5451202096735,-13.91591235838564,97.31148919624033,101.6445482198087,9.062045600024927,-124.3654128229813,-79.43882409776383,-0.2875220288594475,17.19385250540498,52.69356242218254,115.1802376550204,11.65464930524349,-142.838494921914,-91.51733788388405,69.41424386989202,78.41330682499886,-1.719750276420716,-10.24577403335656,-64.82471446223282,-84.8723095494568,71.79415231869676,80.9853727354409,74.16476304604245,-48.83799023467287,-99.91216962030715,-8.807355359537031,69.21763389876971,64.04618569966794,11.27211606549008,-44.6789119783427,-24.43151404015384,14.12006208892518,58.10571292859503,10.04949542571924,6.498292246105947,-90.62411025315129,-45.45383403982652,32.95279577454497,41.58435309856721,51.96189010420987,-38.7124111183777,-76.09899859607935,-75.08859278166769,71.13223237980948,79.05256920672744,2.850837396716559,-70.29037933542531,-16.03876066042132,50.02590024316327,68.27685981455002,-3.528305526969451,-77.79486448170857,-124.8917574336567,-44.58666856159163,121.9621888893697,135.7015139673855,12.47343230427208,-85.05442770192668,-39.81272886035086,66.51180118491143,59.0558278049944,-61.41230275799369,-95.61080425573419,-38.799742274293,101.8424939912221,91.43159655631244,-18.13455919065992,-127.4397032019349,-161.1503610488719,-4.909175676630984,171.969387777682,153.5877659828846,-19.77640085939791,-138.911860295221,-79.46670022982173
-51.41039680375152,129.8437339858312,129.1105100713469,-18.08401858101678,-114.7343563890142,-91.56334160201376,-38.31583665189968,112.6114079377749,120.4627993907818,36.10913218452046,-38.96813765169478,-8.581678924613669,20.53819971941738,5.563204018585009,50.63164626866045,27.71615039829213,-21.37448545602147,-95.89614170597892,-48.30397190726521,57.30034804330075,103.8572815596488,62.85391646832557,-74.00556383838071,-76.42727574956024,-18.76378791222368,-6.355912748146373,30.07362649240556,112.5084065037307,60.34611527453768,-128.5069150110611,-114.6309463349522,48.41369051081644,75.36782218265327,18.63513474112872,-0.07582389715780967,-44.47152374525835,-91.2811189006346,32.65748727829855,58.71166522028035,91.56133217725828,6.309200105745144,-71.70742968661963,-25.73947328380255,43.51432015939771,60.2191755890928,57.22682696755034,-15.86293494683128,-34.41132945819676,0.6655031036153298,40.29082023126697,39.84885338966085,38.49690691555591,-104.3660357030863,-89.1419324484893,-4.168772394172158,55.42002515679417,86.7709217514591,-9.327861714736963,-77.61754460205614,-104.021360755502,39.24511465783113,93.63172569334179,35.29417268568697,-61.26673766924254,-42.96299099763386,33.03796076531295,66.4628429213985,46.4742140195505,-42.90927808059781,-117.7949174092814,-86.97027026574163,71.60047545665913,131.7160459596979,52.39283719479201,-57.02980155361627,-72.56443844832188,38.79266284220367,72.79667500073863,-22.87034513351738,-78.99111206384407,-43.98363073242795,89.67696257972301,114.8001730465042,3.370439568072368,-95.08957785034733,-178.6234123240637,-64.01797977713485,127.1338056557104,186.6261100398342,33.49959336883515,-117.7860990034206,-116.0535982295221
-116.5235912429203,110.3978363830055,159.4493935312086,31.44603370743048,-108.9971330250431,-110.9303255747837,-68.04238089969434,90.79056434431425,126.4227369348953,43.82459403681066,-51.34246565391265,-11.40627016570789,26.72573882464958,-13.3280765555218,38.49629139161674,28.27760446474033,5.946897514188049,-56.58277991295248,-58.94660455007915,14.30125147891187,81.17939074393308,96.44992478742731,-10.55408869798899,-53.02178225734717,-29.70445597702766,-26.95216704783461,4.951506565202372,98.39927092709087,104.5263704395998,-103.4691511002276,-131.2450189522716,15.97209711386073,68.97280228655944,37.13812216131005,7.346580171778421,-24.95508977371203,-88.17823038742034,-6.990900323255477,31.2833280055273,88.65828207873759,48.23155131031428,-30.53502274059573,-29.01396243887098,12.38840540956314,38.92048513209637,87.89139437470912,19.83826646048984,-37.56705908761491,-15.07888597326002,9.419699318969343,62.39509841821724,75.1789554953553,-91.89600526722786,-124.3457099678323,-54.84862709448903,55.58913890396439,115.6003815071799,27.34109762962166,-63.76372412658321,-119.2541615108317,-4.250988440721544,92.33979788070516,61.73108295444623,-50.63943858789207,-63.29933670095589,17.27039570327847,56.78481354037688,83.96663368837677,-14.15126280304771,-98.92368008042297,-106.6728084091258,19.38203419035896,103.5857719841157,81.91368792784766,-25.06712576779688,-83.27357974965422,12.77060604555897,77.08869055554172,7.063108561845303,-58.93794460096196,-40.42801788169555,76.93670807467177,125.655119875103,19.50329812496702,-54.89574955753631,-166.2171342171089,-104.2149925746412,61.86123693418807,183.0459890152424,83.03733523805327,-74.00493933065405,-135.516282627515
-176.8006998272916,70.00153138533415,172.2719577466058,87.25850608003147,-86.6868490754016,-119.1798690538175,-97.79028674258805,59.82908866008741,127.2815008697864,50.65691765166893,-60.43143285946416,-18.98234973874685,29.9048221127421,-24.58647990917949,19.90285773745745,17.45149302696008,16.01815623724667,-12.66824559493103,-43.68187905893947,-18.67623493142118,41.27551158770171,100.9616106828404,50.64667430756855,-12.3494710178513,-29.61378688603372,-40.22305872104441,-20.642276057259,72.91760220914472,137.1405525831987,-68.40154505640588,-135.6370126935586,-24.79537686680675,57.08313133465793,47.93242650899496,13.94987468572269,-6.565934230935716,-74.76136925118141,-41.69453507704043,2.215653373895281,66.70354244153958,69.04775322110126,14.63280559520278,-19.49951100831125,-17.07529376044813,2.393788532966559,96.11022923027427,57.29724283204981,-30.10049151387739,-30.0353409870866,-31.02204858948101,68.86729444414054,108.2335686846504,-51.13069202957551,-140.3709463358107,-107.9391389872574,39.50331111157696,131.6728263801112,66.09085152551853,-38.47839972594772,-119.1361201505753,-49.64820261412572,78.12944343986427,80.66241687831787,-40.56189242657913,-76.80795196679269,2.479136677252766,45.563008657472,107.6474886738193,4.563234911259106,-78.28498440312745,-105.6647630458835,-20.81965060126564,61.78800765087318,95.31341822677064,-0.4432290199203983,-73.73872700104873,-4.774367720386747,77.52122656119417,22.98194905115922,-43.21458614176957,-31.77117318435507,67.0099612966312,124.4398607708545,27.81091235371498,-15.86673357550698,-127.0609248808234,-113.1296802995738,-6.755323262814378,140.4286951652863,112.7894328944365,-19.65851114251545,-129.013948614713
-216.7310599574111,18.32451580868226,162.8509410354401,136.7836902542602,-51.81028130002444,-111.9704483001451,-119.3745415868197,23.78692772902799,118.861177135545,55.0273865169739,-64.24365743042517,-29.61294155753615,29.47265056114621,-25.70021584123392,-1.245148314057537,-2.208291873076222,6.387733143087868,24.01100933787708,-8.750804172923328,-32.34900563902817,-3.140114268246074,76.57730328936741,94.91664623214031,36.04849519958231,-18.48588660646815,-43.20875874437972,-43.27658312333106,38.61466487768737,151.5229255570172,-26.81624960390311,-124.1112650889627,-66.61577884283763,39.61097463408173,46.36851611688406,19.57533457783144,10.40491616609044,-50.82501486262534,-65.38255887374707,-24.89900194607926,30.19513681624662,65.78347294875603,54.42883830056256,-0.365254191105773,-37.22612091540353,-42.69135722531849,79.36813535568088,89.31904130178818,-9.853173569090115,-38.78033059078447,-73.54536717390256,53.43072972314562,127.6876121424763,12.07911417081353,-130.5414418206627,-150.5718945321567,8.559903616681769,130.2075306896198,101.4377209970317,-6.870743117779387,-105.4305890670083,-88.31333707950282,55.56090376876482,92.87383775228481,-30.48260635771134,-83.29328904127576,-13.20218132046703,36.48207327088673,119.0911450998651,14.95758566458871,-63.11181032268954,-91.76530168268992,-39.99002450010077,20.19224110605665,92.16150612891221,8.156330315161808,-51.81786623488694,-10.80978012450795,79.39956184090951,24.49752121485469,-38.67697126381517,-23.85736851327965,62.08767369467772,115.3329409134751,28.2050387258902,12.87157514109039,-72.51279344426565,-87.86044787277467,-59.23978937996816,69.08169404920037,112.2900026090105,27.8581135829185,-96.80250771618513
-225.9453147650212,-31.39715583113674,133.0828218537179,168.3399636045706,-12.7911388539651,-89.43003586192211,-124.747335087405,-10.81157558515361,98.54750455160601,54.56739167932466,-62.77922123969627,-40.58153799454107,26.44007031076005,-17.10758697109977,-21.73288778904519,-26.52466683160628,-19.21025032407949,44.91740783216655,34.02169377911566,-24.18105687376358,-39.10061624462078,32.12063797950725,113.0830968041368,79.69911705048483,0.2253923030653228,-35.85296672479607,-59.27222160876309,0.5633447118656517,143.7024172018113,15.34885863473104,-96.89566903410791,-100.2121789599003,19.01347588710956,31.20520138151439,22.39253249210834,24.9688312499469,-17.87577985368268,-72.93015753477854,-46.2735919270779,-13.75283114282255,40.91691055062375,81.27732022634119,23.54444483967815,-42.05596548811163,-86.39904385791941,41.05644178275459,108.1822488134367,21.9977888752466,-35.29835059174338,-107.8921809902696,16.11363800194375,124.8856076168422,84.58974036332263,-94.74713402659999,-171.4327235782834,-31.54225329915963,109.6724833440498,128.2017037405857,25.79556347390751,-82.29693270237074,-114.3653662729784,29.46708317199986,100.0459343700824,-18.18070318270171,-82.226976781575,-31.41001238844035,29.89071251269283,121.1137980292703,22.40893780381185,-55.86711543713722,-75.35742041051509,-36.20447497461657,-8.19889650526757,77.0375288509651,-2.778808830991368,-28.66458115883072,-6.579612717952345,85.86870875316077,16.0946558958573,-49.01894307329172,-22.96687206696488,62.34510655021813,104.8497131758261,23.33797516373455,24.86226032043292,-18.98720913163049,-36.38994095700072,-79.98402241244536,-10.64680153087017,80.76666410640499,52.02196664608139,-48.50972629278992
-202.6466258418841,-66.34981370453382,91.43935179459156,174.8693505098247,19.64786375686937,-57.06608664554909,-109.0339303064997,-35.79752949816726,67.28192451320946,46.78742790180842,-58.59424593003526,-49.23752102510937,23.57603677271307,-1.241598758090033,-39.64348173644814,-51.56983207902151,-52.64813165185384,47.37997357755399,71.86612940443172,1.196605831451316,-57.97382176936112,-18.38477732640418,104.1798063900474,107.7125463022619,21.07375012446086,-21.29444453503969,-66.18437009942311,-34.70675386570078,114.1618899758913,51.09800397138575,-58.66243429361869,-117.2672800804988,-0.3186395265574473,5.532659129848398,20.09016011026255,35.3442061303561,20.26416602095211,-61.84054733807193,-58.12921800513474,-56.64750043515707,1.53649418799495,91.15340384904995,46.70691366877434,-29.17745132877777,-117.9828986919922,-9.897006704429325,107.7675353951816,60.22990019478846,-15.37588745268988,-123.5754928886,-36.1016242093964,95.60277603957523,149.0512283958824,-40.16863325620594,-163.8927798702689,-71.83060373265027,72.45264842504221,142.206125430477,54.78055660265237,-54.96032384298518,-125.4618608671911,3.986112886999546,103.455966598146,-1.519827110331961,-72.9889305045633,-51.99948126372729,23.548131428778,116.3786056578037,32.8870451410064,-54.31533372040536,-65.72851981261289,-14.65502366884174,-15.01351667142006,57.8240280586562,-30.5554168439176,-15.1584850897473,3.125586266552607,97.00872094653215,5.578264948789268,-73.26893503908049,-33.83559187741589,65.6824902327817,99.58005540964265,18.12968995517551,18.51580186491635,16.96114849367274,24.47647650143733,-62.5178745510161,-74.57619818151727,28.01183141177285,43.36581879652456,-0.003693351284032852
-154.6107888476831,-78.28976731339658,50.67666297037985,156.5676214761972,35.76598079018311,-24.90035818243215,-73.16805097562556,-43.24721038703542,30.62596876809057,30.31019176015793,-56.36249464722437,-54.30588681504086,24.5753640042051,19.04215906143495,-53.97651619277222,-74.91753366174486,-84.68384081778652,34.79064692098001,95.71634427899828,34.20354143785275,-58.14806992651967,-60.79943221728436,75.12879328958408,114.6100807724601,38.86987125715171,-4.79032001162118,-63.93303756142564,-61.05412307990676,68.33455474701195,74.24016668177622,-17.42750380214774,-113.1584232977297,-13.49039702852108,-23.94209823344425,11.25838501713591,39.4683959675563,57.75253957163162,-33.4249663827975,-57.30142786241133,-90.23987804909056,-42.67741691998437,84.38701602185712,64.09833321626151,-0.8506497857352238,-128.9205402952045,-61.0921187401175,85.57243378349214,96.25312180032188,21.24190585834045,-112.9786345315186,-90.52924489059478,42.17799882625297,188.6106644297411,20.23001653740861,-128.0488861739957,-102.2722484825165,24.6643090017154,141.039511976872,76.22791795039193,-28.46707965458084,-122.6570627928749,-17.89522799090141,103.3178124826892,19.88419607666287,-55.56915518178576,-72.48353289759153,14.31584841903415,106.6812563121628,50.07790095194795,-53.37871243376028,-68.2351837815479,14.38648014945152,1.280915204987766,43.16683776496674,-67.03678338365729,-18.59466608388862,11.64280290936179,110.0481705538818,1.577369977218702,-105.5137554027613,-58.01979506511252,68.14276179488196,103.7544962124107,18.45421329665721,-2.036692138903833,23.81220390327381,74.09988393270572,-12.02469574836352,-102.4504436780851,-28.40899680957055,3.435355960997806,32.09465654621297
-97.26194247917189,-66.49643245666465,23.87007340625256,121.3889655729381,30.24804051740706,-4.820042177509563,-25.01516293470162,-28.03767311644845,-1.79115081066048,6.212915880322129,-61.39496105587141,-56.84001753877045,32.43849184324925,41.87468731891401,-63.6339979461866,-95.75372756308766,-108.3881543137418,14.48877765323926,103.1137710553472,64.22699506155313,-44.88226967558683,-85.70584203576037,37.64201858208057,102.0392536756284,50.75466673286105,8.319984709226434,-55.03306149434534,-74.67955571044196,15.54788184337652,81.11072290965535,17.80905207584319,-88.52658480769614,-16.78328409350665,-48.98146275763102,-3.632382878205941,35.85400631540959,87.9276538420913,7.009849942334112,-42.11670782981245,-108.16533544428,-82.07191423693892,65.24417753684997,72.26422592634749,36.37308485659245,-115.5355021607635,-99.89069359184919,43.88739141938726,120.0867559547847,69.76961953878686,-74.00331299539427,-132.1030137120079,-26.19332121588445,191.8105399992742,71.11315818154259,-70.99731755924877,-114.5760904446185,-24.95303135771249,124.7084441314851,87.34418653737339,-6.801297062906627,-109.5303097570518,-34.35891140053056,98.97112827952984,43.82109623401673,-31.33716077368082,-88.70088938403119,-0.002890859107644279,92.99350807236461,73.75973207595581,-47.87175720394151,-83.09167355436746,38.93391083734137,35.25327072805835,39.88050788746423,-100.9177180540697,-40.55694147970733,12.5215266327337,120.4713810598204,10.81912137173753,-136.025283181565,-93.06704365265936,64.95342489953674,117.4418076183483,29.27317084276543,-27.82499131699595,-1.110462576084826,94.41348077375449,55.81214026219639,-84.68741690259348,-68.76683384388943,-54.98615715146669,36.34663639152179
-49.2405048608015,-38.47051072629041,19.97116670588824,83.03466823553045,4.617995033353524,-6.799387744115805,21.73656868695303,9.737798404407394,-18.58751768855642,-21.14008337092492,-77.50297292590163,-60.30389970855989,47.64484023417618,66.94328697276903,-66.45043385198232,-113.8857107628963,-121.3732148683344,-5.725911930755529,98.32639765817028,83.69309326716957,-27.47521900645692,-91.25018902975253,3.577402758832401,77.76684738628747,57.22145752042812,14.78828875318944,-43.74322313627888,-75.42726675129251,-33.3314643206666,71.5758876331037,39.85219996393018,-49.16040408697934,-8.963907555108504,-62.50595949731229,-22.03795549841868,24.38989610980772,105.0380237828009,51.13464584874545,-13.23962421901216,-107.1912013749982,-109.4668079416092,40.40001818614758,69.9838266174887,73.35320322316893,-80.29306308770373,-116.8571036078384,-10.34275350966358,123.0741692723259,120.8700728307206,-11.34502349028328,-147.7533172414762,-95.28787642359211,156.1297101722672,99.09906425627211,-5.172821794544764,-104.7206684391868,-66.87535551914972,95.94298424861219,86.55086431703012,7.534877177755202,-90.9276173999603,-44.54061432651722,89.73530699045202,65.854708245518,-3.426586284010786,-96.41868182337076,-19.44066396287704,76.01063597973717,99.93381005301181,-34.96594030975757,-105.9629978995028,48.91348197702544,76.35621689111329,51.02626405793354,-120.8403420488592,-76.51265329006299,1.434063455860009,123.5533838952342,35.93639437195105,-153.59826641459,-132.7442186377309,51.96473850873235,136.0378496432211,52.73665699185058,-47.52202286104442,-50.44742900284689,75.7386691185735,119.3665930057334,-25.83801449105058,-77.75224373706369,-111.6155664133218,10.77704890890268
-26.71667809659323,-7.984982857774364,40.35196351359421,56.86057554998028,-32.35168258080233,-35.15030509751499,50.92101481804904,63.4438754600729,-10.17879696137329,-44.31580091724521,-104.9223481868587,-69.56182460815235,66.89690669835464,94.93309940899897,-58.95265066088261,-128.2283920633205,-125.9852660771021,-21.00529124066437,89.72997662241934,90.7240399806993,-14.92560578466305,-83.01119270480866,-19.48483756594363,52.37187371772123,61.64407093654383,14.86334166264934,-34.40839755174096,-66.87888376863101,-68.8344642375807,49.00217983655892,45.54256197677287,-4.256995786850561,8.231941478087702,-60.91390545260592,-39.97880987089768,6.724362934849349,105.894222926021,89.50659587804567,25.85915410662311,-87.75193304974958,-121.69536964483,16.79135265716656,58.32592795029043,100.8943538708507,-31.27202682290749,-108.3174181975228,-67.01177637355551,100.4900629715078,162.6823731152367,64.10919908330408,-130.4186801664701,-149.3764100235761,89.00383526677446,96.65393550530332,54.82543975052128,-74.36326302188031,-92.93442921415581,59.9482629215894,73.68575224050022,13.53325245658981,-71.68870673107621,-48.30633758334241,75.94823063703201,80.78748708894237,23.57539355399533,-93.17559080448954,-41.70195331582359,56.77540597721157,122.5084014665791,-15.43989822312155,-129.9337175006725,38.99044637834725,112.0807040072458,75.14332681521695,-118.4827563100824,-117.1589655749754,-22.57030122147734,115.8033249106833,74.42113351725764,-148.5615943825316,-168.3040472952706,27.11996991315399,151.3342232274681,86.86987452151801,-50.87138433420237,-108.6972969571888,20.14579422732406,157.6511180586263,56.47721121965129,-49.80718219054804,-145.213928787876,-36.0535739336342
-38.18445490169686,9.05986236864748,77.58979860965522,54.88575932552587,-66.62018949709258,-86.10433135570108,48.66975077775204,120.4069102869758,27.52037932419486,-54.30467764510345,-139.1166053370016,-88.97441009568088,83.11248927701796,126.0709283594255,-37.22330570577953,-135.6342545213208,-127.4507947397954,-31.39748366283161,85.55786679334989,89.37739334761902,-11.82295050073991,-71.03321124446357,-30.79566489569284,34.92399128045402,68.47694645528505,12.30501348770621,-29.62633448094997,-55.1209080204806,-85.47250871701314,19.22817421558692,36.64170366574916,36.33885237480769,30.57611469925964,-45.21930567231891,-53.23848998338004,-13.95069302756484,90.84745042224642,113.8716702758876,69.0790999433603,-53.65471810574255,-119.8021277677227,-0.4365646614376127,40.08215382223431,112.2942579080991,20.07231266032881,-77.20160071391419,-115.2754658377917,53.20143411442275,183.8350511857659,137.6652376169383,-81.36577836080551,-175.4180225167206,5.949792831275466,64.30109557111433,96.01864184062904,-30.60375641751963,-98.20222328508176,23.53356449678029,50.21060946143246,11.43487034475949,-55.65970104729812,-46.15829079829573,59.62880746824146,84.65384818061629,44.65703278282307,-79.56054528737248,-63.03263626481962,36.98693165820707,135.7599070803062,6.687240487731953,-148.0268240094196,9.850919218939973,131.4431550630337,106.7608239469613,-90.80189539849306,-151.0701727777258,-56.73809959360017,95.91787055541549,119.0249444435972,-115.6941990458994,-190.5091529675044,-8.463592481534151,153.9589010610226,125.3731454621076,-32.05326223244987,-156.7118280064637,-58.76551955474996,156.8592236921116,136.9020287765312,8.640003321308114,-140.7695868196144,-87.63991564035599
-81.41697855805948,-0.2217379571692545,117.0938153461602,81.4886287949366,-82.85190190345432,-147.7250383873261,8.201514376619775,164.4597929216521,90.54772068102395,-43.0467275071994,-171.0814821679439,-120.1971943077544,86.95627424817738,158.4449540556985,1.270521892741098,-130.8418444412702,-130.7889977872329,-41.5233204158427,89.75872803804118,87.40111445221902,-16.12204698440723,-65.20758880217726,-36.18442438788583,29.31201106626321,80.84238535225882,12.92233689570452,-28.98560983399276,-46.56497606511366,-83.13330279716486,-11.10161023146392,19.0665623280873,64.99633408286145,52.5866223236012,-20.64058676006758,-58.66417822178458,-33.65388102982379,63.74184641671383,119.1876866211473,108.588174335222,-11.08264153180632,-107.9113918269627,-9.192300507155972,18.7807894092986,105.0726008182372,62.14724161295734,-31.89055154965078,-146.1613076202201,-12.16263733842574,176.5490921601506,194.3179993185556,-10.04761442158648,-166.6421673631284,-73.65701344315971,10.41463531420207,110.3340378200411,15.90083184660227,-82.09901437370253,-6.248250917539712,19.28731200659494,2.395639398874104,-45.15693330040055,-39.27163644377076,44.36339320931342,76.44480328029378,55.83496116714579,-59.34183976889006,-79.67864579137802,18.80954927359761,136.5551147789916,25.88384615700445,-155.3745729553878,-32.30128330186868,127.8289414638191,137.965148572455,-40.87318503379156,-167.8695721926916,-95.2326511156086,65.06888874211188,159.5203530596873,-56.23284800810741,-191.9377034741455,-50.17312974259574,136.5114907035606,158.7835638573822,8.074205351661924,-177.4789908455661,-139.6796649357726,114.7859882778576,190.2753573604425,80.8650609504254,-94.87429097630142,-124.9655446532074
-143.6615150779946,-41.16031273647397,141.2710785300848,131.272386077212,-69.27063017993135,-202.4668970949291,-66.96999206714267,180.0521980426091,166.5697405598463,-6.306743515220715,-189.3204911278121,-160.495651245337,69.64884906566915,186.9576689731142,55.52953783541325,-107.8687983823696,-137.8081059460555,-58.08774642636784,99.67104099950593,92.39964313748824,-19.74129230965004,-70.78971293974361,-45.1129323868035,32.64542002834667,98.49571335962584,22.138466477142,-28.94100746317677,-45.57415848525923,-66.8441763191296,-36.29894853043766,0.7500980004886494,78.33894231956879,69.09328218289696,5.170873983934327,-55.11319976420474,-48.64368019522345,30.86025094087436,104.7942160046319,136.2986365507047,32.78023222163127,-91.24002534494831,-10.48828234490291,-2.355377994397754,81.33849124492389,86.40491854888337,16.53754531272183,-154.5640549694248,-84.60138849766778,138.8935352201916,222.3384953451371,68.45002670150002,-124.3996441806752,-131.8538705478254,-51.34865271615338,96.42683210456853,53.92324123496829,-48.41024991502245,-23.62881509667838,-14.43445079629686,-11.8175965445001,-40.89850101513906,-29.54739185965512,34.35128313134457,58.84647984499419,55.51825946494262,-38.32329737554421,-89.27932342671157,4.269908259272823,125.4805499382669,37.42052136274928,-150.3837034427743,-77.74493431793617,100.4878964350528,160.5405592195051,22.84029280175426,-161.0524316496397,-130.5003490172128,26.57874802872685,185.3704623894204,21.66680025638974,-169.0101691473887,-90.5449564188069,96.42837368249694,176.8431775241808,61.64396574221767,-161.4419824841332,-199.8531195523815,41.6961120857477,199.6045383921528,144.9795514635505,-17.40802699299648,-132.9548901144884
-205.1692702605724,-109.0894438536128,135.0650805797311,189.9699218166007,-21.88441286794857,-231.8408044980906,-162.6489874375708,156.8388554818283,237.2158847265979,54.04306370238302,-183.0890228205663,-202.3262618430606,26.26317672597839,203.6044632988642,119.4887951607801,-62.53782380352735,-145.4929344410084,-86.20458933182027,106.5384177331342,107.9340294699509,-11.84965901444129,-85.78519587780147,-66.15517195486706,36.38009914126889,117.0522282593893,42.49311739589374,-23.97887081091679,-52.75323705170832,-44.99186668358874,-52.95808919360448,-11.12056932839125,77.84366747934799,76.63079755068701,24.61236347119905,-43.75575828639165,-56.37332541374662,-0.7636065027067958,74.43930200551243,145.5937173611451,71.100504150131,-74.02903109624593,-7.305624713492482,-21.11447956654127,46.743785127015,89.43105486720746,57.71836687178438,-140.0554422291576,-151.2727404447691,75.52203267945718,215.9240024159093,137.5299521490876,-57.70990940295952,-156.790825133817,-106.1442337436766,59.53236575131771,74.81996916144617,-4.214219702916738,-25.40001149574142,-45.40361811687769,-29.05505587436978,-42.30014385347365,-19.52465167070497,32.9175539184902,37.63651199709646,45.24479162036108,-22.32457199570652,-91.61062756112672,-5.454849445618886,106.5029989464606,39.30606056040213,-134.6720973678423,-116.0562685615395,54.41435184936645,168.0953036362238,88.5466419415568,-129.7260908581949,-155.0267453631837,-14.80826960180919,188.6049576213119,104.287892374075,-123.2212326232123,-120.8334015440209,37.61541959089014,171.5069012414016,115.6013079627514,-109.7006115361091,-221.9664044865378,-42.67203310056273,161.4872232998821,180.8566082904622,71.13381506521216,-105.7381483051514
-245.0937628323773,-189.9098930000112,91.16378263722218,238.3138081962459,53.34929101843127,-221.899434934261,-256.8200601426459,93.35093535782204,282.6463909870552,129.2251751573411,-146.0050573979821,-234.5811817915053,-41.58543812528798,199.298716642554,181.9611923914969,4.750062138258621,-146.5646892571062,-126.0267578788819,98.80084581181916,131.1376745567991,16.33703728616763,-101.2504727281924,-102.6222057028379,29.80111842768931,128.9058310799242,72.0591281323928,-8.730935953453049,-64.55102613131666,-26.58584131032943,-60.49493668347107,-12.53631332754757,68.87152331197957,74.26553774808374,32.46554242505293,-27.69352012714462,-56.07365192644568,-25.0957789745073,35.23230146252616,132.8933832125101,98.39223087937171,-58.19128288754226,-2.762100539167323,-36.40174139289807,8.475935843551623,73.2974864374069,84.90514774243975,-106.3633623179182,-200.4097084988572,-3.304963925742959,176.213714144294,183.4404312586489,19.32622696826582,-145.4546512056582,-142.2207281825614,9.469737082372227,74.84155346416036,41.95026089716104,-11.56126636478814,-68.07989007442491,-46.95489518033062,-47.96656120082497,-12.04530238135121,41.06184578462144,19.8893938682308,29.43790929106038,-15.05519967753148,-88.40028502563956,-10.49118828033336,85.37910137552731,33.07283486721833,-112.0079550463654,-138.8952767620318,-1.198102166667405,157.6404280555259,143.9450865924267,-78.85499577177112,-163.0669207942844,-53.80581013965287,166.131356145033,175.3239039313559,-61.22687044729226,-133.187064744324,-29.80026698168291,139.7381412249722,155.263905197795,-34.05697602358174,-199.431058545577,-115.0538256217139,87.2080002570673,176.587068649609,145.8750677849417,-48.90266855015425
-247.9931937209501,-263.6544933359384,13.16584331772289,257.8179052596245,141.2857533128244,-167.8788999462533,-325.1691438936158,-1.509405581528894,287.1389335477895,204.7628950288872,-78.88088921263859,-245.3528778424153,-124.6963899281252,166.8482555091402,228.4841325550257,87.15084124012918,-132.1455724903323,-171.1250266944098,67.006655531646,152.8912232943749,67.05656419603847,-104.4807881843288,-150.0324495114661,4.602820214988468,125.634472243097,104.4428394362179,19.69232626878154,-74.36942789988385,-18.44631655228799,-60.82449361682779,-3.951047257942372,58.51347878386212,63.67956346477857,27.33665592869896,-11.08222369890528,-48.82296069737118,-38.37160541285143,-4.103031296375844,98.67849697957075,111.0111883428934,-43.1936972930358,1.632509399909571,-47.73749032449066,-26.92650420039256,44.16210502112283,96.39482600620342,-59.83923274280207,-223.7987004894745,-84.08746362808478,110.5152396564648,198.5172377614627,91.39697799359274,-103.6853074131538,-153.9949915963385,-42.49512837066897,55.86028704864064,82.12079964527568,14.85635666274868,-77.98327340130531,-63.10504386316735,-56.20364291697197,-9.682397394940329,56.65167323259298,11.60362379127283,14.16996970021667,-16.72640782300641,-82.34618182505899,-12.20993245073682,67.50770161006186,23.12666915824613,-86.7928945855224,-142.0146421436433,-55.38846362828603,130.2702371550028,179.0766969604383,-18.00641642639901,-151.966048980776,-85.41723026077283,120.842332048642,219.7947539355674,6.308344619505212,-122.8927253146572,-91.70121723977783,85.19189120716673,168.6409315954645,46.18270489627133,-138.504648334649,-155.7102256316705,-0.8553347028021706,132.3431483809985,185.3515331446635,22.08353206367239
-208.9074272567956,-310.0977423048173,-84.45541193290266,236.7286127989223,221.2645248351106,-76.47712822562283,-347.7725943816046,-109.8409415218779,244.0306902791999,263.6105122176614,9.249309706811166,-225.5200871077512,-207.5016086371916,104.1545410942625,244.8284912642662,171.4082935547821,-95.60823783594242,-209.4529629279086,8.505178137939536,160.6568339570861,133.5754492113387,-83.98736876116814,-196.492161583916,-41.13465299473736,101.106969786245,130.4682835556731,60.00863410593706,-74.83870983509313,-23.19590871236355,-57.37185783105156,9.985187301097763,52.99973263197104,48.57372600656403,11.81046506654695,1.927436246482354,-37.15093436698554,-39.56715068810048,-35.15117950561011,47.72084430137695,107.2167974523499,-27.20030531778799,6.848438428473385,-54.42100983812751,-55.12881232075858,9.727005713024079,95.05612438409722,-7.556234579825909,-218.1981927303289,-153.1282243176142,30.14610667614659,182.4059717495828,145.8938093406599,-43.65141356198329,-142.9576186602211,-86.87131829479073,24.3110122080698,110.553360496661,48.72350998681852,-72.60894908644261,-75.23409215840547,-65.41888903376969,-14.07478553821099,74.66557456887701,15.60455911401546,5.286601437221079,-23.98545484049799,-75.80955613173975,-12.63175574205764,56.09893649306849,14.95707310397014,-62.70285198399351,-126.035704831723,-98.04922601704313,90.84167574422648,188.5040109920695,41.02305584683541,-122.7917978586874,-105.6202502399081,61.18282598366828,227.9197517707174,66.90682591032669,-90.05260036352634,-133.6739741757412,18.11965760771073,150.2374076142589,109.7445991990544,-56.54511048074808,-154.3914899857052,-76.35129641560799,60.37827873029684,178.3178279871065,86.79162793752815
-135.3555089005643,-314.7687618523674,-179.7918991991668,174.2495995253283,272.7394733548589,35.10374715116978,-314.9918095896192,-208.82470589527,158.422102852914,290.4870166473991,102.4560124898701,-172.0819261562362,-271.4729982073618,16.46534158725272,221.2636786694318,240.1865177291061,-36.15832229270699,-226.7856343001443,-69.93613238975163,143.0644658045013,200.93229159232,-34.47868891650854,-226.0216963540044,-101.0998752796149,54.19608969095765,141.0233805811863,106.3882935456319,-60.49443494370116,-38.64662812622171,-53.78858052616505,22.11287549312161,55.52699583348345,33.62839993505488,-8.609498927310652,8.122639206209591,-24.36464295031093,-30.07959810753824,-51.41823662073993,-11.55353127870954,87.02839463423041,-8.974783483272699,15.86886939107246,-54.82724042563424,-74.41207342931065,-23.44039194967844,86.24750519644773,44.25575857194499,-185.4626474145069,-199.3977687525273,-52.32627748255452,141.0944589054152,175.6692611119554,20.23602541209782,-116.2065160295387,-118.2062769044378,-11.24607489424548,124.5260650238675,84.19176844878781,-51.94734093768029,-81.43434955582489,-74.34406666448199,-25.39425573827751,88.51571840532898,30.50315900523412,6.504534662241257,-31.25805421148247,-69.78702853154419,-13.52773045815131,51.36246517224827,12.9505864226509,-41.93759185048147,-95.92038492881663,-122.0841747800574,46.79676179313791,172.3199522667846,87.05475829577358,-80.15438336935334,-111.8923056550225,-0.759860983697438,197.8921941107896,109.0547496627043,-40.14313123766596,-145.1471859951589,-46.69425717726822,103.1548141496675,139.6274940101121,23.07656251238106,-113.3711837432302,-117.2923316303323,-18.83386552964857,127.3366232574094,126.4709766394859
-45.51716078662191,-273.5354226517333,-249.4722361396252,81.60017028219852,281.2407751778462,143.2603663289801,-230.7435868824454,-276.4985142242635,46.64467039676317,276.2254901870762,181.445691882914,-90.11919017287377,-299.9182950787111,-83.32032658042073,156.2576682859032,276.3042983000464,39.3022299300178,-211.5687133124095,-152.7718405969526,94.63901373938499,249.8358629045887,39.99612825401474,-223.8000719241188,-161.8333809903328,-9.917112945709658,130.1040547571527,149.6359783603394,-29.93223511236673,-58.70837530286492,-52.78448474278839,25.2657272985805,65.18816335061067,23.33067225609673,-27.30853193299066,5.837638822381266,-13.82875959689255,-12.90625165481867,-49.33830084899426,-68.45988644744341,52.1277632873501,10.31894172488088,31.9570478174326,-46.30915400795428,-84.92590109442133,-51.70875612266112,75.01857172232049,90.949347645174,-131.5558937475658,-216.5100789834174,-125.5850797770732,84.33420535153881,179.8842557269791,75.5410634804477,-83.23512255118806,-135.7167500727984,-43.05747292246251,124.1661450119726,116.0687725076682,-18.45776022724378,-80.38341012149002,-82.08189899695601,-42.165465724234,92.07007485331789,51.1244313962658,18.14415906094987,-33.03341646276798,-63.6380069851153,-15.60421789683796,50.975260931693,18.69371508333894,-25.21993971587516,-59.42358569707693,-124.6560037444779,6.459635148838469,135.8035434883236,112.1162394052066,-31.26307912968885,-103.596349359282,-52.18535212350406,136.7267179232281,124.9245665895367,16.83686948211979,-122.7408946396254,-93.56617621892197,38.75574919163169,128.1766271698004,77.8614146014426,-46.63830633393404,-112.9224791755681,-83.0500958399148,47.977767280233,130.1931473749161
36.95593487149316,-194.3068948545246,-275.4464524829103,-20.58893963043332,242.8561000615204,224.1649016901113,-112.0378297423857,-297.6197717174081,-67.55104009782298,220.8270657333978,228.439540487772,7.414867238201298,-282.8324608542578,-176.7451408842253,58.30087293658179,267.7232803890304,116.9352172184622,-159.5128017343853,-219.6216722889422,18.91947764402423,262.5645986215386,125.9874416618059,-181.5763089015314,-206.5079853323057,-80.41492368390412,96.99498877479996,179.6307577089367,13.31920708958639,-75.46228016417041,-55.39315530381663,14.73813503945104,77.31114352248171,20.94404420776032,-38.46181183312752,-4.809554940855993,-8.376855374628288,8.260623200997264,-28.61698065100998,-111.9600473219599,5.941310317753294,26.31599164402223,56.2960025282252,-25.96662553162529,-87.2676629929353,-74.67372094959593,63.75961014527504,129.2875884017171,-64.93749226438541,-203.4430320692828,-181.1732468998004,22.52126286147836,162.8799684818729,114.7766601835217,-52.20457188047314,-142.2121239260863,-66.55837658517432,111.5052675351466,140.7635611039721,23.48990146986272,-71.51213553105433,-88.02868654998377,-61.55825970553879,81.70565295950637,70.29142042449271,36.96863624920815,-26.23554863608933,-55.71042715982993,-18.15431381300586,51.56007470227309,30.44407631481806,-12.36415582602281,-25.04124205975013,-107.3609597533144,-22.76854641611562,87.88755703922826,113.140386905912,15.57094939538197,-82.21824913486874,-82.78608001731877,58.8304989844322,112.3751227120684,68.54072757280065,-71.75537284908027,-110.1910795852559,-26.13532728043338,79.45633217055571,92.77869329615672,24.45908198950277,-66.9290737645003,-115.1896642791954,-36.09838510133628,98.44794090370134
89.97767645459226,-95.24650958613771,-250.5299945377098,-107.8963132145357,165.8011582375361,260.2606946580984,15.22637636774912,-267.8998000160202,-159.1147309759648,134.1960859552215,232.0556015341617,102.2565741140134,-220.3299094310922,-243.9651345079491,-54.98917029838381,211.7313595420804,179.3419412473431,-76.24568291919819,-251.3650494792005,-71.28821552710815,228.9458592980443,203.8705348381959,-101.3664125459538,-220.2091821125149,-143.3969504965126,46.81139050565062,188.2760746324507,61.53618334905712,-81.6999905299905,-60.81754178587386,-10.08488210673533,85.05903684519885,27.8019169983518,-38.4372682717361,-21.98715171852512,-9.918569798711463,29.67553941167097,7.951662209790658,-132.743849823754,-46.1729328834146,32.21790414078488,86.00520246862331,7.829347317137486,-81.17353298508968,-93.93455272395843,51.28735086739695,156.6978966962937,5.111962428539877,-164.0505212314436,-214.0065020040713,-35.82824092015333,131.6916257046054,136.2883988618215,-27.08861551910521,-141.8515282351628,-81.37433093627948,89.22648689559743,156.5564575998549,68.52996963995838,-55.07508417954372,-91.74764183400453,-80.11107102161999,57.66956579178599,81.35307598276157,57.23381692352338,-11.74899835895123,-44.6056615826887,-19.38153414747826,50.50024180900201,43.97646750043933,-3.025172504372636,-0.02814790645177563,-75.44412130747057,-35.90790479525378,38.89273101695829,92.40192229049636,52.65636829614859,-51.38809390869213,-87.39101801319634,-17.43621366456983,75.69178131296415,103.2857089771253,-5.233253088317992,-91.35217728662722,-73.77873897626947,8.193063939249122,64.59104716082101,77.72986916998508,3.977589639349611,-108.5071375210521,-100.5529228410921,42.9933056034991
99.77109262047057,0.05951172351732392,-180.9547506735678,-159.1238895092443,68.49829437406056,245.1640832188332,123.0781380757559,-195.3150380970948,-208.3990630312474,34.16597223576339,190.7557615193931,175.2034387916352,-123.5034344408281,-268.9456044275105,-160.5261146439917,116.8631819045815,210.5936717072109,23.08126583741766,-236.4055541495254,-156.8264667614982,150.3751006317999,253.4271795568574,3.929249838706783,-194.9580527698855,-185.5796483130731,-10.80891405020281,172.0126426922969,104.9329692111877,-73.12987835347059,-66.81849429473003,-45.42543389684106,81.75749647755414,43.00278562242129,-26.37063128809913,-42.42258919370521,-19.20338178971398,47.79137276302168,54.98542120123831,-125.1248476756407,-96.90461126866464,21.09558668113501,113.5361024341513,53.66561238712946,-65.07001087412671,-110.9874983171183,33.78356382501052,170.5506604946545,69.80049039775596,-105.7423198831716,-222.028901180378,-85.23781282660659,93.25177952293363,143.0009148368316,-6.735561770707204,-137.6893730317245,-90.63093214427175,59.64212388765002,163.215976950666,111.3017082358723,-32.10796134157584,-92.86311457921826,-94.683460466517,24.2323031019808,80.56031665402007,72.6335367190667,5.553842058286748,-30.51893254059409,-17.3232241662803,47.29221842106249,54.46152238200104,2.78274730879603,11.04384194530404,-36.36941751996669,-31.28831096643808,-1.857398737521754,56.65674087983564,74.48713325414171,-16.57789901194351,-67.33466233624367,-74.36585195671472,24.80639631257401,113.1241717860289,59.26225171652355,-40.91335840502047,-90.54084073720617,-64.4087611036006,2.639729013427603,96.78552008972383,75.5821889729106,-68.37464340554469,-127.8592632463304,-16.98376187566612
65.217261715989,69.09640585326504,-85.03919878098077,-162.5894134475098,-25.36167778979196,185.4913003725029,188.9627477289887,-98.0404907934001,-206.4855557508711,-57.7796225757633,113.7669536133187,211.1455166371567,-12.26237884188047,-244.1809120404592,-235.3391454213238,1.711072787715632,201.3050613667698,117.3372473578497,-174.9659586874563,-217.4773822042853,40.41966405465971,260.025001707378,113.3621067884105,-132.7615275024961,-198.0030279539934,-64.43504560494785,133.0705250652604,134.504191752661,-49.60792243811547,-70.47196750369193,-84.17473071159445,63.21053407127594,63.512229615928,-3.921514859485935,-61.81146803841382,-35.66072452584755,59.25317913055995,105.1754284982839,-88.40629369438325,-137.4846110388579,-10.9664072472634,128.035734695718,105.834220912907,-36.8591226037013,-125.2544941791035,7.242915849014055,168.0451561866187,121.621147315513,-37.84822231449392,-205.5316418173177,-122.9303492830014,52.35753130853931,139.7560619269272,13.83710726057838,-130.0220942197134,-98.89693637496224,24.30657500857835,161.2367564279778,147.2701684672955,-4.289850664812681,-91.02071996093133,-103.3383262079043,-11.48013243453489,68.43082833463029,78.50134264437689,18.39751904070655,-16.0135728361874,-11.0333693088073,43.83827061033775,58.62160967796673,4.655258497808358,6.92866232737955,1.851378996615555,-10.68993719893844,-27.93534352786162,15.28105454649159,78.80268900530837,15.6100147125285,-30.16136439145644,-99.46085230253207,-26.89538236978732,96.11097350047142,104.310508127484,28.62717606613792,-70.9274290943153,-116.7368238652338,-74.08681605270843,75.79089151163943,123.9351273954573,-10.17730355947369,-112.4698468783467,-61.11044616588034
-1.58477292500056,96.67429607088148,11.74094490658421,-119.747413208434,-93.36544926686879,99.02627377639445,201.7278979189057,0.4466639503560125,-157.5423270884532,-121.9731685461136,19.08621236724249,203.3215882835629,89.41037466626381,-173.4516634326267,-262.5746300390988,-109.2784006533959,152.0325884232418,185.1377804213206,-79.85925149008378,-237.9884258314696,-78.35208873808554,219.3921117166575,203.4638274819258,-45.60747209283451,-178.5843214009346,-104.0843189100221,79.03962107085256,144.6581310786681,-15.09440808816763,-69.05972182854026,-117.921788291556,29.29314072523066,84.64310452755234,25.50527357007904,-75.36247339273372,-57.27672744629047,60.93450823660175,150.0765671713973,-27.43078359021391,-158.9326945885188,-62.04751070783796,118.5578113662013,154.3454366991444,4.266536975598691,-133.2428692504283,-29.57427394452191,146.9865283392472,154.7669268456197,29.88739236015112,-166.6692132284936,-147.4964974085473,11.09829150816562,130.4440996369578,40.45119374548309,-116.2257902706398,-109.6073532650665,-15.62769267660326,151.1068062219822,173.1994874349957,26.25083016169012,-85.92351985035724,-105.860448997457,-41.6319081303193,49.59084761904266,73.51953136474336,19.80859356433386,-5.776233538594976,-1.53858303381195,43.52460337807251,56.28988114276485,2.257384303570122,-10.46429412924958,32.18608693831596,21.22091524276688,-36.78631338548144,-22.0540349924175,66.90893520321359,38.55302336662458,12.28636063262984,-88.68895398734658,-65.70250895759557,57.07310006267286,117.4251108788811,99.06035577990164,-19.4144208719358,-132.9265111924806,-142.6499245306751,20.93050322216659,132.8471459134238,45.89884815670636,-62.06035481192793,-74.40411161525687
-78.78379097158241,79.09337157969391,83.88809740354779,-44.9726054001184,-120.6085960975332,9.733473823569614,164.3695527586496,77.69373254563487,-77.49168044294986,-145.6979990973648,-70.97403719367608,155.5091571921416,159.5479026408757,-71.62974698632593,-236.1769572563938,-191.9581951009016,73.77041807398074,211.0065462908276,26.68108337773937,-212.8831606011819,-180.4370578875947,139.4069226120629,254.8062099759483,47.67226694609575,-132.7211585654343,-123.9101796209427,20.88049514094349,134.8020540192134,23.55739619774064,-60.87012072290059,-139.2791616532188,-15.6551063652822,100.8704568382597,57.67633709599957,-78.51641505957016,-80.56217994296574,50.30518915799736,181.0991915397824,47.87441836563248,-154.0171678676963,-123.1248025774304,78.23513504884714,186.6184794071381,55.73123223781877,-129.388784850233,-72.98555333800388,107.2709951224938,165.448053472544,88.45217558609397,-109.459557372194,-157.4729807679458,-30.19293048435752,116.1316977699489,76.27853146363272,-92.18294921288759,-123.0215319874423,-58.54434815329698,132.9732777132182,187.2584634384676,57.14745160967276,-77.4214032759027,-103.7299021190335,-60.10898670478966,31.11959160947459,60.33321253328393,6.001058215967812,-5.290272738114395,7.87693703792656,49.43827541482595,50.71828076187317,-3.969315259724487,-36.8639517079037,49.68370647403056,57.96322699313888,-29.62855318656915,-47.5507987648675,43.20293291745774,46.95972731434418,46.90928435457334,-47.50620388004234,-80.8940496484187,6.58012908441791,94.57669439896692,151.1620653355106,50.51727543937425,-107.29179973842,-182.8584664764096,-51.75215317583619,98.73150810736043,81.4172228993489,5.433429603851692,-52.02375387908125
-141.2561068378438,24.99536864640594,113.1276414606012,38.49591617464333,-103.764305247844,-58.93739003664722,92.76385441208852,118.1986575432927,10.63132155306083,-126.5181929359295,-135.5091413866476,81.40500704978072,183.9496524478036,38.61491477645883,-162.8184328510214,-228.8494478974157,-14.75547191640339,190.0217298925643,119.2221019150212,-148.455394443694,-244.5173236521088,38.26814235589254,257.5667135136225,126.7129704904376,-71.76714161056508,-123.4920404327712,-30.00635806256692,109.3979560101198,58.54071413364872,-45.74332881546273,-143.8007634390294,-63.74874418222087,106.9094458933282,88.25948720852186,-67.84348695423571,-100.7530621130992,26.22419941355833,190.7803938608459,123.9981609890986,-119.5226689569898,-179.1954687593046,7.994324811912114,190.6882412677799,110.2412512685106,-108.4307331335188,-114.1208503603529,52.45626648629696,152.3524940606354,130.3722704427474,-40.16585062481758,-150.7167245113925,-71.04582881297053,94.93208697386849,119.2799532046613,-54.75126944471752,-135.5810358973716,-101.47206547139,106.8762364692383,188.872336663992,86.00182154884061,-65.60927467914605,-99.54886338800881,-64.43034612445344,19.95797096069852,44.8246578317835,-21.61817826584666,-18.80902324958486,12.27847414060667,62.44910806102644,47.45452520262536,-12.22811851677009,-66.75022430001518,52.0127557178111,92.53008536519077,-10.43592858660458,-56.75950210226327,14.04195482937713,38.16751982202121,62.72159921849148,10.67481432929261,-67.40312166626441,-41.675147824319,41.39117675497776,169.88429479969,119.9203231783998,-45.75897140748151,-182.9473520991767,-121.3652671777586,31.33678849897456,85.42658373629479,67.8967735251001,-0.6726762628419761
-168.1423245169408,-47.3289205919888,93.59980296742947,105.2701748601915,-51.78558061474956,-90.50330945783305,10.80714999218019,117.2316928106919,83.25550445445036,-72.82301691221132,-160.4281386817,1.250108536318075,159.9510040321314,132.4186433515878,-60.41466291431045,-213.8492665319307,-92.24132882895871,129.4375124616248,176.4856340292245,-61.2345872513792,-259.4293125823115,-60.43934947314371,214.3630855071865,175.4307871188763,-9.868812095774087,-107.3887282049183,-64.75120444733247,76.51290997347024,83.15655373669971,-25.2665631288022,-130.9766798015939,-105.5226330830358,98.92256116587241,113.2404186202704,-42.01572129591339,-112.3989012777162,-10.04387711229625,174.2918049513798,186.2414057055582,-58.12725536671686,-212.8445450033786,-81.67414293303946,159.1391618119877,156.1114370714147,-68.4583731506894,-140.9787220450494,-9.420706401359231,117.2765785471276,150.3534351652881,32.39030561500341,-125.0442719607561,-109.0019957543,63.62268829713832,161.6933197591482,-4.270013514863971,-141.003840662787,-139.7066919479986,73.43901258178512,178.5002672834643,110.5873705365319,-50.88536935276879,-96.10509904556355,-56.49584846356824,20.28598418354578,34.25089945135819,-56.12255849294314,-47.33637363080527,6.474748465059473,79.97352679957041,52.15703665378241,-19.26414673657452,-94.47041440711679,39.44581930352167,118.593595524643,15.58610328375387,-49.05175209827227,-13.73708082774577,13.02404547095502,53.64923423867094,68.17089374957256,-27.12276286344796,-74.39993736546448,-28.35836274646712,148.5532101422166,169.5064643529885,36.05430002458642,-142.585291902619,-168.4127965335622,-49.72203722067638,57.56352003273922,106.1683921794493,63.74406334656211
-149.1436699332924,-115.3464481276632,33.43696140460027,135.1842866071151,16.94763344496858,-79.79261635814198,-56.55854551710791,81.4936990551868,122.8400515089456,-1.403010421317424,-142.0287332432445,-63.43840081223498,97.10727143813362,189.1229814088655,46.44312319374494,-153.8537069622798,-140.8367312643794,46.71840752152296,187.5183694320395,26.65595818012068,-227.134744267205,-134.2901866201883,139.4669201269889,186.5112838900436,39.85596634260121,-83.21987680233102,-79.14154414696513,45.36720050138785,93.4224535782229,-2.588428610080167,-104.1183973550614,-132.3931447464561,75.63558444106161,129.1158646279802,-2.617768383861776,-110.3998284826781,-54.04453300223711,130.9344020076378,221.6399953495474,20.89275913951146,-209.4113818439033,-171.8986964432347,92.53147955447288,179.6158492952862,-13.36942221247113,-142.3375435977971,-66.48362844699354,65.67570811969921,145.9266014499849,97.16933837160055,-79.96021249972821,-138.7949210862598,20.27801542750898,191.951583168412,53.99010419292312,-132.7741952668786,-167.3092847470447,34.65831597608105,157.4908888525743,129.0615177783776,-33.93480748920039,-95.37917961463783,-41.91456542284247,31.79926268436474,34.83266852932258,-86.65757140864147,-87.3962901204208,-13.21462154048952,96.00801709461834,68.13437796662754,-20.90624173932635,-115.1205447405103,14.41640735314534,131.3917932852183,43.50281101910189,-27.08942061700053,-34.25818373843936,-23.95966383325799,20.00650471291133,107.842214859026,31.51831441678035,-82.15180228376383,-96.54367056244115,90.82149262380386,184.8938284760411,117.4650606026655,-72.42214174881497,-180.3469364591614,-121.3758054138918,7.622337410696182,109.8894267928255,121.3678846315903
-87.65487986523536,-158.7757291941591,-47.7489523393231,119.1105259019281,80.1548669282755,-33.96647441709558,-90.36541569607603,26.51153357048612,122.5115820661078,67.26220697589181,-87.74798185584689,-95.59133185493387,14.56260981643875,197.6638446723044,132.8918877770222,-66.78112728095769,-151.1787532757255,-35.43929112760105,154.7273243651864,93.82812910227636,-161.7994289095506,-168.1941161633088,54.63160042402681,163.1898128732592,68.6561785879087,-59.01961581468561,-74.32100309886454,23.67690654397717,88.84874327374705,18.12698208867829,-69.29187744901999,-138.9366502300477,39.07002471795131,133.0777770530566,45.52598707204857,-91.36736739624092,-98.11317050647419,65.17821062037174,221.8512331940735,102.7001420114678,-162.1991533581804,-239.6572821205787,1.019327600169508,168.945776807587,46.46817503858494,-112.2519014190397,-105.3487276188692,6.691878820324403,118.1115919417602,142.3270148039361,-18.69342348961577,-153.1395913779899,-33.26565792407681,198.4961648721566,110.1976738151815,-107.1127585037511,-178.4926585063264,-5.664301501633997,128.0657841418602,140.1906270592348,-15.63096607607144,-97.82164755917729,-28.13387966821157,49.51367823394506,49.57383908471017,-101.5269688483335,-131.1546218895276,-47.40453370236579,102.5552753818043,94.52622883160087,-13.16819515699161,-125.0774162099737,-19.15945724186713,128.1860090048404,69.65667226387275,4.424142525440197,-43.64505846983991,-65.32719446063601,-31.73445182047312,117.6730144960683,95.62692572594993,-61.73613605954416,-145.6486152676387,9.752749546759242,160.4675970435814,178.6179351702967,9.539185011301447,-154.8006725920428,-164.3025755169752,-48.1232379747798,80.24231797134668,154.7710339703663
0.2164330882531385,-165.247215335446,-124.7084392405476,61.48818126513552,118.1812688755006,29.99595825676325,-82.65959708909593,-28.35682955984545,87.4633007523519,114.6585239813214,-13.90750086142726,-87.16992641011197,-64.17364595750728,159.3997737500671,180.2400356556305,23.43950764818519,-124.8693337283345,-95.57602910272506,92.83875838313202,125.6923656680147,-85.3160922964982,-158.3645834467114,-17.18895698298375,117.8275875839512,74.06475268638115,-40.79847753231497,-55.94848588505896,15.60790704258199,72.27705878089766,32.53603546522621,-33.70285541699521,-124.3683421679708,-5.402313453091945,123.3774210504215,94.79680564935678,-54.97575643844676,-132.4783218890597,-13.25844938695642,185.3363321136135,169.7642402088063,-75.93772463585887,-264.087657125753,-96.74189486087272,118.6230622095944,95.99419223491498,-53.47133729517019,-114.7244600977133,-47.77315136183822,71.89243616128331,157.6916647135495,50.5401861800726,-145.0382342046928,-90.28421124228511,174.1908149987761,152.2692442087311,-65.26149915529561,-169.5143569891362,-42.21087323033615,93.35432536729012,143.5628566430165,3.120468015919855,-102.1349340889902,-21.99081955667495,65.20304407171466,77.0230280381509,-91.81521888382015,-168.0141105298109,-92.85761723825159,92.04021103072787,125.8380953813842,6.408722347933629,-122.1943488349771,-56.59582195474429,108.3154362349011,91.91276762016579,40.23570666647704,-40.43183743607245,-102.1646634530479,-90.78938364210205,93.82201434407916,151.0288412373594,-16.8684145647231,-163.4519306681472,-75.74035041120807,100.7548942869141,205.8725386070945,83.51242666054446,-99.65524606693916,-168.6002784638471,-92.51470094841632,28.84162132782222,154.3847934905988
