-74.24773561694802,-83.36381053298118,-64.25469638662581,-74.68947373224856,-78.66621085466127,-111.802749051617,-94.40790976244438,-113.3234991377185,-104.5306145688745,-60.19114506963287,-40.28324871561323,-80.07359178340656,-80.23859918002388,-56.85887362592532,-56.40128418739067,-32.08654932714291,-51.27173188027651,-48.24168564852046,-52.25497405908447,-69.01129747922396,-38.79487471992017,-43.24046462652345,-34.81110341026442,-10.26366892436292,-21.69821855033054,-47.10355747540481,-61.75964509908755,-53.7948440785777,-43.55075680634535,-79.60828272783927,-78.69698404387087,-72.79577926766252,-82.91938699390184,-41.7536665921626,-6.858212879282169,-19.8867837363913,-22.77907643961063,-13.17088704800327,-31.52924248684535,-29.53526204698068,-1.573577743163412,46.20519043639793,44.4512053859645,53.52582349016824,38.01651955524913,23.34494034566517,38.0247958410156,19.24267632977904,16.37613605621139,16.48346277098456,2.898436322081324,17.52091837235021,37.75442453353043,42.46537597576606,40.06797021982885,9.37043855905925,0.5513518716615959,-8.599609569721132,-4.318375823352724,-14.6800315531789,15.83661524658091,23.86583247224984,13.31213031785893,0.002482818499754649,-28.77662933591278,-3.701243602202833,-4.160978553715703,-1.313309587247966,51.55474160338386,62.40658745614751,116.5139963218745,140.7968309452351,153.0413220930317,178.5299374386385,191.3954525931938,186.4640966819505,193.7056685947849,211.1374839289951,245.0636577694904,223.600978116076
-46.61001200944557,-91.56697258289952,-102.2800135420209,-107.8252556041402,-134.5977512422032,-152.44817595294,-153.3162397674613,-166.5615476951696,-155.1498935488582,-131.231318125741,-126.4695646668396,-135.5405283823843,-132.9908110305217,-143.1502578037117,-134.9945306853364,-133.6321441815981,-120.5769472010793,-104.0837959380552,-87.9519778570665,-64.18216370258392,-40.97681356880238,-5.874452915279339,-15.23532345265731,-6.575434165119656,-4.878752350112304,-25.17883751364944,-26.05007894560743,-42.89847420756102,-45.74180664658786,-36.10606624772066,-23.97637631258331,-29.33841777761055,-50.18812500802097,-29.94447996287681,-50.49149265604792,-32.27116656154146,-11.18823417347752,26.99011865940916,14.35916182646316,2.206469905806851,49.15969634507111,78.17618392664087,58.38797412137333,65.08430300416309,55.62566726899932,45.23511571461422,60.79985246894633,55.61922170157193,64.48802232182653,54.05416140142977,60.80984469701217,43.99390890000367,54.51206333278751,24.41972811880338,16.34807312136766,25.17251696796475,44.89350891921349,51.29731017973369,50.72217602483796,37.4509160150436,38.48196948774859,39.09609274350435,31.23179301241136,-10.02269793919947,-34.60604574977739,-1.615865513045646,6.496187704262912,5.513717182554741,59.13336205715412,66.99362490734627,86.52048407394231,97.22241395595589,90.74724057557208,117.1219472708597,166.3851093068263,166.7535872586581,180.119112535289,158.0861835268333,179.4326821933464,130.5032676228533
17.06412192927481,-27.68857371127367,-59.24457841230922,-56.52370850164001,-85.0731214311008,-74.59744910512427,-91.29683299339032,-88.81915743018286,-84.86126678593362,-95.80290719986944,-112.5177637699849,-81.80941804053907,-76.18919467041762,-109.8017936137909,-105.68732961174,-129.7148599440943,-93.75510295472758,-81.49177150469356,-52.40266115598581,-8.3154975319037,-10.06317496856099,35.32686623753239,14.3308545680962,0.4411447815556326,12.99094177382354,18.05475316111853,31.4315939158179,5.007549082372249,-7.286003599738171,38.78280977156173,49.33487392532064,41.99066372348957,23.54266051363727,9.422669828800021,-51.47095762357287,-21.91798787628319,7.429975625604196,46.76267217168903,48.76717347335486,29.59676389226757,53.98662341573292,40.385567668743,17.52147029848312,12.67472267582255,19.27196642956407,26.46482917754257,29.78585221513805,42.26308372157246,50.93262676086741,40.73393931900421,61.79640146586606,25.06298019397639,18.89539349123885,-17.58309098893283,-26.89920106461149,9.774279191228549,41.24143027535978,56.30450279949297,47.17068186584115,38.8603028855176,11.01900154272063,7.431061768877957,12.14377394791541,-18.78964790342318,-18.3289673398908,-1.672389527877863,6.019121340851206,2.285081570147455,8.061121451632113,2.260691469357547,-27.20267411989548,-37.25864283474,-58.22723195919394,-50.96032313000079,-7.829158710596425,-2.62214083286667,4.963490829897293,-37.73746460869979,-42.51802541860344,-75.23400744952757
50.55890924159924,39.60403043954928,16.08384261958212,24.6526590212869,20.29138322608479,48.53378092908505,34.09138456165292,49.63469953096402,43.07840704017191,11.68730165740842,-12.57522947829326,35.44992605574929,42.86553742867567,14.52794335584189,7.701196833967461,-23.86410357757713,7.970074351515064,6.010485620411466,22.38381452971936,49.59940471981839,25.3399162945269,44.17848382400727,28.9198792463072,6.176223291755718,20.30332580243365,48.25546615958008,65.76300648162677,48.07629128055597,35.48922496508541,77.11906963823041,75.93245648429294,77.75627287367662,74.37751280424628,40.01020116476771,-11.05979999272249,5.024259034800921,16.75070559994717,27.00801718933197,41.20516191023187,27.63586270609311,10.15759523573102,-32.51711169163303,-40.75664261014088,-54.32960838668048,-34.72807330062427,-14.20215811018798,-29.15302407425639,-12.17736968886705,-19.27528641089419,-18.83039275925294,-1.438073171959113,-28.6674626645753,-42.9010303742771,-52.13081877625766,-53.14887560653717,-21.32608933597724,-6.283269455235359,2.505775293813282,-13.47794568326999,-8.480038478004749,-41.00341155678642,-46.35602745273863,-28.74348539916581,-22.21890582764392,3.28406798286819,-6.741589224541816,-4.907836029718511,-9.03341736598113,-54.90652092990993,-68.5051760493423,-118.2403745772895,-134.8226393429683,-149.9384381179117,-164.6677335117935,-165.3450540037535,-160.7438189694107,-163.8187341728271,-194.4587482673403,-216.3521927788412,-204.5991705095434
29.23409868381713,58.00474987874058,64.83412123397602,72.86407119771248,99.43405207608276,121.8120822308619,125.3017821125984,141.2645183478458,130.2073845851772,104.4863064660249,95.04813392592141,122.9402643035942,127.6125786676312,126.5967031814731,115.6923739799219,101.0489873506878,104.7424035404687,93.71676776235206,76.22483221992033,64.41432800239726,37.08739643556439,14.96411241059597,19.14741064806176,8.226508242448743,14.42277014844845,40.51119711252241,49.25316433938221,49.02641291646899,43.79103564408506,44.9495196691534,34.19787298778309,44.5112320894029,60.40524183294892,33.34789942106985,35.82656002034985,30.51624417815038,11.71994041893147,-16.70183806736305,-1.244288236119824,0.5626141042581614,-39.9220364485064,-74.07475732370715,-61.16350449964872,-69.34528494699535,-52.26333073731549,-37.85883592227277,-62.26984146038377,-58.0404765484437,-79.76562796906833,-69.12561104055668,-68.99051455428885,-63.32624658248259,-71.66834311110493,-46.12747881384712,-33.76208721106462,-31.52012954593478,-46.74901568867387,-53.11556991164237,-65.88654433995481,-46.83586551472587,-57.61235114805032,-64.61480106857344,-46.84635850275205,-10.7873668323118,18.75346270813084,-8.816056327564223,-11.03101939552708,-14.08515037704382,-68.35813026190384,-73.14759873155414,-99.56849115092945,-103.9499012827244,-96.35963012537027,-119.4680948349911,-163.0184659697767,-163.8981081154848,-172.5349754548925,-170.0779080312631,-189.3299335889513,-145.4138368101698
-10.74366275838351,34.08120490738463,65.37005974284082,66.97294865842427,103.0091222139558,102.868989759482,121.7731345801551,126.0235807007074,119.9803434719827,115.5598542553047,131.3472381301231,116.0786284640443,112.5156861568142,136.5905055331594,135.2952317759549,148.6607902857646,121.1817585708803,113.4829376648738,69.77424894271417,29.73861689597919,19.30335041898375,-24.94635402736764,-4.400262922229021,4.924246755666481,-0.279911780824967,-0.5067623689582716,-6.572079458228769,6.918135414564432,10.92166528201318,-28.38397259908858,-36.98875974946799,-31.17741684807133,-5.307206526813221,-6.713619275318523,48.7762521278331,33.46044258987364,-2.496840801167663,-49.3120160071004,-43.35257849705432,-26.29941747626693,-52.62019135496507,-49.95047756012809,-25.66536527800832,-17.23908614093816,-17.88652339197737,-25.32217046841131,-40.08928301011719,-52.95161594822454,-67.75349763642998,-57.6913829243891,-72.69187361548536,-36.89823420207278,-33.74699953335819,1.351043800463862,19.95492382123184,-4.785253339838935,-37.02627949488419,-52.98948043712929,-50.27101873734725,-28.47327842926197,-10.38704839586097,-17.43442627458164,-15.76897267738906,16.48988314421514,25.65425178939994,0.6734521386469059,-0.8876635246937526,-2.807985803222698,-16.19941529981578,-3.450477359212516,12.45645510779388,23.49763025383744,48.94798758208713,34.19134887039132,-13.34587029312757,-19.12553140800433,-24.15598341593408,6.184392463876051,2.241711037198644,38.32435125172362
-20.62932612751957,6.999250164621133,33.14540251144406,27.21772581870077,40.3265331781403,20.36304416899413,35.68612381030155,25.94623341785189,29.98406873769463,43.9714627364365,72.94739574921637,24.95586913347266,12.41899152675697,39.6655417265972,52.68769596781772,82.73461454590259,44.03058667216924,46.30427074526782,12.0349193801588,-23.07688589075466,-10.95635581417993,-41.53450967610955,-22.69772363176899,-3.791698460254661,-16.01154248316925,-43.10299259767539,-58.99983023141043,-41.97783957185942,-32.14155536019617,-76.97276639909937,-74.27200493185767,-83.95402398419805,-67.13223399813974,-45.88376735682007,16.7675273434573,6.502714631497772,-16.83374927213035,-45.93822985334234,-52.63900554133281,-31.11453250981513,-22.74353131048554,12.21189600497431,29.46421659090577,49.08101526803155,29.86685158347406,5.352267923034852,14.40313453113924,-2.604884732244141,10.89576699616554,10.17629931487336,-5.852101170414161,32.13641056390493,40.30927020427496,51.37427600175415,60.3962836900761,33.03888157486475,12.20125460223603,1.795617137041432,22.82632543065626,29.97513680723291,60.61851837003734,59.01006907797889,39.9030160985501,41.34089812764143,22.66482053126525,16.82632346760253,17.24910280772704,16.86826981662115,54.53143626633219,74.21179822433814,112.9058760588784,124.7261688906379,144.0046354404416,144.9656030785073,135.3237200210725,130.1984516431783,133.1712845676674,166.6364929741725,175.9133263024619,173.8603896943112
3.541851125410711,-4.305427554488846,-8.899107244189448,-17.65546133321334,-41.08519598776085,-63.22000483873256,-68.77011537926104,-84.02688724504549,-73.14182847892906,-53.84989831893352,-36.64966346994322,-80.56888235621625,-94.53165498363468,-85.24675661314481,-69.41877735927395,-46.54394436016374,-68.321090917074,-60.16683569953132,-51.25014598630084,-54.23298097828498,-30.09310398148742,-23.36333770084482,-23.0774148367335,-12.90537983557787,-23.39038646253403,-52.63153647645397,-66.52860406397522,-54.88355836571008,-44.87810121432481,-56.65207074469205,-45.24559263750621,-65.12779314278167,-72.66169663993877,-47.07123757986333,-30.36638876992477,-31.92194567318921,-21.81844270512628,-9.475566899269662,-23.24019496236091,-11.99739035845109,18.4774058663085,54.29819105381009,51.68846233056627,63.03885240150408,40.74130031442817,21.32653793953272,49.94472912696345,46.40799783237169,83.76028173839792,72.83108301626051,67.95613722965855,77.17155937922594,80.46047429852661,57.62025537784122,46.366836748605,39.31656866464508,47.92386824967964,53.97648934918498,80.5243121808515,63.59714695127727,82.07414888922449,90.84367323424898,64.3257458104804,37.17143784029506,6.142694957803079,22.10436965877276,21.47109463687947,24.61054466972933,76.86113906470541,82.59385149656718,108.0349625243256,105.1398567772132,97.81350082257562,110.5931696570181,146.1440784360119,146.8767272129199,153.7029059146203,166.5641907190657,178.5575634895153,143.9957996383971
19.94063163396093,-15.53080533666969,-47.34245843349813,-51.83100301302558,-92.2533115935462,-99.58478775446714,-123.7885906609716,-132.7591082578941,-123.7701229157223,-110.249202393034,-121.0472009244225,-126.2103566610924,-129.7557295503821,-141.9441246530417,-140.56494961366,-141.2600575021938,-130.1102227713749,-124.881575447171,-74.21067461847321,-44.94424853150151,-25.60826528373072,11.75724867790469,-6.329324013520827,-13.01033946845786,-14.85535404680154,-19.32204310993698,-21.48083437973678,-19.26570966592838,-14.25656636029306,16.03967046635072,24.48345418407911,13.88217552172699,-15.36423691050922,-3.02448385680647,-47.23820618872658,-47.06243258574865,-10.32855431445609,34.78570219316141,23.47616389997963,15.81141079889112,38.30681575881491,45.12942579981318,24.9307196136673,13.4745872646165,6.916011830232441,11.28910728135772,37.84858464758491,52.50686315755616,81.09112825808984,70.63502715958829,77.16246948323064,49.11050393296252,45.12107584765641,11.31994191661119,-14.0474707866657,1.511927573973772,31.49403920509952,50.08466585461325,61.16499203839392,29.31957003261574,22.57432714541108,38.57081325774057,26.40822412858268,-3.42376931020566,-21.47108566925107,4.623936896314912,0.3870587139540294,8.477290390392772,27.64132479173629,9.885035708288553,3.847904854188703,-12.2691826386668,-41.63484955788244,-25.72763728426708,21.79667402675968,28.16371849440472,30.6397273761963,17.23990017855823,24.02169422197484,-9.683193703218851
-4.061752546290101,-41.03459368722311,-69.62765899671767,-66.02176542783106,-86.99684205005747,-76.25853285678448,-97.3879201947436,-94.08683747345366,-94.41694374585124,-90.96029450169164,-122.3858584323302,-83.84547212491161,-70.9463331914187,-91.12923703712612,-108.7484891889501,-129.5047942094026,-93.0232670595897,-95.13097920015876,-43.07319498091701,-6.047357126250988,-2.793757565345053,34.87158476836026,15.60753942171846,0.9038369802035613,8.139727005165089,31.99379776950895,42.3691817393822,35.29535135082478,32.36876579226349,77.67330790620711,74.1163980796231,87.74529224718795,58.90820932880339,52.94599090898878,-15.45732970367672,-18.28399003527696,15.57288739577044,58.01028139605394,56.03823662620047,33.67080638188326,30.3954980091373,4.911697674347842,-17.72837759786603,-44.56774434401642,-29.85853282715773,-4.939876137371061,-2.799404873757241,16.53157193708845,4.026380635457514,4.178879605966896,13.20385585871798,-30.42846240256194,-34.84635559424704,-46.40939390142007,-65.55858390437432,-44.80448003115774,-19.76366388301885,-4.927382601573937,-21.43464426896125,-44.40203690695166,-69.03485120940532,-58.12011942010845,-44.20422460012615,-52.60336256068454,-43.39501775840477,-24.82297354571188,-30.12731305703771,-20.25908668273269,-49.23348276876305,-76.59687989029328,-101.1337640784505,-112.6365192676451,-136.7168405946249,-125.0596492310873,-108.4047320565504,-102.0794836081278,-107.7395616794137,-133.9215118275798,-133.129743698257,-137.3343850699824
-46.12450728511778,-59.18976520875822,-55.93610790184506,-47.13596695164947,-28.73768717504774,-10.86932965862994,-6.98855911115412,4.970405840402592,-5.063261317566305,-11.68008728893275,-38.08831361791259,14.76597131881083,36.76860013338155,24.56516203086571,3.085912661915943,-19.55678443545105,16.33486785399581,9.934701264517399,17.23257465463175,34.26019747113851,21.00038857892974,29.81152203037994,27.271289746144,20.11234559088504,30.56386914453517,59.68296885909965,74.53262951254229,61.08709727126273,50.94902422575683,72.59924060909536,59.69894870348098,90.45740745932392,87.36023429310461,70.62490791663609,35.77396187518442,35.45782810655015,38.82602995064537,44.6328983435068,52.42245429898179,30.45103116633493,10.19284202237051,-23.82967579749966,-32.53744080965814,-49.30596002284903,-26.09367557398937,-3.251551738190423,-29.49094637513215,-24.73531605002354,-75.93761706291943,-65.43868896750715,-61.14804382594144,-85.49101279894403,-82.92654018618322,-61.11480659322802,-56.32387477980214,-49.5506269927282,-50.46714256806624,-54.01002554282416,-88.93406391600915,-82.58561753000495,-105.300239383201,-111.2542601093904,-80.72751449148393,-65.23110057833938,-36.83305709517253,-38.00978815880902,-38.28259385633824,-34.96106382799243,-82.90343107102881,-93.78120218036049,-110.3163005164499,-102.0158790319421,-96.40805490803288,-93.84717902445165,-121.5217196617606,-121.2566465290945,-130.0226077847184,-149.4886939357563,-151.9949394597637,-127.6976727240559
-48.94637511653837,-30.06543785682822,3.527058069670582,9.921965709061084,51.68545125377504,62.16872715483201,91.57650520023836,102.6698416806843,90.1927880068326,75.63692018640346,76.82156079117263,102.899060828956,116.7734379391658,117.9625477060225,114.101229828275,105.7258605835395,115.0293555334267,110.4482875415755,63.05703304814405,50.01230893091485,28.60950948997729,3.122972756338577,18.81506293078922,25.42257437423958,31.59820640569709,38.74409869699596,47.53028552856492,33.22878990974849,21.1088064853715,1.896374936924101,-8.381179136231024,12.99730598389348,41.57007479501974,25.87750004669485,54.20824980923373,64.90837690210489,35.05900435262019,-0.1849737361125437,11.95227706130246,6.228949490769419,-8.50664397379917,-22.51039043730971,-11.5230989494717,1.242112036262436,13.33914123297286,13.540295696805,-21.65913645539644,-37.6947084027378,-85.58870150573969,-74.78845799847953,-74.29397961391953,-59.51869278172937,-51.23884063804179,-17.68396396900472,9.54192167348241,-1.309063611983386,-26.14189044842366,-47.2709075423639,-74.6483268426861,-40.11606118533295,-44.75435272253269,-66.21171559580328,-43.06668637552547,-20.45362305357168,3.95514339728925,-15.99025177407967,-8.2189337390015,-18.5523347826491,-41.40716912678573,-22.59888485887916,-18.99243127001698,4.059057279361616,36.02496288902972,26.80594062504519,-18.01587599131398,-24.57126845027115,-26.86468808809959,-28.87138669770334,-33.44983075773688,-6.580695404281689
11.60554374488677,48.69095095216344,80.93053171340499,79.00842912153576,106.07007229774,102.8309021554337,133.5776535410006,135.8659359351712,130.8255207789524,114.261777356054,143.2978605070113,122.0950957148381,114.4787125209407,123.3464440503187,143.2862471310417,151.0581646882478,126.3706639891045,126.8592916765108,62.8241447366282,31.98650086579523,14.43264609912003,-24.24995500270947,-6.410326241352759,5.285828142621991,3.6188210589239,-16.46910432294604,-19.23835797882285,-26.84501474970586,-32.90105185865704,-75.43259017044976,-73.17585821251596,-83.90342722477466,-45.56555556056308,-52.19217297585868,15.44041522035423,34.52021653306535,-4.56954945741122,-51.88062639361838,-42.87832485350057,-27.40873489184981,-24.40085520841333,-9.135928057670704,13.23497709760959,47.53257664589702,39.41595115081969,17.84992893099844,1.846522878841651,-21.25248367946346,-19.04919635120177,-17.76008107128368,-16.1808516732041,26.13867072305436,30.70177142130331,42.86864074205059,71.08914898294429,55.77102929606317,29.00210060234419,7.45431129111611,10.54044189209082,48.41777542729275,63.33186805331197,43.04794528783439,39.81369747692086,51.72084752349755,52.97820689826484,27.93129598926135,38.92253282473498,18.06428889659564,38.45332135705434,72.61978190467327,84.90507828476275,100.3492462384019,128.9631728066561,109.9382878445163,89.57252108096955,81.66495796607327,90.45187662166597,102.8868350772154,96.16153802923469,101.5839693971235
86.47860341197539,115.839538822909,114.5298526874632,105.5512936654508,92.95774025501099,81.30077206772961,84.55641227430075,77.16653772299085,84.60343259945311,76.29677532309971,110.3847026820795,58.30034946990183,32.55813591351906,41.29618509219836,67.87109154961291,81.59904956763086,40.05964311272729,44.27606673050328,18.09033198216989,-7.959377540324239,-11.23378698231159,-33.1858161461159,-30.87276440088772,-27.60111450183319,-34.62764293561291,-60.93882732638804,-72.45153790970235,-67.16325000200361,-61.39954898059114,-91.31598378056067,-77.99916248057603,-116.6416820658609,-101.8884188000901,-97.92281799327777,-48.07320123496399,-37.37725343135602,-55.19381514235726,-76.37504401807539,-75.73908817471815,-49.48981800262947,-36.84675721933924,-7.825726437507718,10.14077202459415,34.61167717203569,15.00959911845613,-7.597119792615433,9.531966397921702,0.933013711180209,59.41711151995143,50.77336860430804,53.55385536040126,89.59729319719301,82.98165284044221,61.58461409995979,66.80806660452997,62.74269056963071,56.12610915624634,53.80049015504045,87.68065379868996,98.38159067307603,120.7258106249787,120.4007108879727,92.70506957057711,89.39226598552357,67.43402783229332,54.70669989578423,59.19195530211667,43.07030453210044,84.7737749502033,103.7536783396377,106.3677704307895,96.43642105659687,93.55745704214419,74.59780867350402,96.06663760235908,93.85900380892383,107.5162915269594,123.6534016550444,117.1618197458108,100.6382752559362
93.64201550965849,94.56858725688366,58.71073954567008,50.55787476008535,9.996626933434341,0.6010858510379512,-30.41230908610395,-41.35087428212567,-25.89956009930016,-17.43252496041264,-5.706291661497167,-48.17100545869295,-72.37657365521079,-66.51725124782162,-58.74518880473884,-49.35831816573029,-77.69003057445553,-73.13072055806347,-38.36836022673281,-43.41175529833406,-28.52009831209045,-18.1967224908337,-33.16750224107793,-41.98532340830482,-48.57864216565532,-55.31931022906875,-67.21337534822307,-49.47109340437616,-34.00315698684643,-27.48814981726455,-14.57015263724244,-49.940117468908,-74.18194805976852,-62.95997649500051,-72.59883868295699,-86.08574032174798,-69.99914369281944,-49.4329528718352,-57.44151520207025,-39.2714286775212,-33.33867421664456,-15.20922055517735,-13.76836707813543,-25.03137689135542,-38.63098606411347,-42.22390868592357,-4.423910631325104,10.69717152270503,78.9861474029187,68.89950062499247,66.50358158428699,67.59262858259783,53.49420410399316,19.25232675540724,-4.117116834817744,6.157626174737501,23.56821858280312,44.96066657051641,85.07990913150708,57.31906465667912,71.44492905170748,94.08581584472071,63.48224384274421,52.46933371837921,25.49268565410179,34.19537288492097,26.38228992285879,31.6985513446435,55.95107318381886,40.90970597905095,31.04612378496661,1.851794635122464,-31.07526593751868,-35.27021096979853,6.11793560362759,12.00773271093811,17.75315317593844,28.44909859347228,27.73558442339107,9.120693297486273
4.971859277937465,-23.59527035070802,-61.0876826260108,-60.64389081619971,-91.58568325059608,-92.14971148026851,-133.3428665799939,-139.602072132657,-127.892554521387,-105.2739113917751,-125.6911038307216,-125.787895150863,-127.8438199152976,-124.0526411228956,-144.0960439548733,-140.9879221765994,-134.8465040276377,-132.4651329685879,-66.00843372836974,-49.11632151401179,-22.72995344218269,10.38673557958952,-6.07448011340636,-16.9398208930915,-18.9459221510279,-1.126383130078677,-5.607112393736318,15.03040087730729,29.6217354153161,65.6430737716443,67.13637619603244,67.43516879440557,22.85534218271388,35.59147681570095,-24.71753451928238,-57.94557298403964,-21.80972829984625,21.45614507015228,9.528125948134914,6.174304825700232,-0.2827624692982167,-5.743192498733441,-21.46687068315168,-62.03767112248002,-59.61793697694504,-43.58325197411387,-14.70243673613952,11.74051719011259,28.1774391033275,25.25854871761668,13.2817971853854,-20.93232201574876,-29.58553396048269,-43.27417786495659,-76.65495701771516,-63.55361441433244,-38.01608320355324,-9.294913750539616,5.895317145224742,-41.20050174316548,-43.95348257320259,-16.28323145513266,-26.01460536097169,-36.17564409639433,-46.94224143943988,-22.91922763103001,-38.35806416939759,-9.831685037974767,-22.32364513082455,-60.01748434816434,-66.64353936931791,-88.67178367025429,-120.6789555898259,-102.0510109217718,-80.17417472108932,-70.79114541850335,-80.65088184682321,-78.49231453985868,-69.9415673152145,-72.35246879179496
-110.7061476606583,-148.5537435027928,-151.1759238902756,-141.7514407834583,-134.7789038167035,-128.5850750515701,-143.9912307749902,-141.2114855975927,-143.661819932222,-122.7128257105432,-159.6073478938579,-117.9324289574633,-94.30989177488742,-93.86009257343821,-124.2159318671631,-123.6193412296504,-86.8116293554726,-87.57855397580417,-45.64598142967139,-18.92382850557522,2.552372549463873,32.80993395392235,32.21721434436447,32.15336525881672,34.47475157729208,56.927675763246,62.12295123039345,71.461179814207,73.14522509832572,108.4963604724399,97.49994444428833,137.2915845502651,111.0951443434118,119.0355561268539,59.2495147447965,32.75820397515991,61.26728845328945,91.10289970562756,82.44734620091936,59.9273959285886,51.01250732204367,29.59471582724695,7.382536364031361,-26.37670186428864,-13.27534574306693,4.833567827444362,1.682807849766591,16.10711408080709,-39.78532911441248,-34.55332179095099,-49.46661322613159,-91.05563593325175,-84.23503097493111,-63.86680057734358,-79.72257086602687,-77.79330957013379,-65.03377061173984,-53.70023215929535,-76.4218162088862,-106.5302564667533,-123.4442284206194,-115.1515086998433,-96.9290699774734,-103.4773207329929,-90.53752900350406,-68.59743180323369,-79.1655695876016,-47.08939673021867,-81.02605718789522,-108.7780088573169,-97.49689433410697,-90.14635415838161,-90.1827556447855,-58.22078300068861,-75.49161849668063,-70.52282335090216,-89.92747122973692,-95.10257048103041,-81.74985115992895,-68.66453313536806
-142.3064477614096,-161.5835522860703,-124.5517488629406,-114.1942437878481,-76.64249761339796,-70.96558497003271,-44.40214132871164,-35.04467594767468,-51.6234699149097,-50.20825518435007,-75.05708252547139,-24.61517894145661,6.562063099525153,-0.3198619152680098,-12.47778855091418,-13.30340419042176,27.19182087065434,23.37295375625926,6.639425909780318,26.76891519007031,26.24098134746677,31.82863205113303,48.27790994402978,60.53229621809929,64.00053385808341,67.39033455722301,78.18807319029155,67.39762053464142,52.94507644474022,59.70886684868743,45.39896448588249,93.67173493812052,110.6421377979295,109.1238119012637,99.57288226573984,106.5432112289312,107.7228302470542,101.9670901791981,102.1971890551508,77.15936956184127,78.33850495819046,59.65301586419479,45.69875427862322,52.0216689903809,62.26200149034022,65.6062138443137,32.52155670063666,21.67998272315289,-62.69294917990824,-55.33762868090702,-58.11673849088347,-73.95092467891892,-55.26171953768421,-20.3408721193171,-5.548254166175917,-17.37814749568507,-26.13244243551906,-43.89509546176841,-88.21216021518791,-76.19807658525947,-95.97166004948689,-115.750947150374,-84.20587924072468,-87.25269402587544,-61.88854051665943,-58.00918110385702,-53.81005757105478,-46.21197966733215,-69.36602199134671,-62.3084231789169,-39.48252942384634,-7.04318259492114,25.41456683997195,46.37745017234599,7.747886251264812,3.775367976006263,-8.728500685740579,-18.90824505350455,-11.82429299624681,0.3959315549866383
-44.18532196030924,-29.92586056439204,13.60834215970137,15.19830764976883,47.81262371603949,47.93108986050359,96.59548877892503,105.2004077358773,86.72042484187953,65.13497240915309,71.32614555720237,91.5387733900599,104.7119972491522,90.25293951479432,108.6779734088706,102.1956370280553,116.0381331104503,110.609051723405,51.83024521157334,53.55926259970535,26.94217590442329,5.318169865236632,22.14375408425342,34.50457529890911,36.71652653940967,18.1853533524238,27.37512718405566,1.207472466408339,-19.31353038978076,-45.00458169053263,-51.52853068801257,-35.78689476396817,11.41655504388647,0.3437007673728047,47.61096571829109,88.18791708561845,63.55028466805352,31.0806220354722,40.65997484453406,31.38232491392632,42.63184884897807,39.97718583825834,43.69667504683247,87.75685105879487,87.34410400454531,76.24533288486725,39.03970497541367,11.85086401180929,-27.7986443079553,-24.29554698922319,-6.232361842262241,15.18192624638104,30.19754484940335,46.18233261528682,79.18602466771188,64.86559258362205,43.48909884871652,9.601404854627466,-22.7785338702148,24.26804691341736,14.45514246738304,-17.19990530832853,3.59478028418028,6.348511016995844,23.93744544735673,7.330996627129823,24.34812838473836,-4.339951203371541,1.648358697480065,38.09295816453092,48.15408393450155,77.10392331180175,110.8073289903451,100.3424032382101,77.64783302846796,67.58582932339222,74.806824424833,62.74832500636511,55.45130690417201,53.27840255112322
108.6390386351937,146.2142681778771,155.2491309347315,145.672207394412,143.4761100962275,139.6518838088516,169.6008686255127,170.7427788668621,166.0582569240268,138.0698664983534,170.4421071459289,145.9917388737993,129.7791282844775,116.6181013143324,149.2471294349685,134.6672323023583,111.4134323968799,107.6715937762827,57.73382187135455,39.62767957800396,3.123324137270879,-28.77555845459359,-29.60064847849534,-30.82924447118894,-29.60369425741577,-49.29000891339615,-47.38119030084125,-71.73092919995115,-81.7458620049438,-118.3693850354198,-112.9498574855376,-145.3227412392663,-109.0001221333598,-123.7041603468977,-60.44279670024098,-17.68781686309702,-49.16789948407408,-79.12593900238311,-65.75235953176124,-53.27791189292937,-44.75031669628606,-32.51896690370529,-13.01575946837345,30.1724761855908,23.50758656599623,12.8736374642399,0.5583370788303582,-19.78542403065567,23.10377314633372,22.14480438961713,50.69816107429158,90.71950778547105,88.08562856163692,70.07431554701407,94.05808665314582,91.48925391430785,75.01484953932741,53.22803957796518,57.56871835402926,104.2776705296795,111.2778826571343,95.30280974069335,90.66099617866966,102.2181149798984,99.04683018796979,74.88725502947938,91.46366113032308,45.34732984479208,70.61649716445896,105.2422637336187,85.49713937246145,83.96271719903916,86.15238047373724,47.94452353459064,62.32368415186403,54.2609543517105,77.70568674863097,69.14789292225289,51.49625209031206,37.9508043180476
179.6338124988937,211.8095641785664,176.2681804374671,163.3280622988109,129.8278823736839,127.9265512667011,112.2491106670541,105.0097003312819,119.9103730361277,109.2119049680558,143.3995989010534,94.85201377577162,62.25836374096458,63.6065088872653,80.02136576111968,64.94442315009525,22.46632638125365,24.07357250469367,22.87697008426259,-4.867050451650288,-23.43761800549072,-42.66759834997296,-62.03718977966268,-77.49165217254377,-75.97721515730687,-74.44040291237228,-80.6745399321819,-84.96343921947864,-75.16111337110419,-94.09895830075112,-81.62161924185833,-137.3337680583717,-145.025800935178,-154.0382088541563,-127.4276357272929,-120.3693033759185,-137.3739188787793,-142.0565787800036,-133.5313839155848,-109.6519168133068,-114.7426673915851,-99.18043491674155,-76.25516483100573,-74.38446520521964,-77.55868127382038,-75.91361436835041,-54.03904354107184,-50.52543391569228,41.0695634349833,38.84163409975127,53.25601808439745,79.39715324858278,59.8147634476945,25.38003347286995,21.42247419640946,34.20639119328973,34.41402546978738,44.37873020133554,82.23465189571446,91.8532024618099,112.0269218932053,125.9617635454553,100.8669636199648,117.5112051568514,97.3265295434778,83.64597009621644,85.81172189744694,59.98867187345318,79.5141894521265,82.79476728094295,45.02125487224166,13.15561212124859,-18.09471071966395,-54.76311193776984,-17.79374834460656,-17.11804916271538,3.66143216163366,5.090622243975954,-8.129186512040695,-17.7886419704616
95.88418240655406,97.54538583826036,48.89393946823255,44.2114292936919,11.83475150407987,15.32455337616777,-34.61061340676723,-44.42511351780918,-20.67374092486831,-4.603003964349377,6.24669495118637,-28.17984048829575,-50.40317802716783,-30.1631316572234,-45.77177027957118,-46.31113409764307,-75.58399191064026,-68.18902765420528,-24.49520808204253,-44.50516241903983,-27.13682379851714,-21.00451639045593,-40.71578478345084,-56.21514128460754,-55.00441392621885,-32.42488550427192,-42.60405459239141,-21.49983089939141,1.170694887217034,13.43505909755052,24.03967884773528,-9.42791248014343,-55.66137076867144,-52.38889727829952,-82.7257774752629,-121.2509405724375,-114.1225367816814,-95.12604439175531,-97.70023491619145,-80.28997539967762,-95.17104970974069,-87.32688976755358,-76.42702129387713,-119.8718373577678,-116.3138261028256,-106.7075695983467,-68.05792614301564,-44.2856541314912,17.70043273196258,15.95748685697446,-1.09699519190689,-8.363596421742207,-29.19167995241312,-47.31261249657638,-74.50447136843607,-57.05423996270682,-42.14088640243093,-7.252737362719888,35.53401217234115,-0.9556948779587092,19.39624638998475,51.02748503284841,24.80732913311291,33.87082242779303,13.17826062045416,19.08079367749772,4.09857830358372,23.72316725790958,22.07433304992793,-8.222854360275649,-29.98725238035427,-64.09374328694381,-97.7484451102831,-100.7377771679154,-76.73795364082696,-67.53063101716141,-68.23435469851509,-54.46959673925901,-50.33594394908069,-45.11994377978386
-78.16722663418589,-108.1503462878775,-125.3272919246674,-116.7533315327096,-118.156085246772,-112.4762640363442,-155.3971523801327,-159.6505794494286,-146.8811042010298,-118.2788007411336,-138.3294482479229,-133.2306735436729,-127.2181552041423,-101.0089587053045,-134.5364383518015,-112.5129523808013,-107.0127961119297,-98.73234097084276,-50.38769432747585,-48.0989503473022,-4.060737904724119,22.11311631657004,22.20138728109581,22.24451907558895,20.49581331760505,40.40703410342694,32.87142806551668,66.18570239582982,83.2078734272995,115.9873470828064,118.3732688186328,135.5138160745466,91.24178980395737,105.4020152581507,45.57887666859382,-8.709034989074182,16.32840029246837,38.73394965593163,25.83710204709087,25.40422547493967,15.82471397011351,12.92596202980963,3.276404129521429,-47.52957783959334,-44.05902713422612,-41.09547658654628,-15.68493030657237,8.173923466757849,-13.8548541680604,-16.62474482195989,-55.95855233172421,-88.35013335414529,-92.97197376210993,-78.48583846852148,-105.7675965350657,-99.16518436909345,-82.00286663814769,-50.97700609973724,-35.13712154490646,-90.87568022512237,-85.15481917950373,-63.57062014094177,-72.5337217931435,-82.9048986283877,-88.33207912300226,-68.97568436162997,-89.64476280538518,-36.40792013256489,-53.0684534211186,-90.66648608093,-71.60016451313805,-77.28493455644353,-80.09295974687294,-43.50215497254419,-55.1102241459119,-44.49513482153234,-68.24738294901738,-48.76936718185585,-29.05261063744357,-13.4879546352506
-192.3641262465601,-229.7579110723317,-199.133231622645,-184.0001397259239,-154.9514605874904,-154.2756101165313,-153.9080685299783,-148.7839988443698,-159.1563537848331,-143.4409448900556,-179.5983471923671,-141.3919352085497,-113.1098706133494,-103.5452174531322,-123.8825739456104,-90.96458978088314,-56.57759741151884,-54.70107451145023,-40.7291326988723,-15.22543076555697,22.4581439083652,50.13932262184197,72.10822816117884,89.10924790038148,83.06027904821806,77.22346750124221,77.24472509185692,99.23136499974689,96.01052104448381,123.9268462876781,117.4420030423313,172.1619112208266,169.580016418417,185.4599394791279,146.4116208957393,122.018623862039,148.5617314920226,156.4072658491269,141.2969915077754,125.8125259826454,131.7955352349878,122.5509697245249,97.31813781299114,85.165347708848,80.38589641924403,69.88608401402018,63.02166673083762,68.09860761265382,-19.71112067675183,-24.46422661554736,-53.93696254304852,-84.00872041801779,-68.32546703776686,-36.27204680298519,-42.26366865798813,-53.05933673876562,-46.25188865456514,-45.60870359937575,-67.82526225826827,-100.0211892036982,-114.9823356352765,-121.7069898517232,-108.8090311143762,-135.5585642256365,-122.6958672690579,-105.1165740974038,-114.7641411434265,-70.42123358217407,-84.16433125634742,-97.65473520072032,-48.78676715749819,-20.93247394947435,9.353249154428486,56.78927589381168,20.90002283069055,24.5319816637505,-3.482819362260436,8.131614185624862,26.78482922502197,37.53545586402202
-144.4818667326595,-159.4283171906429,-108.4445301745329,-99.80857847465265,-69.13815152411814,-77.04411126605666,-33.42193277054186,-22.96212217563665,-49.15870826057249,-59.36549867115809,-85.75404719184827,-45.78892180621038,-19.31530628092908,-38.75264166893071,-26.89462907478449,-9.860954992534532,25.77836182426724,18.24356608116798,-7.753426462794989,24.87606472815196,24.50607187892287,34.84925000184985,59.44508036436614,78.4359298968951,71.38476119504105,42.42740301406132,50.05555330296951,43.70644135896722,22.59473692029042,25.13227241743255,13.79116982679968,62.01541459662449,104.0307624464142,110.8458005484953,123.0603272113213,150.4420754220916,162.1223553147317,154.6470381055251,147.8250943430417,130.0748124364002,145.8841344190712,136.7070475131385,112.4835955247311,150.6554371888166,139.3611118067395,126.1245968518151,93.25514020505078,77.2538262975804,-0.8170004205170844,-3.950994639858091,4.651783376536797,-0.04240185567330045,23.18803593893338,42.07988626764478,59.81224633073714,39.88760435166409,32.53393634630169,1.748004289659543,-41.21613924241086,-24.20462735729667,-50.85521279547046,-78.69356936362372,-54.63386210730437,-77.3309333051884,-57.329734964227,-53.29954086080651,-43.66664038162705,-46.64484694425605,-46.58444788266935,-26.08594917350329,11.58075966752219,47.8625771404318,80.2359480449019,97.98884316535306,71.8103465028322,65.47603454999678,57.18419992261617,50.18975947880088,50.43883346052463,45.74752314105834
26.55507299043764,44.89332833836892,70.15970518580914,64.31903758503269,68.0883890728398,56.85734963117375,107.2434212937784,114.0968331392384,94.06537704146614,69.30596395181483,71.24803990330314,82.6294228560169,86.12655513523288,49.89838797637387,83.05554190427121,64.43519018245934,74.78805500435736,63.18048252424117,24.68404984631816,40.77414479384429,-0.7498766139700805,-14.64831159381799,-10.72961972365658,-7.374025957983048,-8.795930812457167,-32.85403643690081,-22.7006088561002,-54.58404899121727,-75.75329826839952,-99.54571798912191,-109.6392127531767,-106.850259774664,-57.36332281543409,-64.39004717089702,-14.07372059289127,43.22183508606685,32.72522975852367,22.37247135206574,29.42026371246149,21.07581659537912,30.90742225683942,26.0358491481567,20.57291275241724,75.2065538464748,69.54444780507791,71.23656196489743,38.22396485090156,15.40896445041051,13.59454463955656,17.89991817468259,61.62709558016042,82.98383875254872,95.14457571550314,84.40005633051466,109.343956048276,96.46616620334248,81.56839570356924,45.20258333129053,13.39148902324441,67.63518785391487,48.87286118058142,25.06306589811399,43.40035236744416,46.70864095063119,58.07534116424632,48.32168570283062,69.96402354444747,19.44977609664276,28.75453270478274,64.60142211997869,55.83324637190371,68.23880413212326,69.7995332299878,41.26558565157537,49.21359768177579,37.67661991877188,57.31131730252518,33.98637284114141,14.06368479276727,-2.107967351607425
174.2956029133249,209.2847091026295,186.4947581491031,170.6476757287695,146.0103899597457,142.3414117717523,157.8503207731671,154.7836000501128,158.8151142274122,143.7671551578562,172.6887380879431,149.5075239094956,129.3431852711109,106.1027719199861,130.0007230096524,84.05836945702559,64.25813564576239,58.61935844574121,39.9255591246129,25.7879099913041,-25.96436474359941,-54.80174511874474,-76.95352749569543,-92.89313181826728,-84.83186561785934,-77.63269197064626,-71.97309704635832,-107.5355489413034,-110.7861046668291,-142.5565544180102,-145.5479202422529,-190.2569842140025,-177.3599447853401,-193.6195459379484,-148.4727644417363,-108.7034295215112,-135.4542079254231,-138.7710027773906,-121.7747915936691,-118.1259016340823,-123.5467711021503,-122.6266290200705,-103.3536901096428,-80.85592805760407,-70.72725172766555,-50.1683325363507,-58.40933595495912,-70.59324856583667,3.414981983514982,15.57098133436101,59.17028066863051,86.75842757043074,78.90161442876419,51.03691098370045,63.25196290120942,68.10276302727787,56.97266026332274,45.56372655830422,47.44266735142216,97.71582359885019,102.7888574585762,102.8134995528757,104.1746644538044,135.3422683793187,130.1354749831266,115.6625631396722,132.0863862273309,74.54494155042752,81.28415519588306,102.577808368813,51.25194929111295,29.54926061995932,-0.9892775555376022,-52.24782510534762,-17.88689894561791,-25.87855440448418,5.993832528910186,-17.5874391191891,-40.94034372817325,-54.31274785712019
174.3600661681519,196.8657431739163,147.5015701911105,135.0184355733199,107.0764678611505,117.4283183571779,86.58500056244337,75.74457148603047,101.1320462606969,109.0115046183929,144.8830966677119,108.061490544565,83.0450014405163,95.06646082660228,87.91487061470555,49.58950960620407,18.00797181059012,24.00503061733066,34.76953970670638,-1.055914224419332,-21.48648016832984,-45.72318947043217,-75.47395284029157,-96.79022310160056,-83.55182255522858,-48.04253236888453,-50.95409031999316,-64.40480073437833,-47.40098143956043,-63.58460959996181,-56.3802523377741,-112.5175474481858,-147.6175187696647,-162.3309167122109,-158.3056372684764,-168.5396570411269,-194.9713523006617,-193.4004574803304,-177.9677558728158,-167.8514464929991,-181.887614535244,-175.5387806609748,-143.36811625214,-172.1779656516664,-151.0852041364449,-129.4190906451581,-107.8440314257145,-102.4934819784719,-18.1472645190276,-7.21252999245867,-2.179234894979706,9.641711184880377,-10.8963598201287,-28.3232028203573,-35.85589226312679,-16.66896185606223,-16.38247838843388,5.985872939138994,38.82972849538063,46.13941202736457,73.50952537863849,94.81688423119517,79.90934743523272,114.894616957571,98.54074860360716,88.98721522654384,86.86191023842544,70.17970737407859,68.88794946341031,59.70676852945485,7.88358958295609,-27.4990544238239,-58.31850935729279,-88.15351259721247,-59.38441396325561,-57.84074184017873,-40.51204512898333,-45.84639709307024,-51.56595413838829,-50.94850566745695
31.77702351713602,25.12299125836117,-6.051210499849198,-4.48030047274931,-9.511402051886069,8.923307866770571,-40.95076839005726,-50.26098591900816,-25.4475637239678,-5.092093462779146,12.71308620307113,-8.60438437876442,-17.78892043477677,22.75464571687584,-8.592673473026318,-4.865629860354058,-23.78261700875741,-10.84239734035988,13.36265419780578,-17.93683956437561,10.99665087868373,8.478548595100076,-2.540593769677924,-10.48486362913102,-2.879635549414174,28.74968732951058,19.29662699159799,38.77947577568963,60.78528407011954,71.70958960275077,86.60489663949618,63.64309437738589,11.95092039806171,8.463649590078905,-28.45847255787221,-79.01751483259976,-87.16872425613876,-88.9966162620195,-86.47963367031869,-76.71466314092847,-84.51102046263976,-75.09243085136139,-52.95507515200946,-106.2261222107349,-92.81255686125083,-93.84066593633625,-60.1557672938839,-43.82967971214543,-20.79449491276826,-23.18445537681818,-63.56122167279925,-73.84906131155783,-90.64209318399129,-82.54849095599327,-100.4811592884029,-81.54999970157799,-71.00310330718112,-34.88365825722354,4.175791380547726,-37.8357790991187,-8.398006791485878,13.64892913254913,-6.900337009337195,0.8367553814736719,-13.12030310464603,-14.09587832214981,-33.3075759345582,5.05983429475565,0.7567222859553673,-29.14704669470494,-37.16946543345863,-54.50265930174186,-53.21788076566703,-35.91652346954874,-38.96103963448452,-29.06597912885759,-41.07395773613501,-22.40578044750615,-4.203935792630835,9.093002041525548
-128.7239813216876,-155.8413712722177,-142.1123758385282,-127.8326474847179,-107.3381806532401,-96.3839179548749,-123.8857644896072,-123.1088060263142,-120.7982253801092,-110.6524285374353,-123.9096411115435,-115.690108707999,-104.1694268602911,-67.90006182603717,-94.81100517514115,-46.32302685111303,-41.80992280482617,-33.36486842123806,-17.92883838772913,-20.50818301455842,36.24021477654787,58.33931039575981,76.6693577504908,88.73516279311464,82.32860040449388,78.28874394111661,69.21601849894529,108.7753520528094,116.7061381714326,146.147818751103,159.8750570810478,187.4917362596964,165.0542061916138,175.1040039307467,130.5423380618454,82.01704550158099,99.50139111400343,92.70516801849941,79.53426129042022,85.79886806277355,91.24623460719728,98.83906362671779,93.18314410065393,62.72544505602421,52.69865434757812,24.35448491808917,44.26703087169025,59.31868175375524,5.3692474324276,-12.70879421869559,-65.44654661560365,-85.89454977024451,-87.17183038067012,-64.39887739076185,-77.46275484933027,-73.16173258940775,-60.92173005794491,-41.66655384528714,-24.34635221783129,-83.80530885476607,-76.42140940527567,-72.07308650182779,-85.26380787515693,-114.4588344196305,-115.5656219172403,-109.9824196166003,-131.0104668758975,-69.66592977120882,-69.56991421612341,-94.88469250627378,-51.57402996222789,-36.615536297781,-3.959351052709072,44.59607562727408,13.16159271142045,24.16900186402847,-6.964514821634928,22.72358133222151,49.8270558353891,64.44832311676728
-175.3444103639179,-198.5728110165445,-154.6841107611853,-139.8359289135489,-115.2916079700112,-123.9427757534488,-108.9378823402718,-98.09776025825865,-120.178701887604,-131.1933265990351,-167.2186126790924,-139.6336797900506,-120.522843690456,-120.2060659822227,-118.782992950729,-61.3136601490632,-41.90135641871935,-45.61604531461271,-47.17644695810607,-18.3859494931353,21.49164942885031,53.75955937197208,86.5589408599017,107.7207191816707,90.11972399020391,50.54500121235027,48.55378292126414,80.12414210475572,68.0353969423812,93.95788261747035,95.68471952792719,150.9982720942116,177.120924644678,194.2556103839064,178.5423730165432,170.4817107520446,203.4038914804526,200.5810349549072,180.3350294723915,182.7128537474572,193.6584417170948,193.7157294517104,162.0223074766379,179.1271416853214,149.848391929827,117.3200379794486,109.4139769418679,114.7878340752881,34.62248349403823,14.20256657921904,-5.624675397610922,-18.71874370713679,-5.674583870624588,7.935927869151774,7.648684265886232,-6.076659873263124,-1.375289985699697,-13.39393737348129,-29.00648982378102,-60.00608218472755,-82.51350961270958,-96.23825300580272,-94.46727264924068,-137.610638492191,-126.4161673703895,-117.7633661522589,-123.7240914180083,-90.24133040334796,-85.57460109573111,-86.96216793661338,-28.36733434970938,3.830673359293748,33.97174047711906,70.63049069522117,39.83719182874765,44.12003833732966,20.25747055449038,38.53888029485744,50.81371588494046,55.82421177258657
-80.12509666432288,-81.68960381056419,-48.40296895043707,-45.25190192971495,-39.86434278210754,-64.30414465938819,-22.93601399034313,-11.20143192234727,-37.48708850313934,-56.99898216249178,-91.04785707491696,-67.57119320730285,-58.11329480609922,-96.00697304539482,-68.34612853906577,-49.20764721059744,-31.72928522691829,-44.07535692249517,-54.25062485101036,-15.79493696300139,-24.62380976535124,-5.17366569034374,14.45998705412573,26.66693745177796,11.58144381737052,-29.11324489175176,-22.75579683492419,-22.36245337262142,-42.55349730828683,-39.23174068983591,-53.8027564708673,-14.77720211338878,36.03542852796401,49.10782209838594,71.84401702928062,107.6067865386759,133.1339544595286,143.1943331038898,130.3627183795374,127.7609308950827,131.1681965350642,121.601046387191,85.87130212950112,132.3095890180016,107.6163467224553,102.3067132316884,74.28087642851996,68.97915848638945,31.86876388416439,28.56604565105194,59.1505947494199,61.35395513811195,77.58189087294421,69.95100814549126,78.63232917188746,56.70973625586757,51.04788808845647,20.7385084419195,-15.27930718271522,6.433472935346514,-29.18380931416666,-45.75603808247375,-30.6899198758064,-50.57388983858901,-37.16612792738999,-28.16834935674773,-14.19442831630231,-34.72411724972763,-32.49841712830381,-11.15355500823421,14.44393689042197,34.53202609934808,29.6604606345401,23.00991671143698,20.32567590114315,14.96947946403917,18.01655147409506,10.67508354769563,-3.393585808487591,-10.22220456290132
67.404223303454,84.61667936560617,78.89716354241335,68.43763451281744,51.75687872446094,30.83930558295003,62.94401795187702,65.01501892089134,58.26287686310987,53.51370175774675,46.10172243880172,48.69217261754392,42.95477451486258,-2.367105594781994,26.42942841356599,-11.73268490386191,-6.169279011734949,-15.63673331127512,-22.54696979558138,-3.540201311293992,-54.30426950805066,-63.07150589906645,-73.21287895038643,-79.23419054190391,-78.04351684719997,-81.87053508638293,-72.35085839916479,-104.2219920990048,-114.2467149029633,-135.5585712249196,-158.1996551498554,-165.3949017567347,-134.8711633040748,-134.6763416029804,-96.08205855391371,-48.05696565421382,-49.64880436113602,-30.96886657732235,-26.44734198947932,-35.87789981834602,-43.38931326005145,-57.54074032933216,-70.22267071211463,-36.39171669578006,-32.96456525649221,-2.018690295112767,-27.88931046681155,-39.86395280494053,-7.020439212404395,13.77652481691109,68.39630539991933,79.93732090002159,88.23860875304639,70.08773504407357,78.68867682258396,64.33784076314731,53.79905630087556,32.03181810049639,1.807841554375256,59.51994094484248,39.85289031106176,34.85334172381426,53.71120494012275,75.48992175878867,80.45608632464068,86.51259381448207,109.2285657185243,54.41227710243582,49.12034178992401,74.52516719848852,47.75523506290413,38.96942621409862,2.268893966117103,-39.50553154042161,-12.79503756899732,-24.04942443819795,2.107218782411826,-25.37635760233979,-54.48873439624867,-66.82539739498307
146.1681423662685,164.3244022567838,128.3511085415842,113.7678130907183,93.07828585564189,95.14330319297117,94.38914205838326,84.35166369603384,102.3645235142371,121.004297892555,147.0796313826465,130.7166882128703,119.0205997811809,104.4601484855538,109.5362919764483,41.87026484567905,37.59453625578413,39.49020931719213,38.83282361028822,24.77763303997959,-28.16621363523225,-60.54275150191181,-92.10852049449251,-109.9181183748956,-91.32851782123358,-52.44684049506305,-47.17659666973929,-88.85291086738866,-80.8284485501965,-110.4436731894673,-124.0563912437441,-170.3823077927428,-186.1194278735289,-199.3953356073612,-177.9808110016912,-155.5743516227117,-185.0841256578512,-174.8428426712201,-155.3956418021276,-169.8419036025499,-178.3416519612916,-186.8413296790111,-165.0146609311702,-170.6705553711627,-138.3260275173709,-96.09061826690289,-100.7278918298583,-113.6527010026806,-45.80851031732587,-16.17071567852377,15.32265049910872,24.62422114833964,21.57836519178468,13.41397320216112,16.78693767771199,20.52566590788231,14.00012941341909,16.97845279335337,13.42497563229942,62.1660421421031,75.6297902426067,82.80412645397671,93.73824345822304,139.2877444183412,133.1762326723927,131.6402536110039,144.7714561699223,102.3483329144023,93.52994125017814,103.0604082343949,48.24322948735979,20.39344829338902,-10.93125761703107,-48.78441720617612,-17.50755000439392,-27.07416553282881,-0.8697155162064548,-27.64141778109338,-47.06908855320114,-56.34226894490635
105.1354952440593,109.488851306683,78.30524114568286,71.62719472595198,66.61515316730292,93.22334368777528,65.75679532503599,51.92585702182873,76.79116171482363,101.5067853635743,143.7533941360328,124.4923729461621,119.6280432604032,148.4367157376857,126.755285238257,83.42811671721272,76.4493947384108,87.12485511129923,87.35541154140618,52.12949717227288,37.86019535580096,4.97702124438432,-22.20287611633117,-36.74145702589259,-15.0006342264664,33.39272376027185,30.81757352579426,9.407464178417824,26.54246251699652,10.81084236247337,19.20418481109851,-28.85856069421797,-75.74236596789456,-93.87688605210485,-104.8037057225036,-121.7106358617104,-158.3529360520697,-170.2602429674511,-149.6542427305628,-160.5532792296113,-158.5315674517947,-153.4708678969504,-111.5461383599569,-146.7931579352896,-110.9409957109336,-95.51054588125668,-77.19345167638647,-84.85896870878869,-42.8913885488587,-30.93405149557189,-48.70801060031607,-47.59427760283742,-57.67824455990256,-47.87888248087076,-48.21775314233097,-28.49228549362596,-26.38656827320385,-5.603494250709151,18.78691486092856,20.6082222573156,56.97787723642886,65.5995142931199,61.6034542086907,91.73542253072729,81.0844960500919,69.46538898559126,62.36734413103022,65.08858259770621,62.31391746355756,50.1609778662803,12.4161643575626,-8.655639548615222,-0.7104703133049727,-1.325273694598499,6.97131277239765,5.485839271399418,10.13334204191238,3.800142289624833,10.93400232642769,9.616075799125438
-6.505373259651201,-15.31601755650105,-14.55319171195364,-9.103945390788308,4.061468849957459,34.83700428315698,6.804457032947417,1.279966619567544,9.366984362511721,12.67859732241118,40.57001974220289,33.43240699753834,38.45601788407012,86.49465409390859,57.87931149719746,74.79069244080681,68.23348783284324,76.9258975903016,74.10863030479594,44.58299746218297,79.11399080045102,71.04640463928219,69.83187502360933,69.00486863985418,75.35448723267598,90.29008802182946,82.78602145418731,97.36258625588815,107.1698598535442,116.5361408947481,143.3919031067003,131.1298762382375,94.58657509584083,84.1653158729613,54.23775321708901,15.83050375196938,-0.2058017485387099,-28.38876810600634,-21.95421531728222,-18.44368879531973,-6.715539050498911,10.08114748025718,41.15461781039643,9.786854680153377,18.15860913095691,-9.104173662426952,16.56460573027267,19.62712874919996,4.030325378011068,-15.36456814461511,-64.91097297927477,-68.82734032537385,-79.17392909248512,-63.84571053415473,-64.44141231328959,-42.23255051088505,-34.84945587721002,-16.75351043064272,17.26719809942474,-28.69730413278008,0.4868650425569271,1.83431993645719,-14.89435863467383,-26.0516102738411,-32.08959724252918,-48.81827754703515,-70.36962164703908,-29.80767064261497,-21.97474524928903,-44.47734304396742,-37.64479695238017,-34.01677477537829,8.019273033445224,42.25717629820934,21.75468562628002,29.57842861769285,10.85981781506352,28.54916684812127,56.68682461580418,62.93661455551733
-94.68302162950842,-104.6523059690264,-76.78293407353166,-65.39063694727461,-48.93945938198772,-40.56926560852934,-48.13051740659678,-40.13571291909135,-55.38925225760469,-82.53103533951948,-90.74340678359992,-83.51249848727066,-77.23577378856338,-50.10468098560418,-61.61862776890288,3.122337680283707,-4.627024355881324,-6.017643865400587,-8.452356421253647,-11.76355568478117,44.26217601319276,68.71577369306085,93.65147562311941,105.0454329576087,89.31878474551148,56.91245280170597,50.97330508569483,91.14312686865905,85.3541029833716,111.8729577171376,137.2350717401044,169.0831248136727,173.7233766680529,178.7879755313652,157.3239494397773,128.3019339460801,145.931658551941,125.1486026390476,112.0999167321641,132.7439760248934,140.9283290677973,157.6217593306118,153.3936815936813,150.6491116996128,122.3701558236175,75.00194827319876,88.30420348155421,103.0680043220608,51.37613976364422,14.82288456365252,-22.24261906976966,-24.87832247838926,-30.83678379778289,-28.43764417481507,-29.32506603234525,-20.52359704628035,-15.46737545464618,-13.72161486070358,5.643318817896946,-51.27631661282364,-53.93148176707048,-57.64563259958545,-76.57441035678231,-118.6987398044308,-116.3059098680158,-125.879635642971,-144.261416914036,-103.0103753200887,-90.93155863440295,-105.5238422032883,-64.43234484959609,-41.21495667049606,-6.368699631007324,28.76381923355441,-0.9427824059611077,11.49005180993261,-12.6473580439854,14.83570538932789,40.68246623286652,50.52920429843551
-101.0782573952407,-102.8577181456934,-77.00649390547741,-69.55002036388638,-65.56794487940864,-89.05508113150185,-76.4302662560511,-61.44230040742231,-83.58474398886776,-119.1538578095555,-159.1264286115882,-147.1780871827732,-149.2984145773964,-164.8259981954415,-151.3849605983374,-90.08827327509445,-98.45137343573924,-107.5383250464788,-103.5651740229673,-80.90218736607896,-45.87631490761127,-6.367396649115899,24.51147286587839,38.21022480111538,12.47048364697005,-39.35237699943332,-39.45710927892173,-2.771714019359689,-17.16552991495814,6.104965829317702,8.58612677454242,57.94580268043048,97.97264821670572,115.2530775551733,118.9787006838987,118.005458337241,156.5287166929199,163.8224701831103,140.4961329984678,166.258927709393,159.7487908745121,162.9245398857541,124.8555946310686,146.9135140294225,104.0604724049093,78.23284820418213,70.59364694951805,89.65865882396601,51.23005854855316,29.39603441081611,35.55095791405051,36.01250455966653,36.18123005540431,21.95806365057878,17.7392037614843,5.945149651857443,4.473234439118412,-6.191195868539157,-14.49689779608127,-37.49053114728165,-69.73848610600859,-70.01169778063189,-78.63503174860122,-114.8353658867186,-107.862125259148,-99.73971766451372,-99.85392532425048,-90.38883803683585,-85.63487688956589,-81.61789648427207,-41.51887232018456,-20.50474199425668,-29.70344457088488,-26.08907780361742,-38.87682718809103,-29.80085070410524,-38.8353304899321,-21.61431537567456,-19.40097892698627,-11.24897942126522
-38.83269643157607,-34.42894027081336,-34.23884812143775,-35.31981762669719,-45.2361843653816,-82.76640305093748,-65.99364214078881,-56.80314932459358,-63.16789702385731,-72.20676886135517,-114.9644650721617,-109.1602428050802,-118.7423171252262,-162.4441016227381,-137.0359621930303,-127.5718931379186,-129.5473746319003,-136.43558759246,-126.4327093775636,-95.98021323815557,-107.2238892476773,-83.00646403721424,-69.83827730507048,-63.12763184419286,-77.44175938889909,-103.9112204913151,-99.47528095923495,-92.69726935635029,-101.1108669930462,-97.92328770267324,-122.659471511708,-95.37289481118124,-55.49115435356391,-38.65031783015991,-16.83431420187058,5.618142407323949,35.72039484967702,67.96039044879051,51.58714860923455,61.9074538381518,45.09610774937863,30.75537108550258,-13.56989689225351,9.700650654084614,-12.32116024833854,6.242071392798942,-14.36891868831708,-4.758516398520494,0.5191965515321731,14.61936054135198,54.78940429072566,54.63139455735246,60.92064510249428,45.78173410926984,37.76826132928993,12.67182979399732,7.891066774836139,-1.439086052230098,-30.39555652821221,-2.542765568331527,-36.81380256655144,-30.75861356802564,-22.88141055982198,-22.7347901359261,-18.01659287175302,5.325734613316892,23.54579289683753,-0.2225882659798823,-7.841943569158687,10.2879971792094,20.34195441957871,21.06717192678438,-26.35398988447618,-55.08377686913004,-41.4304953220227,-42.22631302245836,-30.91872015950111,-34.76344535927438,-57.88428699842028,-56.07538112850334
34.87294083825334,36.84291740966287,15.01015147424444,8.865891996075824,-2.945191747998541,-23.07963243323244,-15.68578701947989,-20.25997919759813,-4.891531754111336,26.77143663372658,13.86242932147606,11.05698799055107,5.447164311119006,-29.39619560032897,-12.89263539941672,-61.65147889583236,-49.77033059851261,-47.50337860401758,-40.00409820324051,-22.59562562426969,-70.44966194249622,-81.01846544733928,-94.44835590978458,-97.39782974108604,-87.72598707078116,-66.83599413908215,-62.70537306824539,-90.2282432396859,-84.86921684950958,-102.5733015274929,-136.1977834986053,-151.8127017210923,-145.4803611579055,-141.7374813321597,-123.8127673882483,-97.28068556329804,-98.53099539487168,-68.01644776623256,-65.11403310438396,-82.61160294482083,-92.81523509591348,-114.9318753048684,-131.9646331207755,-126.0362353512523,-108.6162963935131,-62.53486137339021,-79.36642710752466,-89.41461136638885,-52.99042699704722,-13.26535379881278,22.66393002688292,18.54552462777287,29.15240068253438,31.37270644646517,25.1756213523157,4.448082386731418,3.119611769913268,2.686121419078109,-25.49457113978132,29.18313420418811,21.95158546236217,26.76557367798238,46.36914537649981,80.59168269958361,79.85150606706387,101.1989580473952,122.5706191732046,91.27887184623512,78.18777453386846,95.13538225380476,73.48389187028562,54.88278337706647,14.45316257719644,-16.90511299745583,9.318323926836538,-2.006102720209013,16.94109661462137,-3.094913946722116,-32.64926751670599,-38.897044161807
71.25060650507885,66.99481677783507,47.65653402998893,42.92211650551879,40.67128492650746,56.05322846121995,54.33741418170815,39.78182709741584,60.09261326619237,108.7877394828035,136.6127616559636,131.3023978003959,139.3159753186587,140.7595046566594,137.0027461402559,69.7406838340797,92.38308115985251,100.8053038538964,97.51790373724147,92.66323565522379,44.03152892116493,6.275382030693698,-22.44373170974673,-31.65256616953609,-5.57873419317216,43.46488861855418,43.9562398034448,2.668812562049937,15.70392873966144,-8.339794693461556,-23.62994097208206,-68.00506101259191,-98.53627149265812,-110.3923135680379,-112.0276784548001,-98.67280820211852,-129.7880735040715,-128.1657460720291,-108.0729152341092,-144.1892225033227,-135.736034907346,-148.8208295130157,-124.6807171093458,-134.59139463253,-91.88092804064509,-59.1618458511373,-60.3481087109454,-85.99301415350985,-56.37515454245866,-25.54143061525967,-24.67058750047532,-30.2081874294934,-20.08693132019319,-0.2444044515284189,3.069551610380893,2.570882163141409,7.043253121670435,10.36864669577507,3.060935907349378,40.1534856828201,65.24321369952915,59.29344370773842,77.55377330496246,114.6306344089613,111.0268084188457,111.1744212240603,117.8013657493885,105.1658390794073,98.73392157298578,100.8939619615481,69.05063626841635,48.59680867992343,56.28659169775161,52.76504425800124,68.29225751652324,53.05382032885457,62.4290521799776,41.11874220620409,28.71633545003215,17.59107815954986
59.27497099492031,54.5824071853945,56.9725376062538,56.2765644586181,63.26014089806756,102.2841610781202,100.0975277564745,87.79584523835827,90.7710841661917,113.1117288673267,161.1851454305718,160.1545998727584,177.6868311287029,211.1743734558494,192.4617524906173,159.2372231319598,176.1854338012634,181.3435503240311,168.7194755236275,147.4356638090847,133.1858864764842,97.64996299931613,75.17245233908875,65.24627960292293,86.00749891726939,121.0802835383394,119.0591941235573,93.88640182803751,101.202622422974,88.42547717028664,104.9429161161486,68.73715917272536,28.79877830508283,11.24185013760997,-5.723089688821645,-10.37491759019239,-47.00380705938959,-76.84924289068697,-54.59537413076902,-82.28306512814952,-61.57777488701383,-54.73446372586926,-6.517252925340677,-17.80131373090393,15.38414178892845,7.292149349060456,20.38129200199,-2.196084318842137,-4.546966547608119,-10.7545050370126,-41.14144786848586,-41.34457427104347,-38.63812670773599,-20.95410435027382,-6.916603166185578,14.66314436071573,19.44672007501143,17.6329663372377,35.54099889853,26.92474283946476,61.60524789876195,46.17621917793878,50.46482177107504,59.13180576823354,57.25910221214545,32.82102073640325,19.14203748113497,29.39910433537944,35.01184086412072,21.25897608184216,2.709184799341898,-2.041906959169209,49.26698917305876,75.66888991073033,68.54079609019878,59.97083877686933,53.81443539445573,44.72491144932481,58.72516555162949,49.9650570834259
18.06137844804766,21.15139368612243,40.43094992002754,41.13839047978502,47.87769098033011,77.92806943272815,79.00758128582413,79.1338890324454,60.41313286240894,32.30581987175776,63.8267660787747,67.29898708818838,77.98780842786238,113.7868320995438,95.30904429974929,119.4495471523829,113.0948229953345,109.2866261765332,98.22097988058744,74.7135253453976,104.5051635617243,99.03098430899607,98.298302378846,92.51309586869918,90.5791222613658,83.78806248269854,82.83971599307642,90.95245401094246,85.18026604230928,91.08162550546247,126.9865860589557,128.1056834272044,111.9864930728621,102.7589675944397,88.86915386279985,72.58500936130632,58.07576784282748,22.05330847523754,29.95278051126325,34.87677855820539,48.18437712735479,70.88624174369053,107.3413837076733,104.277568642239,101.7788703811197,62.8447519096076,78.45853175330306,78.52519393002777,52.94384520975032,14.1808941213462,-15.74031491459616,-7.241223217737052,-16.25932677076074,-20.76636641266999,-5.396180015685923,23.31357781844637,20.68300693315549,13.95699004903742,42.97663684511318,-1.154499989268187,12.93708314663068,2.148414242974274,-10.81660059023532,-34.94435042262707,-33.72911697969409,-64.32514602130554,-86.66739646009735,-69.75771470854107,-58.36260637311064,-75.99260781847595,-73.18022142843233,-59.42437068215204,-12.41645149175243,16.78654267174004,-4.704367459281072,0.9110617626555831,-11.95196995836174,-4.895732686086934,23.78333003252464,23.96852033730254
-26.17202961624697,-15.35338492294301,-1.360399355220993,-2.354170925543446,-2.686757730479704,-7.005020038119459,-8.605335190416756,3.568386555868809,-17.73913158211394,-76.62531043226349,-86.00504688456198,-83.83932691998615,-93.43726247991373,-83.63525918044506,-89.37425089292176,-30.09258034283376,-60.55153835846442,-69.30943954369327,-68.90924898118186,-81.39754448888908,-29.40983552149293,-1.026848424337999,19.23319687529901,20.81408207488771,-1.969584820098966,-41.82277113597942,-40.21219293528948,-6.210779132173673,-19.40941175959867,-1.433250461357349,25.08264459978794,61.05736865309986,80.07968888140871,85.39487308043421,88.6078811489123,71.05167677145816,88.22217594269307,76.86911600815978,64.95224515474222,102.362726407103,94.86733824782225,116.7626836251531,113.7638792246217,115.4323353901007,80.80820856212908,47.23058050206882,53.65854280565769,79.24193518022575,59.6175651143139,22.42988247601838,20.49267941240938,32.30674220418644,15.23775754833024,-10.00697863820601,-7.044872847782556,7.144711271748697,-3.381269778968763,-4.625545599170024,13.83822481170748,-27.84496336858896,-45.22231095318988,-37.47612091725876,-59.00866068387191,-92.15455797853542,-90.75077737284886,-101.1977188437673,-113.0893060034609,-106.2717680548124,-100.0704063156951,-106.45118052924,-90.38409661991136,-70.97030948461743,-74.17931876642042,-71.33261346407787,-87.80378266156221,-69.99810658126178,-76.4402266991885,-59.25839511308123,-38.36919634670458,-28.88961715673938
-53.70601563764042,-45.22636390382105,-52.01820803570843,-53.42278530656642,-57.97748513672789,-92.69679789328684,-103.4205471197678,-89.44114745868961,-89.63616693113006,-129.9863033755208,-172.6835272874978,-176.5327674011091,-202.1223934284521,-222.3204737952808,-213.3050471128545,-165.9470652234064,-198.899729054417,-203.214217249635,-192.2404887345507,-187.4184647523672,-150.7545614191518,-111.5836510864526,-85.349911138773,-76.01021675141394,-100.2826792455895,-138.2199185647638,-136.6279999615898,-101.9987082877024,-109.6748873309996,-93.14326937263814,-97.4382164952814,-58.0343056077775,-21.75238499034913,-8.378335196028665,8.133305832831759,-2.069977430064227,32.10593670886559,54.35438754900925,32.04924842763257,74.62272851255729,53.00374005117796,57.21790052603837,16.37181721452821,14.66452052535528,-23.33703450015542,-23.50254758584046,-29.14407307844463,2.964075112410226,7.868620502388582,5.480716916248691,29.27784550813,33.68586674810233,20.14271297347035,-2.206638081719206,-17.26833886282712,-29.45065084729826,-38.19609631018977,-26.31069161709831,-31.38156459132856,-37.89079516546511,-69.48305296550873,-45.4330282727753,-60.70674885482591,-74.27821485159431,-75.78696979847311,-55.25671019496529,-46.4621564112898,-50.77518286864179,-54.3123795850619,-44.04025366703864,-27.5740704941534,-18.86213765505857,-71.15958751533061,-97.58311726941176,-95.98381999397645,-77.93498876534602,-73.52657469746305,-56.89986003514728,-59.13284535767625,-47.34144531106551
-52.62650875125346,-56.57198005961566,-76.8369067301726,-74.17620443703201,-75.46583158245967,-110.8213639361137,-125.7736728625208,-121.2354297006633,-97.02772363489487,-82.06661721141147,-124.5897719713518,-132.1091110562023,-152.4949557892939,-182.455621975537,-166.158129712771,-164.3608874355971,-171.3727510323105,-166.4332623086767,-155.4576370250262,-135.8334098633929,-141.2898338233428,-122.0945604017425,-107.9473626341111,-95.15680539760845,-100.7909938629581,-107.1624680980848,-109.19484585015,-97.83082774850922,-92.27806260520208,-87.05258288296352,-118.4555823173817,-108.9817334216457,-85.52210536594498,-76.4871028638357,-64.16409624618343,-62.33345476320258,-37.24780437035566,-1.690694023135121,-17.71304663349534,-4.092750148885594,-19.43438193682862,-36.94680873635071,-85.56885378118315,-90.56606806549746,-102.7319921554372,-73.96547890147939,-85.21212986747642,-73.13153289094404,-52.59750368162557,-18.20888674188626,4.277044740583879,-4.796971063663348,-3.202733778046453,0.6342006919076303,-22.71882946220013,-53.12462657875609,-48.75332414133465,-31.07735048031864,-54.59592514536273,-24.9355580116812,-41.99535696222956,-21.54733993967091,-19.92648901898927,-5.569006551752778,-8.963567843275163,26.40662675270422,48.26119030571578,44.43758707696796,36.7297524467613,54.5041379453494,63.92290091727727,55.67844898309789,2.741976328883454,-27.23474867492306,-10.90045945227804,-6.883200711518712,1.260813421480439,8.153580185442179,-14.28269324474778,-9.102752696487176
-20.53322832762017,-35.60265919499948,-47.18569660979437,-39.16686285671119,-35.21341631054924,-41.81112802490207,-45.6871704375077,-53.68748281266605,-27.6937525294302,33.39022370456125,23.55251495592129,20.12884198653943,25.19344694623056,9.852932032504125,22.82028179360548,-17.1707996051247,11.69873963045995,21.07006671536156,22.58289615483105,46.57358769960031,2.142670320796549,-12.21866003081297,-19.20499191903114,-11.49338284447748,5.361082948855948,31.38948899654788,25.97708410345079,8.255946534737024,22.26772721315523,15.33116426958497,-17.67329016814334,-44.93357286412549,-51.55306113101203,-53.23990812264466,-58.83188361344526,-45.37643424865355,-46.58084503648175,-28.18359487873428,-26.79085226403151,-54.97296842219566,-50.15838905517005,-77.00057277003002,-97.22991739168229,-96.37083899591428,-75.98186965184679,-47.76083881776985,-55.53074940207507,-74.74227262664884,-62.7665524117701,-22.76806625417886,-24.65858478342423,-41.56363063996446,-23.48353904026397,5.553695511689567,-7.169629482914728,-32.80345276000585,-15.05775697058803,-9.893481948028787,-33.22135804057059,4.067754550024093,15.44037203506707,11.61776216610866,29.06026901255386,54.98107900380137,54.23514692847053,73.98940296093519,89.82923802287068,94.45982842317267,91.17871929086284,100.4794190642669,101.8738095486817,84.45180804007688,80.9223328734071,76.71541080870594,92.78584889986124,77.44242372379372,79.55988550960573,73.09168642802311,48.0939329505771,43.33821503465946
28.59826340260695,15.37125942988086,26.09306249684489,33.51638300827879,36.47884985697208,62.40386782169263,79.86845726819715,66.29267813800516,66.64124908881261,124.3955816707811,153.1237212523391,159.1289971478013,189.3526016133978,196.8656214371846,198.9742474683468,150.9493859359998,195.2453515637369,199.6466452547995,192.3763324624507,206.2266899261143,154.6499438210494,120.1486363501733,97.28742239989482,92.49660103093635,116.7990497317913,150.6022775151942,146.9630415056618,114.6583771748205,124.4588794409603,111.2699919376443,102.653731627234,63.81918272196488,34.89556642962615,27.44831423434741,7.911078917356583,26.37331967781493,2.225059991247886,-10.11152928460229,6.473643421094895,-43.05442715911126,-24.07938471291821,-40.25559183742949,-16.88971588724115,-4.401718526067518,30.04310322347612,33.13354020046027,33.24776813510402,-2.257266581701443,-11.95729478260003,-2.107447759007658,-24.45237389928651,-35.23024955402181,-12.90247466963561,15.10595412556249,25.36403912965836,24.70769005399336,41.41128703116041,23.55135651399834,17.88191005808485,31.77789510116963,58.90013143915015,29.9619797816617,51.12885574936459,65.17807107909518,69.78523494176653,56.08999791821886,51.9793824322874,59.10957677400503,62.31196132068577,54.48285745508964,48.87633396380618,36.54117502691993,86.15055440797899,112.6292695519387,115.4050692496422,90.36810295505354,84.61626433611771,68.18914305902263,58.84137855591392,49.026532555869
64.1850874550252,65.38504071139229,88.8737498821245,86.73660589836055,82.42086141974731,117.0637029241934,146.5843569302821,138.1987366099176,108.6410753255747,114.4598820685009,157.5689308976604,169.6320359904753,201.4845525807884,220.6987239804946,210.8545182952346,189.4915087468284,213.0856979030544,208.2226440444539,201.0423026084379,193.9333756410249,173.7153653146207,146.9090694369208,123.7211940428237,107.3915656253135,118.7716518977081,133.8806854049976,137.2751566367241,112.9928932082785,109.639670216618,97.48220137079539,118.7655722436946,102.9491453341399,75.84185401885928,72.40764188068937,57.55124911160851,69.7792768374196,41.87925390302625,12.37064976678086,31.31744821051013,-1.017511753503395,13.25488367841975,20.42372640434143,70.2335154776295,86.12633340118546,108.1852378044688,88.56101947764402,94.31065532568216,71.82678761997796,51.43015621990794,23.33889220728295,6.085399676943003,11.8069869021063,20.86446594751945,20.62659950598207,47.76911986127233,73.09847010928887,71.25368686959465,42.06516774679906,57.01988922102732,40.53182605707912,57.25879369309509,26.07686958868826,36.29371710958033,29.28581136525714,35.92116025680251,0.4112887421791558,-20.06958910847225,-23.12741145686445,-19.40662603570276,-37.52751153926499,-49.16746334728477,-47.25790563909609,9.174764388151642,42.25888476022504,30.91145341478228,15.27964903626624,9.089377983391467,-7.995499218153087,3.837520294209267,-2.905052245530556
56.86617816013682,72.188641191112,84.83403122139804,70.89428743084578,62.17005635461484,76.36714519239983,92.8315164132618,95.56686309397018,61.86555883070061,9.440820304070625,33.49053510324097,41.44460512675703,46.82072590427305,60.7405379397038,44.65977492762708,60.35489803936863,41.98349208998614,32.83467491398638,32.5991119625288,6.189857335326944,34.01671313894036,34.031914518854,26.08659667645052,9.531438221666072,-0.3285846552176139,-11.22439963754632,-1.703563889720714,-3.350231279659894,-17.25029071001608,-23.0227823232311,9.938114972266419,30.39050421540478,25.34326929382038,29.13105440975407,34.74406447947035,31.33057626294736,19.25799866440227,-1.21407448308692,6.915132173902067,17.58885198249434,14.9250678127928,40.91936124556531,80.43658868445175,82.92300437806048,79.00253920406445,60.01812779359985,66.09232984776629,75.08154735847772,66.56492883050056,27.13724529340898,34.81008602011106,53.8843812507841,41.16043697445976,11.02085086334524,33.86281335202829,65.56597451500089,42.16651046185938,28.30882170846883,50.80535336844062,23.67244648023145,15.33651369620651,9.859589548947804,2.138149450640209,-15.38644386281032,-13.79925199070054,-39.69956579300003,-58.39337228157293,-74.75668259445766,-76.61320166252406,-88.36752260480118,-102.5721003657531,-88.71542869353185,-77.7439212684138,-68.63701226840594,-83.58288610386492,-75.87864089684604,-74.43810007111566,-81.29089210965498,-58.21770019457269,-58.03800126373402
5.147200580557532,21.22581854544013,9.044598717003351,-6.980358428689581,-9.610724938824927,-25.0014899772912,-40.54157514827973,-29.59533570427278,-34.49165965989781,-103.1480478024694,-114.0546200096703,-118.2396960204736,-147.0935680396972,-146.0442222336364,-158.3495248161855,-122.4756936562406,-169.5523486014578,-174.1743207493239,-169.6738978279325,-198.8345294493064,-142.3548329487396,-118.963194510524,-106.189159292413,-108.9317130277448,-130.1797156266252,-153.6869297127554,-145.9821116429627,-126.5767453650672,-139.4832529859599,-135.9722264555217,-117.2506240180081,-80.2269271192079,-61.6290364411344,-57.71183885710565,-34.34545914725803,-53.0010477443618,-42.85865858300139,-39.38307032382779,-46.33250270784582,-0.6336794573057559,-14.45037835538961,11.41981588499011,11.58242664533906,-6.900342177087203,-29.99968913764636,-29.75862616011868,-26.98843888442868,5.101159999324201,18.6659226921901,3.679997053467174,29.34031543316611,46.56979327863932,20.71694587166829,-12.57732967577118,-13.29236965094853,0.0001672267359710531,-27.1360333804604,-8.989062284190034,3.053407563490629,-9.554353364643324,-33.05272388630143,-5.245167823048718,-25.34993803187441,-36.09385072799892,-43.01436083166526,-36.40539356484574,-36.58996583247728,-53.04560466675991,-58.74667578246749,-52.78163516519891,-61.72957341116552,-46.90567368946515,-90.34882310965612,-114.2180208859965,-120.5074139357404,-93.17751081176155,-84.51452004114329,-75.39582775187039,-57.98919512062643,-53.84043995207179
-55.36454938129582,-52.39102603604749,-79.21104285233898,-82.16941563973791,-72.52561610701879,-100.8663405682057,-140.7005964110999,-130.1963174633196,-98.1003796281056,-127.3441350233401,-161.0315799433851,-175.380449213938,-216.8741196359964,-223.7415314016974,-223.4267561186458,-194.2769058538763,-232.0265202623149,-228.4510025411471,-226.8428415823215,-236.7819108108744,-194.5513549693964,-168.1193226157535,-142.9789965552062,-127.4762370321244,-141.755716147473,-158.8931755504101,-161.2799753211793,-134.8988578678329,-136.3118918344433,-123.7269053030171,-132.0247735056458,-112.8798566479834,-86.66347791283999,-91.40680099000566,-70.37235670613097,-92.03812941002309,-69.00110970595834,-48.92223052540587,-64.66676119676677,-19.49853070512715,-28.71505150943192,-22.555068662541,-61.73759921764311,-88.16694885251962,-112.1387180819905,-97.01039686933639,-97.78710080390398,-70.01726770198138,-47.22859250365511,-25.69427948891897,-9.081836171538779,-8.527734612108018,-27.59889198806519,-33.27249414987526,-58.27899486309814,-73.40044598757991,-79.18768972278779,-41.22086518398272,-48.01864690801832,-39.02161432752178,-53.84483935909132,-14.26716416539286,-32.61932494671805,-29.31107857749034,-39.63724317537224,-7.16992663848148,11.41816641258621,12.85975241323602,11.42249972152982,30.2000676785664,34.5445980572381,39.33355769041336,-16.80102969896021,-53.10498483515034,-46.43715819048038,-19.94681552342328,-12.90170316506304,7.527904394791115,7.860077964008847,10.8851281087096
-76.01247359995655,-87.6813605688578,-103.9974275635812,-87.51020899310575,-72.94272471073339,-89.2296530075306,-121.3951740214264,-118.8234036627773,-76.48774250955208,-42.95077391687678,-71.99543020415071,-85.27083182681166,-104.8723628112806,-111.175585519357,-96.97686033421205,-91.12255143331654,-88.54738561704131,-81.30760765900592,-85.83646772911584,-66.20491770079951,-72.22263170420597,-61.87606378556669,-41.34244212140004,-18.58331781759489,-15.09498152436099,-16.77189255301458,-29.27618992806651,-11.96144285834548,-0.7651054866745078,15.63782307000105,-10.84658987887792,-27.08348418884308,-13.02031883066412,-24.95603814364304,-26.11634309057742,-34.65613990186268,-15.37443724380318,1.839022035564025,-11.74564093645765,-1.812807038243488,1.548926143085284,-17.37939305200931,-67.04133257401647,-77.16203142072081,-87.11704131350876,-77.26051245607532,-80.01497220654996,-78.71964363006158,-69.63872742350907,-33.16096749951192,-45.01066266211978,-62.65215783829158,-59.70220565492653,-31.75263056985754,-61.68000021143532,-92.55099165861023,-67.80358326576683,-43.22402176311666,-61.56652046542987,-45.55669518518143,-37.43456591049974,-19.44140579151534,-23.3165924295765,-13.2106494091857,-16.86931828496396,11.40150660731401,32.11111812826421,55.21084021977568,62.77559335425121,77.06311087454297,95.03964165455446,86.60310542285704,69.50201216727378,52.27635515520847,65.78946841445749,69.58913264515991,66.87908336731661,84.92329992822178,69.51234801970134,70.33718097534756
-36.45939934340793,-51.44614216281657,-41.23113246526295,-16.34057855587137,-12.38149117960399,-5.966524001809332,-0.7072312861205632,-7.244731456831336,6.551452405789584,75.32185716628942,70.46869956902566,69.53086573282887,90.19247212821628,87.02915177716577,106.1726818294101,90.43157299380276,130.9455956221956,134.6762795513928,129.6758729397295,166.6181528929383,115.3071331631512,105.6919067945657,107.249756903558,118.5603950759067,134.8206136133862,144.6580123426102,132.0183695743988,131.3907769404897,146.6840113989778,156.6356410345061,133.212380214803,97.23244819717124,90.34477838980192,84.2421914934128,59.6349617291701,71.48069065131254,74.8657138882926,76.60208547500002,73.06364210804043,41.1627487660559,49.62072782353101,19.10973274618408,-4.716034570962132,13.85198659021678,20.92316722234851,12.84914434083153,9.521491666337036,-13.97470897927352,-28.52658827109841,-10.9930655744156,-42.31863820194119,-64.29281346795527,-41.45440516418937,-4.607759128365293,-15.45337420728598,-37.49945817879885,-0.257421415881277,-13.34584053281564,-27.26235951482606,-22.66123737232402,-0.4585210466378834,-20.42685899552592,-7.471622781534266,-2.316805604519727,5.924791615398839,4.484454608740288,8.599385995949904,36.1331648231311,46.96099221459184,42.94022863509947,63.7810278923417,48.57623140828812,83.63027540727268,100.3795393788274,109.7616745387146,85.93179465602168,74.78706672795866,76.82106153616421,57.41451407707694,59.36104313909338
33.89048941120382,28.18318060058024,56.31250492386365,68.17162507617614,54.09411810949953,72.66521071638137,114.9876838253012,104.5706081520528,74.86703879876201,123.8020184001194,141.5797939868243,154.4651062540546,200.5971848874811,197.3021893608353,207.2702662458004,183.4189752099982,228.3250865210406,226.3373268344288,229.1328191275967,255.3193343201697,198.5780535802874,179.8442606100424,160.705536443045,150.0902086716269,164.24520483631,176.4632231913809,175.5914645894311,158.467284048702,166.6451065273765,160.5591184759946,156.4641569601886,134.9954944374232,114.2163115629027,125.481508212597,97.12569113184337,121.0130512432163,108.0173593319057,97.69874472816912,105.0400521221892,57.02533212805356,58.00957727333566,38.7504191874527,57.91155734124754,91.47547446913936,108.5782806882267,91.63825403875758,88.78090856499841,62.47522347468315,37.42192265920847,21.45601775676813,0.6238490166135744,-7.519549257600945,17.2541217466525,30.0805966297726,47.18328639361925,50.28349653912859,67.93810190317436,26.18213478214199,27.57633332717227,18.23641569441365,31.7121367685402,-10.74585909182734,9.4872156037256,6.034477507905006,20.05920630619949,-8.460451608408313,-24.75547917722111,-17.17849929418049,-14.89128472361951,-34.20200595541753,-25.88414108862658,-36.64258461877731,14.96437769509063,51.70731789470989,49.67977178182584,15.86047106448117,6.371369653570498,-10.23577064607933,-20.53791961419366,-15.58727292245072
77.56717651789283,83.50685731509095,104.2043516082909,89.87650803302834,68.74835652815905,81.09836410170485,127.1032149854511,120.2500851354236,71.23826535746882,62.68431292591414,86.19691978159376,102.9259651832601,137.2345249308021,132.3112717999449,124.4235344868135,106.2530105811587,119.5139082414845,115.8867332271765,126.9360199120474,120.3873965587816,104.1689713665077,90.32132855010792,63.21504979426542,38.49667454876552,39.41087672563328,47.96418082512361,61.37398097432731,37.41198118073442,32.56630519894843,10.67681943989731,26.15681146503608,39.94203587086573,21.23866155288333,44.94939962483479,37.12187472925236,55.10619194691999,35.7580137481259,25.64011061698786,38.75763203494093,11.37657484297289,3.19128981607575,10.19104378356078,58.03112639672267,77.22602972606661,94.26537659719362,89.37908451240341,88.45203804067536,80.61297533422108,68.6153939035507,36.12900028080684,47.80073532913759,60.76702643518041,68.38256290315164,45.97096792790338,77.40148065331799,101.2020102417931,81.20073759524114,47.15798411205276,60.93947956462732,52.27902070663792,42.96533932008586,12.75966557950387,25.83113797182289,20.48293830488045,27.14501073724509,-0.6914215619917137,-22.67875564971396,-44.26209676643944,-55.90128864959217,-72.79846115350928,-84.75382253512335,-83.14823001494263,-63.11464251748305,-36.63870979118097,-48.39552471385147,-65.07879561511979,-63.66857231747814,-87.12553295203899,-82.65799408015165,-78.97841113738522
57.75430311981631,67.29367925131743,62.04649928697574,30.5566868514726,23.37878763118602,21.59607310505523,32.01446140812517,33.27090526394242,7.886549003456527,-49.2127009432353,-35.88770248234243,-28.66015687986492,-35.42524616240549,-37.02507072837884,-57.99695058318773,-63.14181539523255,-90.19877623310718,-90.91055316778875,-81.54965257686426,-117.3107297700308,-78.96694431174272,-81.36851985634493,-97.56992056776312,-116.0587528122578,-126.9406525912313,-123.6342218529457,-106.5451742798612,-124.1492063706044,-139.0323795499168,-162.7013374347608,-140.9281808846692,-104.4916332719246,-108.4385837717277,-93.42945561240002,-72.86027460295358,-74.07463128436537,-86.70255641013877,-89.03354033988867,-77.49049777002223,-65.16658009185284,-70.67386729248965,-42.09255976773832,-0.5659363713720086,-14.00067733854508,-5.064415344130285,11.5132493490258,13.93991176563368,27.0737970684255,39.5046095913811,21.44806128367713,57.36705257517629,81.3503247713747,66.90721292244824,29.40105084931365,50.30172938826216,74.74203355520616,31.03298666285715,35.80576838267653,48.73477194206404,54.76202392150159,31.35748555247943,38.16663793690855,35.23688658382062,36.04396500949011,27.52074534346025,26.56404887162837,18.86774529156516,-16.07950877097641,-33.08874071083888,-31.51492519483998,-56.45642084769758,-43.60024380509488,-70.09036526026179,-75.08020749459205,-87.35607087668181,-72.41935906929643,-60.7809851259731,-73.25146182968714,-58.47500278577044,-63.18958063487221
-8.974535192912185,-4.394877773897943,-30.4953810881953,-53.07366943419429,-36.15157059678975,-44.59807646433995,-80.52349335497696,-72.28724565353558,-50.6697608620514,-110.0353487473991,-110.9357377373892,-118.9046309977996,-162.8499122406421,-154.7203514425857,-172.9444623029823,-164.3709056565232,-207.5189661917192,-205.9622048738944,-209.3968542365765,-246.3366112302607,-184.3767120286658,-177.7042440154703,-171.1204444227812,-167.9124645933054,-179.5733763597046,-181.9089961902604,-176.3727686211367,-176.6950013797615,-191.915329039399,-197.7311603147021,-184.9314281463998,-160.3888908757805,-148.4697023571269,-160.7512417936406,-127.587415080568,-146.2461001868231,-144.5801507891093,-141.6511004238765,-137.8636188212667,-97.67715704137717,-89.53667138079408,-60.78116560377749,-55.5868803433636,-90.95545641565037,-94.33817722633711,-70.37885153852187,-65.19007607623425,-46.38244433671839,-20.99288757065146,-9.122832173923316,18.92387625980569,34.37027447749793,10.29640801783079,-9.546128791970652,-15.04465178950638,-8.254384526223465,-39.46579320013795,0.6004341920441424,1.3229801168748,18.12829127500519,3.81436644373294,41.83125434326715,25.88798882727467,32.57193285790666,15.12048972290598,40.84057687049013,54.43933814854002,34.4135921377602,28.02453698541985,47.10951729462614,26.8878427996089,41.50388774890129,-2.105542621540794,-34.15944906749979,-37.11422980248893,-1.501750047861756,10.17429594604526,18.2873478666793,33.04616418556401,19.09644002277558
-66.28000443172796,-67.29495086821001,-90.90450150998186,-83.3703569840665,-55.6145806817435,-59.28790847718804,-112.9648929987369,-103.605222431144,-52.60619613202036,-68.80811579778083,-78.25970870413762,-94.89261580448618,-140.9535684076361,-124.8496278761335,-125.7058413224939,-107.4767300702777,-131.7065118416346,-132.3957609609687,-148.7155462100515,-156.824116962062,-122.4085980116078,-112.4090636825116,-86.92961252556728,-64.95764968757716,-67.63277161953017,-76.05748780434479,-88.09482313275849,-68.66546767824546,-73.70541690404411,-52.97913271615946,-55.98318686826259,-67.37107852751464,-49.3389324375067,-84.21475789885308,-65.10089444423586,-86.56305780315361,-72.92656707081235,-71.13047490726142,-77.73811071842856,-41.1426597438245,-24.46455683114105,-17.53887925496065,-52.02429593834183,-78.52921827247462,-93.64628685862304,-87.16446119676077,-82.83637161646902,-74.65523667795958,-59.52736916631434,-30.96299743556779,-37.20955946506421,-43.29596055975755,-58.3151920372018,-44.27472550340232,-70.78825604912238,-83.99539346342944,-74.9178107486692,-35.35885362680053,-46.36685030362429,-38.18205387208324,-28.32947099130127,9.937694034277794,-6.861746643794782,-2.704819551721602,-13.08205833015102,13.45838405819893,35.8968226840818,47.6137528145538,59.87776630476874,78.94807110559046,78.20625081218249,83.60142819316259,64.94924493779159,31.16742136952258,40.44219309210128,68.39138616566451,69.84739155896209,91.77209139760186,97.62478231118745,84.55904771020128
-66.70865035813746,-67.89365353492818,-69.01015373982752,-35.07468555796034,-22.86975968269522,-19.96815818965604,-46.8977238097412,-43.07264019939392,-6.246942099500414,30.18460386187808,18.56952663859579,6.450859094009659,-3.785383243121824,7.844730706615793,25.4358189090834,45.20489069078811,56.49132631901675,51.90875591793879,35.82490324842615,63.04963883054764,41.58103588083851,50.67338905142719,77.53876644866951,99.62908239268036,106.2441743507437,94.04800504133368,74.05693772540532,103.4481745611338,113.4160120770037,147.6383093171547,132.9665799972614,95.26822495203042,106.7442453956353,77.95942427614676,67.4523564487409,58.48828600971496,74.08989085483172,73.23824166762775,58.80001777909681,65.80924762848379,72.49896513447392,52.10852784486802,3.348516807014393,8.706902309360462,-11.36889733470479,-32.70835428267429,-33.5829537365331,-38.57012004480099,-46.95485018630433,-29.42237521251677,-65.81347848086382,-88.90365367742825,-85.05862529871682,-50.57562983373408,-76.8311865561015,-96.91783905355537,-53.16360738005128,-49.40761433975096,-60.8804991982168,-75.37782045829275,-49.4682490629419,-41.05554919009867,-46.80621611741027,-52.08069730343092,-44.35160985022884,-43.10234925127047,-32.33409892436421,2.290911972188672,24.13205967599793,25.41800458117459,44.76413850835246,36.79573615519519,56.81529375646058,47.15845578607743,61.90005928785214,59.41156005805721,49.69740290991449,67.85493934841773,62.47148869388577,64.16194659787072
-12.18552310829819,-10.796074098968,9.915238465300632,42.49484436725405,24.92023306183557,25.98339727885504,48.32730177343041,43.72179578943678,34.94043399320208,92.79331860469641,81.61710118112583,83.04337340933901,117.9235565281703,111.8444466328448,133.993233347902,144.4370957194539,178.1569053644789,174.5773634040795,173.8510708518152,213.5472964516175,155.0839471205901,160.6277681509542,169.7595461624071,174.0707798993933,182.1346374050758,173.2377638122698,162.8083551248072,183.2096649077324,203.3033246770549,223.5199917354966,207.5349829313587,178.4897188876839,176.639894921936,182.6291338920917,150.5416041766593,158.6595537850587,165.7236857810486,166.4256287072611,152.0617200772122,127.4553480236056,112.136025044434,80.00167039825753,52.37395757724132,84.01658402067766,70.93744473612027,38.31416081686226,31.59291286605598,23.48511531267331,0.04849532919557387,-8.930238521664915,-43.98939792361723,-65.32780742101171,-48.07845652123907,-22.88237485957604,-29.32531299387411,-40.62094547618157,2.223917390829619,-32.03461950638024,-32.73167855983822,-60.88718406088567,-43.12247065114041,-69.74239494170837,-61.60029545111676,-73.14961417135459,-52.76894699736843,-77.79187585191994,-88.37555049546907,-57.77503758986954,-45.46894600139497,-63.14440072725743,-37.4285977538591,-52.68637661757793,-18.69177268795119,2.73401771006036,11.13381162496619,-20.08019481167458,-32.10968273709476,-31.31638607460523,-43.53211260837799,-23.63244136160026
49.15250088365573,48.87142571313085,72.2967637009846,74.7553389396585,41.17339524791041,34.05386543097857,86.96330195160621,77.08694584891155,30.45053937026695,64.83781430312064,56.34614259168332,69.29158213192886,121.5519144411585,97.94232484831332,107.1205348532279,99.77001235341902,127.2901367818427,131.3143144279979,148.6625204709337,168.1708957750129,122.6335954037282,121.8092028563016,106.0858799144213,90.63201356524721,92.57599931132276,94.89863901899446,103.7947307445597,98.60351783631951,115.58707952529,102.2888464640945,94.57691874191197,101.9825841260574,89.58004363579698,130.6646219832311,101.8177545960722,119.3268025332877,114.0524700069656,119.1846161186086,114.8561679415562,79.38116779917476,52.66360982455259,33.41908202104409,46.60313894579579,76.13604879526224,80.81737451592886,66.52106140949311,59.03581434601458,56.93505995860873,40.00018013012655,14.78279803673237,11.60082495370743,9.81080920257277,26.26143115532887,22.33895120667099,38.72030007544947,41.728066745183,47.86848582455794,7.932645070458006,18.63857928824715,3.604032711743788,-4.33499110273497,-43.64383591889626,-29.1799448489969,-35.72066176933026,-21.07726229597337,-47.40541150472438,-69.32551297369159,-65.81530140976385,-74.72213077352704,-94.79849124400921,-80.37484542998982,-91.21360491466704,-78.14353815405792,-41.90467440175264,-47.4782562885939,-82.38464903050846,-86.51926751640504,-101.6917698625644,-113.3163665134046,-89.09619740791189
65.75514499517355,58.51433214030232,65.24142563378909,33.649963178151,15.08159418277353,5.659486224884695,45.31432051710757,37.50183470241964,-7.470992345332526,-19.91488115177801,-19.86955906651132,-6.11010274800343,21.00753498160595,-2.756844203979423,-13.2022356554681,-36.96774132189157,-35.0602669524462,-23.89424693008325,-1.784940082595826,-17.00047386581372,-11.9264480319822,-20.90108223029662,-51.09178142595805,-71.9742571350867,-76.49270463232298,-61.92646647477846,-41.03363020477812,-72.29199535447964,-72.20428688616735,-111.4951534862845,-107.0138609946048,-68.89919316483787,-82.73189444216615,-39.3721152876705,-43.20213727273074,-28.55649000058232,-41.17074686911162,-35.4795353304784,-24.43829068271236,-44.87850794826541,-56.88114271276628,-48.78634467506634,-4.859926427325085,-2.297260662244997,20.56293789944938,39.74249486873719,38.71995752507562,40.90171192262553,45.03595643881247,28.19980550846143,59.42342964489402,79.18311795930681,84.1208220412544,56.58471746960548,81.68942102957024,92.57935807915018,56.47995684273653,46.88011691987756,58.40019821264724,75.41189171248831,47.75156361565261,26.24619818410367,35.87405862386645,42.68265128025411,36.92091577647624,35.73969273117478,22.76265441999481,-2.499134154857437,-25.56821133080062,-29.52032774944607,-35.59731925271166,-33.88933253836318,-51.2935348619852,-27.16690070607406,-43.30393786639905,-54.02699443266818,-47.78740980461801,-64.97296961944313,-69.96007010503607,-62.95703521899399
26.4703968819666,15.21450375809562,2.005831660086845,-37.62222878903629,-21.90913756972384,-20.45287587429834,-25.80023331070745,-25.34090301986636,-31.7145159768668,-77.25076620464483,-62.99914746578114,-58.72825430072402,-79.2029537998576,-81.56464673338027,-102.3262981721083,-128.5113954708678,-148.8235341236967,-140.3461922773894,-131.7611869373944,-166.6012552357099,-117.7363266873505,-131.7051559731498,-155.2501836353843,-164.6121429775901,-169.493427216674,-152.0525677198748,-137.5535186200165,-174.7521735974549,-195.1131003248155,-228.9095253982854,-215.3736092163989,-181.0904740693354,-187.6802246189346,-181.1631350081202,-157.6775948419505,-153.7643019843151,-164.3412219931289,-165.2158646873756,-143.9655099162343,-137.3011186850111,-118.9109645728854,-90.35291882133009,-47.839392545827,-71.79115992890333,-44.55267890517376,-6.318757905339556,1.563568400661257,-0.2935092702372203,19.82460780702911,26.42595104360204,65.0335670651715,90.3674535664105,83.53259236415032,56.10343774486429,71.23470107829296,80.22180877277349,31.31934273608648,58.2963720763321,58.83929594082863,97.65952193282989,74.8402793963072,85.73913683593105,84.79718667994598,101.0458623033923,78.52764774209061,104.4549760599778,112.0409674115285,77.42827677039111,59.96176325115552,75.12113214446227,53.26299271398159,65.67465441166387,40.45857245462968,34.4873542740848,20.57138074333966,42.07280101648354,52.07757918955515,46.25650156365614,50.03540591816973,30.2711647779707
-32.26143086553458,-35.95709313463511,-55.62608976633832,-69.00647472987303,-31.31703929622172,-14.36945857058265,-58.44593921096118,-49.70525049389849,-13.80509052496837,-55.65101316505704,-31.12765459027257,-38.32384902538787,-90.0502265960604,-65.11508553505671,-79.43101134778591,-88.95088862424201,-112.2022209725466,-116.9346636531438,-129.3937293720771,-153.7801253077937,-105.1196591453665,-115.0473298286985,-114.7862780214625,-107.4776860922245,-107.1134374858379,-100.4397634261136,-105.3429508318337,-119.8177510937107,-148.2158204018555,-146.6316777016114,-132.4059336817359,-133.538867330974,-129.925888611537,-169.6022410212565,-136.6457383588479,-143.7222694063968,-145.7613339234289,-154.8122581552041,-137.984078324677,-112.4290140915401,-77.08091029319012,-50.40364392704571,-40.00383839600724,-67.26681258143788,-56.07322140234492,-30.8893038739634,-20.10090958999387,-28.39039804707945,-11.27749407119507,11.01788492600588,24.79878355545111,34.50544916676346,23.24030704727866,16.89725534918529,12.95764072887923,15.93757630685007,-6.226406677859845,29.59064368953194,17.5910572045712,44.51914806398391,47.37188983499293,79.91211137349339,71.69931595788654,83.35846126375417,64.11148258781328,92.34251684452694,112.8028060044781,93.59764259426973,96.357961349021,115.7181759520633,92.58633621623481,105.6912335861196,100.9630065073283,68.77093617439388,69.23722872458036,105.1234548414899,110.1166691075385,117.2039744778256,127.685513009378,94.87439632080591
-59.852891469182,-47.31992447479782,-57.03273558730767,-31.82150679477181,-6.391073728104611,13.05672223195247,-32.34944972300686,-22.10030619969221,25.22916964875182,16.96117779324837,34.9689263026608,23.18214045528662,-17.75667368770951,16.50154602947341,18.70941324546956,35.49662928205593,26.36459615663211,9.173343239949203,-14.8150465762865,-10.43864536750019,-3.278862221004248,-0.1573302084005787,24.66107600466879,39.72173459343441,44.63921734777483,34.19439442933208,14.20799904826369,37.23841948557973,22.8128910726952,61.01268335964932,66.79457859802601,30.84308619015325,41.27089468556373,-12.74820401442138,5.868210502515252,-7.379828911469772,-1.431765293252665,-11.2019949291506,-13.10935653469861,11.58465055742624,31.19341267591519,36.06299469576199,7.308819844672212,-0.1370952677909285,-16.37096228032585,-25.93092112726414,-22.3989051825913,-28.24125338571922,-29.17811099658539,-12.8204558488791,-33.76088988740005,-48.44787899314524,-56.96876254222622,-39.8154551637142,-57.47367795227121,-57.94577653547348,-36.40036874554634,-25.38297990383433,-39.16389883304713,-51.22184967233701,-24.61157451155231,4.121988618794302,-3.387584541331526,-8.064156993551389,-5.555699363922269,-2.863674022347583,11.06905561812628,19.73042500341681,39.36377964619027,44.91403015756995,35.12027341090441,39.141908980747,58.39745933725787,23.30376488375213,39.01628432017291,60.71260235667883,57.76295592677102,68.28281753878883,80.29431543009322,61.80050433443866
-34.88643136897515,-12.51039462330305,-6.903813012432749,35.58847732857657,24.14341450558973,25.59410122456364,15.01594141098542,18.31853928904102,38.94819964326654,65.90912093208115,58.93427825462704,51.81723908050652,55.05788825926642,69.87831332257353,84.70087132748708,118.0835394294953,125.561608535704,110.1357785945382,92.9635700503494,118.2465139702377,81.30946223776638,97.64297954916877,130.0715944363306,140.0858327307017,143.5420922818157,123.3039618585446,106.1553355381378,152.550802000821,166.9662313658056,210.7850069820252,203.8374990126698,165.3221872939825,176.0648695001557,154.4976230049909,146.189994433155,133.0860130649302,141.3514494372955,140.6071682480441,118.3000362588956,126.1138478277841,109.2513010903864,90.05238185856361,43.56950953360145,58.64133322111878,24.00033955326235,-12.82193062886079,-21.43160380041827,-13.95469920501136,-30.84523840300994,-34.93624861946254,-71.51286585281123,-98.95702515987011,-102.2826203459769,-76.82595533461793,-94.74990350722273,-95.56506665855434,-48.74351124161042,-69.89284032703978,-71.96072426288947,-116.4932906830783,-89.11116401768865,-84.11914645976474,-85.97756772371517,-104.9911736923323,-81.53747047588304,-108.2979800316169,-113.5026817199626,-83.90571758629757,-64.7631678786833,-76.92790256434532,-67.39260162601813,-74.3193883944796,-54.75305796362692,-66.35776464753174,-47.73652561540419,-56.36869832953372,-62.74540567485059,-58.36068107750754,-51.24196123296509,-38.17956802073665
